{"type": "FeatureCollection", "features": [{"type": "Feature", "geometry": {"type": "MultiPolygon", "coordinates": [[[[174.1121, -35.2042], [174.1121, -35.2042], [174.1121, -35.2041], [174.1121, -35.2042]]], [[[174.1051, -35.2063], [174.105, -35.2063], [174.1051, -35.2063], [174.1051, -35.2063]]], [[[174.112, -35.2044], [174.112, -35.2043], [174.112, -35.2043], [174.112, -35.2044]]], [[[174.1119, -35.2046], [174.1119, -35.2045], [174.112, -35.2046], [174.1119, -35.2046]]], [[[174.1124, -35.2043], [174.1124, -35.2042], [174.1124, -35.2042], [174.1124, -35.2043]]], [[[174.1052, -35.2065], [174.1051, -35.2065], [174.1051, -35.2065], [174.1052, -35.2065]]], [[[174.0969, -35.2053], [174.0969, -35.2053], [174.0969, -35.2052], [174.0969, -35.2053]]], [[[174.4954, -35.6381], [174.4954, -35.638], [174.4954, -35.638], [174.4954, -35.6381]]], [[[174.1119, -35.2048], [174.1118, -35.2047], [174.1119, -35.2047], [174.1119, -35.2048]]], [[[174.0966, -35.2051], [174.0965, -35.205], [174.0966, -35.205], [174.0966, -35.2051]]], [[[174.1124, -35.2045], [174.1123, -35.2044], [174.1124, -35.2044], [174.1124, -35.2045]]], [[[174.4458, -35.4213], [174.4457, -35.4213], [174.4457, -35.4212], [174.4458, -35.4213]]], [[[174.0969, -35.2051], [174.0968, -35.205], [174.0969, -35.2051], [174.0969, -35.2051]]], [[[174.0967, -35.2053], [174.0966, -35.2052], [174.0967, -35.2052], [174.0967, -35.2053]]], [[[174.097, -35.2051], [174.097, -35.205], [174.0971, -35.2051], [174.097, -35.2051]]], [[[174.447, -35.4213], [174.4468, -35.4212], [174.4469, -35.4212], [174.447, -35.4213]]], [[[174.0967, -35.2054], [174.0966, -35.2053], [174.0967, -35.2054], [174.0967, -35.2054]]], [[[174.0924, -35.2065], [174.0923, -35.2065], [174.0924, -35.2064], [174.0924, -35.2065]]], [[[174.446, -35.4216], [174.4459, -35.4217], [174.4458, -35.4216], [174.446, -35.4216]]], [[[174.4472, -35.4218], [174.4471, -35.4217], [174.4473, -35.4218], [174.4472, -35.4218]]], [[[174.4465, -35.4219], [174.4464, -35.4219], [174.4465, -35.4219], [174.4465, -35.4219]]], [[[174.4475, -35.4215], [174.4473, -35.4215], [174.4475, -35.4214], [174.4475, -35.4215]]], [[[174.0972, -35.2053], [174.0971, -35.2052], [174.0972, -35.2052], [174.0972, -35.2053]]], [[[174.1074, -35.2106], [174.1073, -35.2105], [174.1074, -35.2106], [174.1074, -35.2106]]], [[[174.0867, -35.2072], [174.0867, -35.2071], [174.0868, -35.2071], [174.0867, -35.2072]]], [[[174.4453, -35.421], [174.4452, -35.421], [174.445, -35.4209], [174.4453, -35.421]]], [[[174.0762, -35.2043], [174.0762, -35.2042], [174.0762, -35.2043], [174.0762, -35.2043]]], [[[174.4466, -35.4216], [174.4464, -35.4216], [174.4465, -35.4215], [174.4466, -35.4216]]], [[[174.0753, -35.2081], [174.0753, -35.208], [174.0754, -35.208], [174.0753, -35.2081]]], [[[174.447, -35.4217], [174.4468, -35.4216], [174.447, -35.4216], [174.447, -35.4217]]], [[[174.4558, -35.4745], [174.4557, -35.4745], [174.4558, -35.4744], [174.4558, -35.4745]]], [[[174.0861, -35.2072], [174.086, -35.2071], [174.0862, -35.2071], [174.0861, -35.2072]]], [[[174.4438, -35.4635], [174.4436, -35.4635], [174.4438, -35.4634], [174.4438, -35.4635]]], [[[174.1075, -35.211], [174.1074, -35.2109], [174.1076, -35.2109], [174.1075, -35.211]]], [[[174.3556, -35.3915], [174.3558, -35.3916], [174.3555, -35.3916], [174.3556, -35.3915]]], [[[174.3669, -35.3406], [174.3668, -35.3404], [174.367, -35.3404], [174.3669, -35.3406]]], [[[174.4443, -35.4634], [174.4441, -35.4634], [174.4442, -35.4633], [174.4443, -35.4634]]], [[[174.0878, -35.183], [174.0876, -35.1831], [174.0876, -35.1829], [174.0878, -35.183]]], [[[174.3563, -35.3912], [174.3562, -35.3911], [174.3564, -35.3911], [174.3563, -35.3912]]], [[[174.3674, -35.3451], [174.3673, -35.3449], [174.3674, -35.3451], [174.3674, -35.3451]]], [[[174.0854, -35.1781], [174.0852, -35.178], [174.0853, -35.1779], [174.0854, -35.1781]]], [[[174.4425, -35.4251], [174.4427, -35.4252], [174.4424, -35.4252], [174.4425, -35.4251]]], [[[174.0915, -35.2069], [174.0915, -35.2067], [174.0916, -35.2069], [174.0915, -35.2069]]], [[[174.0941, -35.2068], [174.0941, -35.2067], [174.0942, -35.2067], [174.0941, -35.2068]]], [[[174.0872, -35.1832], [174.087, -35.1832], [174.0871, -35.183], [174.0872, -35.1832]]], [[[174.0875, -35.1832], [174.0873, -35.1832], [174.0874, -35.1831], [174.0875, -35.1832]]], [[[174.1107, -35.2024], [174.1105, -35.2023], [174.1107, -35.2023], [174.1107, -35.2024]]], [[[174.1118, -35.211], [174.1116, -35.2108], [174.1118, -35.2109], [174.1118, -35.211]]], [[[174.085, -35.2027], [174.0849, -35.2026], [174.0851, -35.2026], [174.085, -35.2027]]], [[[174.0407, -35.205], [174.0408, -35.2046], [174.0408, -35.2048], [174.0407, -35.205]]], [[[174.0853, -35.2072], [174.0853, -35.207], [174.0854, -35.2071], [174.0853, -35.2072]]], [[[174.7119, -35.8898], [174.7117, -35.8899], [174.7118, -35.8897], [174.7119, -35.8898]]], [[[174.0811, -35.2063], [174.081, -35.2061], [174.0812, -35.2061], [174.0811, -35.2063]]], [[[174.094, -35.2738], [174.0939, -35.2735], [174.0941, -35.2736], [174.094, -35.2738]]], [[[174.4373, -35.4291], [174.4371, -35.4291], [174.4371, -35.4289], [174.4373, -35.4291]]], [[[174.3503, -35.3835], [174.3505, -35.3837], [174.3502, -35.3835], [174.3503, -35.3835]]], [[[174.3641, -35.4288], [174.3642, -35.429], [174.3639, -35.4289], [174.3641, -35.4288]]], [[[173.8532, -34.9912], [173.8531, -34.9912], [173.8532, -34.991], [173.8532, -34.9912]]], [[[174.0895, -35.1844], [174.0895, -35.1842], [174.0897, -35.1843], [174.0895, -35.1844]]], [[[174.3914, -35.4294], [174.3912, -35.4294], [174.3912, -35.4293], [174.3914, -35.4294]]], [[[174.0867, -35.1833], [174.0865, -35.1831], [174.0868, -35.1832], [174.0867, -35.1833]]], [[[174.4454, -35.4632], [174.4456, -35.4633], [174.4452, -35.4632], [174.4454, -35.4632]]], [[[173.3946, -34.7768], [173.3945, -34.7766], [173.3945, -34.7764], [173.3946, -34.7768]]], [[[174.3717, -35.3452], [174.3715, -35.3449], [174.3717, -35.345], [174.3717, -35.3452]]], [[[174.2066, -35.2641], [174.2065, -35.2643], [174.2063, -35.2641], [174.2066, -35.2641]]], [[[174.4451, -35.4631], [174.4447, -35.4632], [174.4447, -35.463], [174.4451, -35.4631]]], [[[174.3674, -35.3444], [174.3672, -35.3442], [174.3674, -35.3443], [174.3674, -35.3444]]], [[[174.5503, -35.7178], [174.5501, -35.7176], [174.5501, -35.7174], [174.5503, -35.7178]]], [[[174.0921, -35.2066], [174.0919, -35.2064], [174.0921, -35.2064], [174.0921, -35.2066]]], [[[174.0379, -35.2074], [174.0377, -35.2076], [174.0376, -35.2074], [174.0379, -35.2074]]], [[[174.7096, -35.8907], [174.7095, -35.8909], [174.7092, -35.8909], [174.7096, -35.8907]]], [[[174.4481, -35.4333], [174.448, -35.4332], [174.4483, -35.433], [174.4481, -35.4333]]], [[[173.8584, -35.0112], [173.8581, -35.0111], [173.8585, -35.0111], [173.8584, -35.0112]]], [[[174.0142, -35.2104], [174.0139, -35.2104], [174.0139, -35.2102], [174.0142, -35.2104]]], [[[173.8536, -34.9922], [173.8534, -34.9922], [173.8535, -34.992], [173.8536, -34.9922]]], [[[174.4496, -35.4319], [174.4496, -35.4316], [174.4498, -35.4315], [174.4496, -35.4319]]], [[[174.3672, -35.3414], [174.367, -35.3412], [174.3673, -35.3412], [174.3672, -35.3414]]], [[[174.711, -35.8902], [174.7108, -35.8904], [174.7107, -35.8901], [174.711, -35.8902]]], [[[174.1116, -35.2118], [174.1118, -35.2117], [174.112, -35.2118], [174.1116, -35.2118]]], [[[174.5596, -35.7151], [174.5593, -35.715], [174.5595, -35.7149], [174.5596, -35.7151]]], [[[174.3605, -35.4022], [174.3605, -35.4023], [174.3602, -35.4021], [174.3605, -35.4022]]], [[[174.0911, -35.2075], [174.0911, -35.2072], [174.0912, -35.2073], [174.0911, -35.2075]]], [[[173.8617, -34.9905], [173.8616, -34.9904], [173.8619, -34.9902], [173.8617, -34.9905]]], [[[173.6885, -34.9458], [173.6884, -34.9459], [173.6883, -34.9456], [173.6885, -34.9458]]], [[[174.3552, -35.3914], [174.3553, -35.3915], [174.3549, -35.3916], [174.3552, -35.3914]]], [[[174.1094, -35.2013], [174.1095, -35.2009], [174.1096, -35.2011], [174.1094, -35.2013]]], [[[174.0867, -35.1767], [174.0866, -35.1769], [174.0864, -35.1768], [174.0867, -35.1767]]], [[[173.3952, -34.7778], [173.3951, -34.7774], [173.3953, -34.7776], [173.3952, -34.7778]]], [[[174.4436, -35.4251], [174.4434, -35.425], [174.4439, -35.4248], [174.4436, -35.4251]]], [[[174.373, -35.4131], [174.3729, -35.4132], [174.3725, -35.4132], [174.373, -35.4131]]], [[[174.5565, -35.7168], [174.5563, -35.7167], [174.5565, -35.7165], [174.5565, -35.7168]]], [[[174.4489, -35.4326], [174.4488, -35.4325], [174.4493, -35.4322], [174.4489, -35.4326]]], [[[174.4469, -35.4344], [174.4468, -35.4342], [174.4471, -35.4341], [174.4469, -35.4344]]], [[[173.3844, -34.7833], [173.3842, -34.7832], [173.3843, -34.7829], [173.3844, -34.7833]]], [[[173.9359, -35.0112], [173.9357, -35.0111], [173.9358, -35.0109], [173.9359, -35.0112]]], [[[174.4522, -35.4779], [174.4523, -35.4781], [174.452, -35.4781], [174.4522, -35.4779]]], [[[174.3606, -35.4105], [174.3603, -35.4104], [174.3604, -35.4102], [174.3606, -35.4105]]], [[[173.7132, -34.9694], [173.7128, -34.9693], [173.7133, -34.9692], [173.7132, -34.9694]]], [[[174.1802, -35.2188], [174.1805, -35.219], [174.1801, -35.2191], [174.1802, -35.2188]]], [[[174.1124, -35.2118], [174.1119, -35.2115], [174.1122, -35.2115], [174.1124, -35.2118]]], [[[174.3556, -35.391], [174.3558, -35.3911], [174.3551, -35.3912], [174.3556, -35.391]]], [[[174.4984, -35.6385], [174.4981, -35.6384], [174.4981, -35.6382], [174.4984, -35.6385]]], [[[174.3416, -35.3648], [174.3414, -35.3648], [174.3413, -35.3646], [174.3416, -35.3648]]], [[[174.1106, -35.2031], [174.1104, -35.203], [174.1105, -35.2027], [174.1106, -35.2031]]], [[[174.1051, -35.2069], [174.1047, -35.2072], [174.1047, -35.2069], [174.1051, -35.2069]]], [[[174.3439, -35.3241], [174.3437, -35.3244], [174.3437, -35.3241], [174.3439, -35.3241]]], [[[174.7351, -35.4701], [174.7347, -35.4697], [174.7352, -35.4699], [174.7351, -35.4701]]], [[[172.8934, -34.687], [172.8932, -34.6862], [172.8934, -34.6866], [172.8934, -34.687]]], [[[174.348, -36.2253], [174.3482, -36.2254], [174.3479, -36.2256], [174.348, -36.2253]]], [[[174.367, -35.3441], [174.3669, -35.3437], [174.3672, -35.3436], [174.367, -35.3441]]], [[[173.9319, -34.9977], [173.9317, -34.9976], [173.9319, -34.9972], [173.9319, -34.9977]]], [[[174.0955, -35.183], [174.0947, -35.1826], [174.0953, -35.1827], [174.0955, -35.183]]], [[[174.3673, -35.3446], [174.367, -35.3448], [174.3669, -35.3443], [174.3673, -35.3446]]], [[[174.3521, -35.3844], [174.3518, -35.3844], [174.3517, -35.3841], [174.3521, -35.3844]]], [[[174.3673, -35.3423], [174.3668, -35.3423], [174.3671, -35.3421], [174.3673, -35.3423]]], [[[174.1985, -35.2303], [174.1989, -35.2303], [174.1987, -35.2305], [174.1985, -35.2303]]], [[[174.2004, -35.2312], [174.1998, -35.2309], [174.2002, -35.2309], [174.2004, -35.2312]]], [[[174.4694, -35.4926], [174.4696, -35.4929], [174.4692, -35.493], [174.4694, -35.4926]]], [[[174.3624, -35.4054], [174.3619, -35.405], [174.3622, -35.405], [174.3624, -35.4054]]], [[[172.89, -34.6844], [172.8895, -34.6847], [172.8892, -34.6845], [172.89, -34.6844]]], [[[174.3722, -35.4144], [174.3717, -35.4141], [174.3718, -35.4139], [174.3722, -35.4144]]], [[[174.0977, -35.278], [174.0974, -35.2776], [174.0977, -35.2776], [174.0977, -35.278]]], [[[174.7813, -35.8894], [174.781, -35.8889], [174.7814, -35.889], [174.7813, -35.8894]]], [[[173.9528, -34.9953], [173.9523, -34.9949], [173.9526, -34.9948], [173.9528, -34.9953]]], [[[174.0409, -35.2043], [174.0403, -35.2051], [174.0403, -35.2047], [174.0409, -35.2043]]], [[[174.0994, -35.2062], [174.0989, -35.2058], [174.0993, -35.2056], [174.0994, -35.2062]]], [[[174.7352, -35.4737], [174.735, -35.4737], [174.7353, -35.473], [174.7352, -35.4737]]], [[[173.9487, -35.0111], [173.9482, -35.0107], [173.9489, -35.0108], [173.9487, -35.0111]]], [[[173.7322, -35.0499], [173.7318, -35.0495], [173.7322, -35.0495], [173.7322, -35.0499]]], [[[174.1685, -35.2318], [174.1682, -35.2316], [174.1685, -35.2311], [174.1685, -35.2318]]], [[[173.1557, -34.7513], [173.1556, -34.7509], [173.1562, -34.7509], [173.1557, -34.7513]]], [[[174.0142, -35.2035], [174.014, -35.2038], [174.0135, -35.2036], [174.0142, -35.2035]]], [[[174.0857, -35.1821], [174.0853, -35.1821], [174.0852, -35.1817], [174.0857, -35.1821]]], [[[174.0791, -35.2021], [174.0789, -35.2017], [174.0792, -35.2014], [174.0791, -35.2021]]], [[[173.9621, -34.9766], [173.9619, -34.976], [173.9622, -34.9762], [173.9621, -34.9766]]], [[[174.1687, -35.3112], [174.1694, -35.3118], [174.1688, -35.3117], [174.1687, -35.3112]]], [[[174.3599, -35.4022], [174.3594, -35.4016], [174.36, -35.402], [174.3599, -35.4022]]], [[[174.4471, -35.4222], [174.4475, -35.4224], [174.4476, -35.4228], [174.4471, -35.4222]]], [[[173.3837, -34.7836], [173.3835, -34.7834], [173.3836, -34.783], [173.3837, -34.7836]]], [[[174.0232, -35.208], [174.0228, -35.208], [174.0232, -35.2073], [174.0232, -35.208]]], [[[174.1122, -35.2039], [174.1121, -35.2033], [174.1124, -35.2034], [174.1122, -35.2039]]], [[[174.3567, -35.3905], [174.3566, -35.3908], [174.3555, -35.3907], [174.3567, -35.3905]]], [[[174.5607, -35.7149], [174.561, -35.715], [174.5605, -35.7153], [174.5607, -35.7149]]], [[[174.0135, -35.2082], [174.014, -35.2082], [174.0133, -35.2086], [174.0135, -35.2082]]], [[[173.949, -35.0028], [173.9487, -35.0031], [173.9483, -35.0029], [173.949, -35.0028]]], [[[174.7309, -35.473], [174.7303, -35.4736], [174.7304, -35.473], [174.7309, -35.473]]], [[[173.9913, -35.2019], [173.9907, -35.2019], [173.9905, -35.2016], [173.9913, -35.2019]]], [[[174.7468, -35.8959], [174.7462, -35.8953], [174.7468, -35.8955], [174.7468, -35.8959]]], [[[173.3952, -34.7747], [173.3945, -34.7743], [173.3946, -34.7739], [173.3952, -34.7747]]], [[[174.1061, -35.1991], [174.1055, -35.199], [174.1061, -35.1988], [174.1061, -35.1991]]], [[[174.3262, -35.3164], [174.3261, -35.3162], [174.3269, -35.316], [174.3262, -35.3164]]], [[[173.8418, -34.9935], [173.8419, -34.9932], [173.8427, -34.993], [173.8418, -34.9935]]], [[[174.378, -35.4332], [174.3775, -35.4331], [174.3778, -35.4327], [174.378, -35.4332]]], [[[174.5505, -35.7183], [174.5502, -35.7181], [174.5507, -35.7174], [174.5505, -35.7183]]], [[[174.398, -35.4322], [174.3976, -35.4319], [174.3984, -35.4318], [174.398, -35.4322]]], [[[174.4286, -35.4464], [174.429, -35.4466], [174.4281, -35.4467], [174.4286, -35.4464]]], [[[173.153, -34.7571], [173.1527, -34.757], [173.1525, -34.7563], [173.153, -34.7571]]], [[[174.3415, -35.3651], [174.3407, -35.365], [174.341, -35.3646], [174.3415, -35.3651]]], [[[174.0198, -35.2], [174.0199, -35.2008], [174.0192, -35.2001], [174.0198, -35.2]]], [[[174.5343, -35.641], [174.5346, -35.6413], [174.5339, -35.6417], [174.5343, -35.641]]], [[[174.1117, -35.2104], [174.1107, -35.2099], [174.1116, -35.21], [174.1117, -35.2104]]], [[[174.0383, -35.2073], [174.0381, -35.2071], [174.039, -35.2066], [174.0383, -35.2073]]], [[[173.8234, -34.9929], [173.8228, -34.9927], [173.8235, -34.9923], [173.8234, -34.9929]]], [[[173.5504, -35.3824], [173.5498, -35.3824], [173.5498, -35.3819], [173.5504, -35.3824]]], [[[173.7776, -34.9699], [173.7768, -34.9701], [173.7769, -34.9696], [173.7776, -34.9699]]], [[[174.4294, -35.4535], [174.4291, -35.4539], [174.4284, -35.4537], [174.4294, -35.4535]]], [[[174.3613, -35.4105], [174.3611, -35.411], [174.3606, -35.4106], [174.3613, -35.4105]]], [[[173.7303, -35.0429], [173.7298, -35.0427], [173.7297, -35.042], [173.7303, -35.0429]]], [[[174.0146, -35.2113], [174.0146, -35.21], [174.0152, -35.2106], [174.0146, -35.2113]]], [[[174.033, -35.209], [174.0324, -35.2091], [174.0329, -35.2086], [174.033, -35.209]]], [[[174.7447, -35.8963], [174.7442, -35.896], [174.7444, -35.8955], [174.7447, -35.8963]]], [[[173.6894, -34.9464], [173.6887, -34.9461], [173.6896, -34.9459], [173.6894, -34.9464]]], [[[174.3209, -35.3081], [174.3204, -35.3076], [174.3205, -35.3069], [174.3209, -35.3081]]], [[[174.4404, -35.4222], [174.4398, -35.4214], [174.4405, -35.4218], [174.4404, -35.4222]]], [[[174.1122, -35.2032], [174.1112, -35.2033], [174.1117, -35.2028], [174.1122, -35.2032]]], [[[174.0405, -35.2054], [174.0393, -35.2063], [174.0401, -35.2054], [174.0405, -35.2054]]], [[[174.4962, -35.6377], [174.4948, -35.6377], [174.4957, -35.6373], [174.4962, -35.6377]]], [[[174.1047, -35.199], [174.1043, -35.1984], [174.1051, -35.1987], [174.1047, -35.199]]], [[[174.2047, -35.2032], [174.2041, -35.2029], [174.2044, -35.2024], [174.2047, -35.2032]]], [[[173.2686, -34.9859], [173.2682, -34.9868], [173.2675, -34.9872], [173.2686, -34.9859]]], [[[173.9624, -34.9995], [173.9618, -34.9992], [173.9625, -34.9987], [173.9624, -34.9995]]], [[[173.7749, -34.9672], [173.7755, -34.9676], [173.7745, -34.9675], [173.7749, -34.9672]]], [[[174.3569, -35.3913], [174.3566, -35.3917], [174.3559, -35.3915], [174.3569, -35.3913]]], [[[173.9351, -35.0579], [173.934, -35.0588], [173.9346, -35.058], [173.9351, -35.0579]]], [[[174.1244, -35.1722], [174.1242, -35.1729], [174.1237, -35.1727], [174.1244, -35.1722]]], [[[174.0948, -35.1999], [174.094, -35.2], [174.094, -35.1995], [174.0948, -35.1999]]], [[[174.0986, -35.205], [174.0979, -35.2044], [174.0982, -35.2039], [174.0986, -35.205]]], [[[174.3909, -35.4302], [174.3904, -35.4295], [174.3909, -35.4292], [174.3909, -35.4302]]], [[[174.2735, -36.2893], [174.2736, -36.29], [174.2727, -36.29], [174.2735, -36.2893]]], [[[174.0794, -35.2025], [174.079, -35.2024], [174.0796, -35.2015], [174.0794, -35.2025]]], [[[174.36, -35.4105], [174.3607, -35.4113], [174.3597, -35.411], [174.36, -35.4105]]], [[[174.0183, -35.1926], [174.0183, -35.193], [174.0172, -35.193], [174.0183, -35.1926]]], [[[173.577, -34.9243], [173.5774, -34.9249], [173.577, -34.9252], [173.577, -34.9243]]], [[[173.9509, -35.0179], [173.9503, -35.0174], [173.9507, -35.017], [173.9509, -35.0179]]], [[[174.3664, -35.342], [174.3661, -35.3424], [174.3653, -35.3422], [174.3664, -35.342]]], [[[174.3616, -35.3241], [174.3618, -35.3247], [174.3609, -35.325], [174.3616, -35.3241]]], [[[174.0866, -35.1821], [174.0859, -35.1829], [174.0861, -35.1819], [174.0866, -35.1821]]], [[[174.0337, -35.2071], [174.0342, -35.2078], [174.0333, -35.2079], [174.0337, -35.2071]]], [[[174.1026, -35.2031], [174.1016, -35.2035], [174.1024, -35.2025], [174.1026, -35.2031]]], [[[174.3792, -35.3286], [174.3788, -35.3294], [174.3782, -35.329], [174.3792, -35.3286]]], [[[174.7346, -35.472], [174.7329, -35.4722], [174.7331, -35.4717], [174.7346, -35.472]]], [[[173.7984, -34.9934], [173.7982, -34.9925], [173.7988, -34.9923], [173.7984, -34.9934]]], [[[173.1605, -35.3115], [173.1602, -35.3103], [173.1607, -35.3105], [173.1605, -35.3115]]], [[[174.1101, -35.2031], [174.1091, -35.2026], [174.1103, -35.2024], [174.1101, -35.2031]]], [[[173.9376, -35.0298], [173.9369, -35.0302], [173.9366, -35.0294], [173.9376, -35.0298]]], [[[173.9342, -34.9693], [173.9342, -34.97], [173.9332, -34.9697], [173.9342, -34.9693]]], [[[174.044, -35.1956], [174.0445, -35.1964], [174.0434, -35.196], [174.044, -35.1956]]], [[[174.1724, -35.3066], [174.1732, -35.3069], [174.1706, -35.3073], [174.1724, -35.3066]]], [[[174.1141, -35.2074], [174.1138, -35.2085], [174.1132, -35.2076], [174.1141, -35.2074]]], [[[174.373, -35.4142], [174.3721, -35.4135], [174.3731, -35.4133], [174.373, -35.4142]]], [[[174.3676, -35.3412], [174.3685, -35.342], [174.3671, -35.342], [174.3676, -35.3412]]], [[[173.9401, -35.0534], [173.9403, -35.0545], [173.9398, -35.0549], [173.9401, -35.0534]]], [[[174.4455, -35.4368], [174.4446, -35.4356], [174.4453, -35.4357], [174.4455, -35.4368]]], [[[174.1097, -35.2016], [174.1099, -35.2005], [174.1106, -35.2003], [174.1097, -35.2016]]], [[[173.973, -34.9813], [173.9736, -34.9813], [173.9724, -34.982], [173.973, -34.9813]]], [[[174.582, -35.837], [174.5808, -35.8375], [174.5812, -35.8362], [174.582, -35.837]]], [[[174.3968, -35.4314], [174.3974, -35.4318], [174.3961, -35.432], [174.3968, -35.4314]]], [[[174.1132, -35.21], [174.113, -35.2085], [174.1137, -35.2088], [174.1132, -35.21]]], [[[174.1676, -36.2213], [174.1665, -36.2226], [174.1664, -36.2215], [174.1676, -36.2213]]], [[[174.0943, -35.272], [174.0936, -35.2733], [174.0932, -35.2719], [174.0943, -35.272]]], [[[174.5814, -35.8383], [174.5796, -35.8387], [174.5805, -35.838], [174.5814, -35.8383]]], [[[174.4334, -35.4577], [174.4327, -35.457], [174.4334, -35.4563], [174.4334, -35.4577]]], [[[173.8656, -35.0119], [173.8648, -35.0126], [173.8638, -35.0121], [173.8656, -35.0119]]], [[[174.0774, -35.2018], [174.0782, -35.2014], [174.0778, -35.2029], [174.0774, -35.2018]]], [[[174.11, -35.1985], [174.1082, -35.1993], [174.1066, -35.1992], [174.11, -35.1985]]], [[[174.2559, -35.2302], [174.2546, -35.2293], [174.2558, -35.2293], [174.2559, -35.2302]]], [[[173.6913, -34.946], [173.6909, -34.9467], [173.6897, -34.9467], [173.6913, -34.946]]], [[[174.0838, -35.1849], [174.0852, -35.1861], [174.0843, -35.1861], [174.0838, -35.1849]]], [[[174.7328, -35.4695], [174.7341, -35.4701], [174.7324, -35.4703], [174.7328, -35.4695]]], [[[174.3487, -35.7886], [174.3474, -35.7887], [174.3485, -35.7878], [174.3487, -35.7886]]], [[[174.7361, -35.4713], [174.736, -35.4724], [174.7346, -35.4729], [174.7361, -35.4713]]], [[[174.0347, -35.2063], [174.0358, -35.208], [174.0345, -35.2074], [174.0347, -35.2063]]], [[[174.5946, -35.8408], [174.5938, -35.8414], [174.5933, -35.8405], [174.5946, -35.8408]]], [[[174.7422, -35.8887], [174.7427, -35.8896], [174.7412, -35.8902], [174.7422, -35.8887]]], [[[174.0978, -35.2042], [174.0976, -35.2023], [174.0984, -35.2031], [174.0978, -35.2042]]], [[[174.0846, -35.1784], [174.0848, -35.1794], [174.0833, -35.179], [174.0846, -35.1784]]], [[[174.081, -35.1818], [174.0824, -35.1825], [174.0804, -35.1826], [174.081, -35.1818]]], [[[173.9492, -35.0232], [173.9482, -35.0225], [173.9487, -35.0213], [173.9492, -35.0232]]], [[[174.2726, -36.287], [174.2712, -36.2852], [174.2728, -36.2861], [174.2726, -36.287]]], [[[174.111, -35.2049], [174.112, -35.2053], [174.1095, -35.2055], [174.111, -35.2049]]], [[[172.7992, -34.6048], [172.7981, -34.6047], [172.7982, -34.6034], [172.7992, -34.6048]]], [[[174.036, -35.2085], [174.0324, -35.2077], [174.0372, -35.2074], [174.036, -35.2085]]], [[[172.8572, -34.4196], [172.8554, -34.4194], [172.8549, -34.4185], [172.8572, -34.4196]]], [[[172.6357, -34.4657], [172.6358, -34.4638], [172.6366, -34.465], [172.6357, -34.4657]]], [[[174.5539, -35.7175], [174.5524, -35.7181], [174.5524, -35.7174], [174.5539, -35.7175]]], [[[174.1796, -35.2178], [174.1793, -35.219], [174.1784, -35.2179], [174.1796, -35.2178]]], [[[174.0086, -35.1986], [174.0092, -35.1992], [174.0055, -35.1993], [174.0086, -35.1986]]], [[[173.8183, -34.9918], [173.8176, -34.9909], [173.8174, -34.9885], [173.8183, -34.9918]]], [[[174.1647, -36.2236], [174.1632, -36.2253], [174.1623, -36.2248], [174.1647, -36.2236]]], [[[174.1012, -35.2834], [174.1025, -35.2847], [174.1005, -35.2837], [174.1012, -35.2834]]], [[[173.9501, -35.0177], [173.9499, -35.0187], [173.9487, -35.0171], [173.9501, -35.0177]]], [[[174.3619, -35.798], [174.3628, -35.7983], [174.3608, -35.7991], [174.3619, -35.798]]], [[[173.3931, -34.7738], [173.3939, -34.774], [173.3948, -34.7757], [173.3931, -34.7738]]], [[[173.4837, -35.3873], [173.4842, -35.3875], [173.4831, -35.3943], [173.4837, -35.3873]]], [[[174.7025, -35.8869], [174.7012, -35.8868], [174.7011, -35.8854], [174.7025, -35.8869]]], [[[173.4386, -34.9806], [173.4392, -34.9821], [173.4378, -34.9808], [173.4386, -34.9806]]], [[[174.3846, -35.432], [174.3849, -35.4328], [174.3833, -35.4324], [174.3846, -35.432]]], [[[174.1119, -35.2844], [174.1105, -35.2847], [174.1103, -35.2833], [174.1119, -35.2844]]], [[[174.3625, -35.4035], [174.3626, -35.4048], [174.3608, -35.4042], [174.3625, -35.4035]]], [[[174.3644, -35.8029], [174.3647, -35.804], [174.3629, -35.8041], [174.3644, -35.8029]]], [[[174.3649, -35.8008], [174.3642, -35.8018], [174.3628, -35.801], [174.3649, -35.8008]]], [[[174.1824, -35.2188], [174.1825, -35.2196], [174.1804, -35.2199], [174.1824, -35.2188]]], [[[174.349, -35.3833], [174.3526, -35.3849], [174.3503, -35.3848], [174.349, -35.3833]]], [[[174.3598, -35.4023], [174.36, -35.4042], [174.3589, -35.4018], [174.3598, -35.4023]]], [[[174.4709, -35.4873], [174.4717, -35.4897], [174.4702, -35.4879], [174.4709, -35.4873]]], [[[173.9517, -35.0248], [173.9519, -35.0259], [173.9492, -35.025], [173.9517, -35.0248]]], [[[174.6978, -36.0013], [174.698, -36.0027], [174.6965, -36.002], [174.6978, -36.0013]]], [[[174.1898, -36.2407], [174.1879, -36.2397], [174.1894, -36.239], [174.1898, -36.2407]]], [[[174.085, -35.2047], [174.0836, -35.2038], [174.0847, -35.2027], [174.085, -35.2047]]], [[[173.6524, -34.9437], [173.654, -34.9466], [173.6515, -34.945], [173.6524, -34.9437]]], [[[174.3975, -35.432], [174.3978, -35.4331], [174.3943, -35.4328], [174.3975, -35.432]]], [[[173.1574, -34.7566], [173.155, -34.7547], [173.1564, -34.7548], [173.1574, -34.7566]]], [[[174.2692, -35.2214], [174.271, -35.2223], [174.269, -35.2227], [174.2692, -35.2214]]], [[[174.0957, -35.2761], [174.0936, -35.2765], [174.0941, -35.274], [174.0957, -35.2761]]], [[[173.863, -34.9859], [173.8626, -34.9879], [173.8614, -34.9867], [173.863, -34.9859]]], [[[174.3741, -35.8135], [174.3747, -35.8107], [174.3766, -35.8122], [174.3741, -35.8135]]], [[[173.5506, -35.3531], [173.5504, -35.3511], [173.5518, -35.3502], [173.5506, -35.3531]]], [[[173.1536, -34.7554], [173.1556, -34.7573], [173.1533, -34.7568], [173.1536, -34.7554]]], [[[173.9348, -35.0285], [173.9347, -35.0305], [173.933, -35.0295], [173.9348, -35.0285]]], [[[173.3588, -34.7808], [173.3588, -34.7826], [173.3572, -34.7794], [173.3588, -34.7808]]], [[[173.9449, -35.0311], [173.946, -35.0319], [173.9429, -35.0324], [173.9449, -35.0311]]], [[[174.5941, -35.8372], [174.5939, -35.8399], [174.5928, -35.8375], [174.5941, -35.8372]]], [[[174.3667, -35.7936], [174.365, -35.7942], [174.3623, -35.7933], [174.3667, -35.7936]]], [[[173.9559, -34.9803], [173.9571, -34.9816], [173.9547, -34.9822], [173.9559, -34.9803]]], [[[174.4558, -35.4722], [174.4583, -35.4734], [174.4551, -35.4741], [174.4558, -35.4722]]], [[[173.9474, -34.9756], [173.9426, -34.9763], [173.9459, -34.9744], [173.9474, -34.9756]]], [[[174.0509, -35.1992], [174.0464, -35.1996], [174.049, -35.1979], [174.0509, -35.1992]]], [[[174.3744, -35.3447], [174.3741, -35.3469], [174.372, -35.3454], [174.3744, -35.3447]]], [[[174.3418, -35.3523], [174.339, -35.3547], [174.3395, -35.3525], [174.3418, -35.3523]]], [[[172.8894, -34.6848], [172.893, -34.6868], [172.8886, -34.6858], [172.8894, -34.6848]]], [[[174.7481, -35.4852], [174.7451, -35.4878], [174.7453, -35.4852], [174.7481, -35.4852]]], [[[174.3663, -35.8071], [174.363, -35.8071], [174.3649, -35.8057], [174.3663, -35.8071]]], [[[174.7407, -35.4892], [174.7423, -35.4911], [174.7394, -35.4921], [174.7407, -35.4892]]], [[[174.2216, -35.2276], [174.2286, -35.2305], [174.2255, -35.2303], [174.2216, -35.2276]]], [[[174.3403, -35.164], [174.3405, -35.166], [174.3386, -35.1665], [174.3403, -35.164]]], [[[174.3915, -35.8131], [174.3942, -35.8162], [174.3893, -35.8132], [174.3915, -35.8131]]], [[[173.941, -34.9718], [173.9389, -34.9694], [173.9418, -34.9705], [173.941, -34.9718]]], [[[173.3495, -34.7733], [173.3453, -34.7678], [173.349, -34.7709], [173.3495, -34.7733]]], [[[173.7638, -34.9518], [173.7698, -34.9533], [173.7683, -34.9547], [173.7638, -34.9518]]], [[[173.0496, -34.4127], [173.0521, -34.4162], [173.049, -34.4161], [173.0496, -34.4127]]], [[[173.2646, -34.9967], [173.2687, -35.0007], [173.2665, -35.0014], [173.2646, -34.9967]]], [[[174.5433, -35.6101], [174.547, -35.6128], [174.5447, -35.6136], [174.5433, -35.6101]]], [[[173.7547, -35.0179], [173.7562, -35.0209], [173.752, -35.0192], [173.7547, -35.0179]]], [[[174.6958, -35.882], [174.6991, -35.8843], [174.6956, -35.8849], [174.6958, -35.882]]], [[[173.964, -34.974], [173.9666, -34.9754], [173.9644, -34.9782], [173.964, -34.974]]], [[[173.3767, -34.7863], [173.3816, -34.7882], [173.3768, -34.7892], [173.3767, -34.7863]]], [[[173.952, -34.9742], [173.9576, -34.9749], [173.9529, -34.977], [173.952, -34.9742]]], [[[173.9689, -34.9989], [173.9719, -35.0037], [173.9651, -34.9994], [173.9689, -34.9989]]], [[[174.4437, -35.4225], [174.4366, -35.4289], [174.4418, -35.4213], [174.4437, -35.4225]]], [[[174.209, -35.1965], [174.2145, -35.1974], [174.2064, -35.2018], [174.209, -35.1965]]], [[[173.3025, -34.9994], [173.3013, -35.002], [173.294, -34.9998], [173.3025, -34.9994]]], [[[173.264, -34.9843], [173.2675, -34.9862], [173.2636, -34.9953], [173.264, -34.9843]]], [[[173.5804, -35.3503], [173.5888, -35.3509], [173.5811, -35.3535], [173.5804, -35.3503]]], [[[172.6409, -34.4694], [172.6353, -34.4727], [172.6365, -34.4656], [172.6409, -34.4694]]], [[[174.199, -35.2144], [174.2075, -35.2173], [174.2072, -35.2215], [174.199, -35.2144]]], [[[173.7613, -35.0243], [173.7711, -35.0276], [173.7623, -35.0288], [173.7613, -35.0243]]], [[[174.6981, -35.8931], [174.7019, -35.8982], [174.6908, -35.8947], [174.6981, -35.8931]]], [[[173.8647, -34.9746], [173.8652, -34.9833], [173.8614, -34.9785], [173.8647, -34.9746]]], [[[173.9558, -35.0305], [173.9655, -35.032], [173.9553, -35.0347], [173.9558, -35.0305]]], [[[174.2148, -35.2004], [174.223, -35.2042], [174.2109, -35.207], [174.2148, -35.2004]]], [[[174.1573, -35.2293], [174.1768, -35.2364], [174.1578, -35.2348], [174.1573, -35.2293]]], [[[174.7802, -35.8841], [174.7679, -35.8941], [174.7629, -35.8905], [174.7802, -35.8841]]], [[[174.7373, -35.474], [174.7465, -35.4795], [174.7363, -35.4886], [174.7373, -35.474]]], [[[173.7748, -34.9557], [173.7878, -34.9699], [173.7771, -34.9695], [173.7803, -34.9634], [173.7694, -34.9556], [173.7748, -34.9557]]], [[[174.7545, -35.8851], [174.76, -35.8941], [174.7451, -35.8951], [174.7545, -35.8851]]], [[[174.0786, -35.2057], [174.107, -35.2116], [174.0854, -35.2141], [174.0743, -35.2096], [174.0786, -35.2057]]], [[[174.7385, -35.4474], [174.7451, -35.4607], [174.7362, -35.4704], [174.7309, -35.4482], [174.7385, -35.4474]]], [[[174.1915, -35.2155], [174.2024, -35.2255], [174.1951, -35.2323], [174.1816, -35.2233], [174.1915, -35.2155]]], [[[174.7238, -35.8848], [174.7397, -35.8896], [174.7376, -35.898], [174.7161, -35.8896], [174.7238, -35.8848]]], [[[174.2324, -35.2048], [174.2439, -35.2188], [174.2331, -35.228], [174.2277, -35.212], [174.2169, -35.213], [174.2324, -35.2048]]], [[[173.9549, -34.9861], [173.9448, -35.0082], [173.9491, -35.0166], [173.9427, -35.0167], [173.9303, -35.0055], [173.9322, -34.9977], [173.9389, -34.9874], [173.9549, -34.9861]]], [[[174.7021, -35.9551], [174.7467, -35.9672], [174.7066, -35.9698], [174.6966, -35.9592], [174.6966, -35.9521], [174.7021, -35.9551]]], [[[174.499, -35.7136], [174.5034, -35.7253], [174.4822, -35.7325], [174.485, -35.7447], [174.4847, -35.7336], [174.5084, -35.731], [174.5047, -35.7212], [174.5415, -35.711], [174.5478, -35.7187], [174.526, -35.7263], [174.5403, -35.7369], [174.5144, -35.7556], [174.5241, -35.7479], [174.5241, -35.7543], [174.5332, -35.7478], [174.5392, -35.7526], [174.536, -35.7456], [174.5522, -35.7344], [174.5365, -35.7259], [174.5673, -35.7174], [174.5518, -35.7284], [174.563, -35.7451], [174.5516, -35.7465], [174.5608, -35.7629], [174.5531, -35.765], [174.5566, -35.7769], [174.5488, -35.7873], [174.5616, -35.82], [174.5913, -35.854], [174.5565, -35.861], [174.5343, -35.8553], [174.5308, -35.8621], [174.5244, -35.8504], [174.5356, -35.8452], [174.5328, -35.8345], [174.5247, -35.8252], [174.4967, -35.828], [174.4926, -35.8201], [174.5041, -35.8111], [174.4897, -35.7875], [174.4573, -35.7928], [174.4678, -35.7906], [174.4611, -35.7823], [174.48, -35.7792], [174.4782, -35.7715], [174.457, -35.7697], [174.4477, -35.7796], [174.4282, -35.7808], [174.4427, -35.7958], [174.4044, -35.7786], [174.3792, -35.7569], [174.3611, -35.776], [174.3545, -35.7692], [174.3639, -35.7569], [174.3524, -35.7486], [174.3614, -35.7393], [174.3441, -35.7313], [174.3345, -35.7382], [174.3481, -35.7368], [174.3512, -35.7584], [174.3224, -35.7613], [174.3059, -35.7847], [174.3167, -35.7744], [174.3317, -35.7779], [174.3267, -35.7849], [174.341, -35.7907], [174.3328, -35.7974], [174.3389, -35.8034], [174.3341, -35.8114], [174.3278, -35.8048], [174.3226, -35.8101], [174.3408, -35.8211], [174.3261, -35.8344], [174.3173, -35.8269], [174.3062, -35.8373], [174.3114, -35.8447], [174.3192, -35.8366], [174.3227, -35.8488], [174.3226, -35.8368], [174.3359, -35.8406], [174.3327, -35.85], [174.3564, -35.8437], [174.3406, -35.8369], [174.3596, -35.8338], [174.3561, -35.8134], [174.3718, -35.8063], [174.3689, -35.8144], [174.3758, -35.8182], [174.3663, -35.8257], [174.3688, -35.8354], [174.3829, -35.8139], [174.4048, -35.831], [174.4261, -35.8266], [174.423, -35.8384], [174.439, -35.8343], [174.4543, -35.8182], [174.4694, -35.8308], [174.4652, -35.8383], [174.4797, -35.8394], [174.4834, -35.8315], [174.4992, -35.8379], [174.4657, -35.8884], [174.4598, -35.9208], [174.4658, -35.9564], [174.5086, -36.0295], [174.5397, -36.0486], [174.5806, -36.0423], [174.5897, -36.0481], [174.5992, -36.0818], [174.5891, -36.0847], [174.5967, -36.1085], [174.5902, -36.1182], [174.5723, -36.0947], [174.5632, -36.095], [174.5773, -36.1088], [174.5726, -36.1221], [174.5807, -36.1241], [174.5679, -36.1407], [174.6017, -36.1139], [174.5958, -36.0837], [174.6168, -36.1175], [174.6059, -36.1216], [174.6068, -36.1327], [174.5847, -36.1431], [174.5802, -36.167], [174.5711, -36.1662], [174.5628, -36.1791], [174.5329, -36.1847], [174.5223, -36.1972], [174.523, -36.2101], [174.4835, -36.2302], [174.4745, -36.2283], [174.4702, -36.2123], [174.4657, -36.218], [174.4716, -36.2162], [174.4757, -36.2324], [174.4619, -36.2325], [174.4724, -36.2433], [174.4674, -36.2587], [174.4551, -36.2488], [174.4329, -36.2628], [174.4242, -36.2529], [174.4258, -36.2712], [174.4139, -36.2716], [174.3977, -36.2881], [174.3737, -36.2756], [174.3547, -36.2943], [174.3559, -36.3089], [174.3438, -36.3043], [174.3398, -36.3169], [174.3241, -36.3051], [174.3124, -36.3134], [174.3023, -36.2901], [174.2866, -36.2861], [174.284, -36.2952], [174.269, -36.2716], [174.2707, -36.262], [174.3075, -36.2437], [174.3156, -36.2594], [174.3218, -36.2576], [174.3182, -36.2726], [174.3324, -36.263], [174.3349, -36.2725], [174.3365, -36.2643], [174.3489, -36.2672], [174.3417, -36.2825], [174.3538, -36.2752], [174.3611, -36.2809], [174.3669, -36.272], [174.3532, -36.2681], [174.3488, -36.2547], [174.3346, -36.2581], [174.3345, -36.2449], [174.3235, -36.2491], [174.3224, -36.234], [174.3371, -36.2255], [174.3339, -36.2324], [174.3451, -36.2353], [174.3394, -36.2259], [174.3561, -36.2266], [174.3406, -36.2186], [174.3532, -36.2117], [174.3663, -36.2158], [174.3684, -36.2039], [174.3815, -36.2096], [174.3693, -36.2006], [174.3764, -36.1929], [174.3728, -36.1839], [174.3842, -36.191], [174.3733, -36.1812], [174.3895, -36.178], [174.3934, -36.1864], [174.3972, -36.1794], [174.3905, -36.1748], [174.4045, -36.1699], [174.3748, -36.1777], [174.3722, -36.169], [174.4011, -36.1574], [174.3889, -36.1476], [174.417, -36.1447], [174.4179, -36.1521], [174.4318, -36.1574], [174.4192, -36.1489], [174.4178, -36.1389], [174.4242, -36.138], [174.3886, -36.1447], [174.3855, -36.1386], [174.3944, -36.1354], [174.3676, -36.1238], [174.3712, -36.1117], [174.3676, -36.1201], [174.3624, -36.116], [174.3652, -36.1285], [174.3755, -36.1311], [174.372, -36.1365], [174.3823, -36.1385], [174.3851, -36.1554], [174.3771, -36.164], [174.3673, -36.1605], [174.365, -36.1882], [174.3548, -36.1934], [174.3649, -36.195], [174.3589, -36.2049], [174.3344, -36.2107], [174.3145, -36.2259], [174.3144, -36.2008], [174.3297, -36.1926], [174.3121, -36.195], [174.3064, -36.2031], [174.3133, -36.2028], [174.297, -36.2119], [174.2887, -36.1972], [174.266, -36.1854], [174.3013, -36.1834], [174.2976, -36.1781], [174.3106, -36.1796], [174.3129, -36.1723], [174.286, -36.1791], [174.2966, -36.1633], [174.269, -36.1772], [174.2643, -36.1742], [174.2721, -36.1705], [174.2598, -36.17], [174.2567, -36.1773], [174.2436, -36.1657], [174.2542, -36.1836], [174.2358, -36.1712], [174.2349, -36.1469], [174.2461, -36.1402], [174.2389, -36.1381], [174.2568, -36.127], [174.2549, -36.1175], [174.2576, -36.1234], [174.27, -36.117], [174.2584, -36.1224], [174.2561, -36.1116], [174.2514, -36.1215], [174.2394, -36.122], [174.2289, -36.1345], [174.2264, -36.1596], [174.2169, -36.1489], [174.2235, -36.134], [174.218, -36.1207], [174.2347, -36.1155], [174.2334, -36.1058], [174.2249, -36.1169], [174.2176, -36.115], [174.206, -36.1371], [174.2008, -36.1245], [174.1857, -36.1229], [174.1946, -36.127], [174.1941, -36.1363], [174.1853, -36.1375], [174.1899, -36.1417], [174.1616, -36.1408], [174.1719, -36.1483], [174.1972, -36.1452], [174.199, -36.1508], [174.1828, -36.1601], [174.1681, -36.1585], [174.1809, -36.1658], [174.1925, -36.1596], [174.1873, -36.175], [174.21, -36.1591], [174.2079, -36.1706], [174.2213, -36.1661], [174.226, -36.1708], [174.2187, -36.1761], [174.2359, -36.1824], [174.205, -36.1764], [174.1948, -36.1961], [174.2024, -36.1894], [174.2046, -36.1973], [174.2145, -36.1829], [174.2221, -36.1917], [174.2397, -36.1854], [174.2199, -36.1974], [174.2177, -36.2083], [174.2257, -36.2055], [174.232, -36.2147], [174.2322, -36.203], [174.2451, -36.1964], [174.2491, -36.2125], [174.2627, -36.1936], [174.2588, -36.2102], [174.2659, -36.2108], [174.2665, -36.2193], [174.2876, -36.2155], [174.2933, -36.2383], [174.2734, -36.234], [174.2596, -36.2465], [174.25, -36.2447], [174.2501, -36.259], [174.2274, -36.2635], [174.2038, -36.2475], [174.1983, -36.2324], [174.1839, -36.236], [174.1685, -36.2149], [174.1538, -36.2143], [174.1566, -36.207], [174.1479, -36.2077], [174.1207, -36.1675], [174.0947, -36.1594], [174.0458, -36.1701], [174.0213, -36.1372], [173.9856, -36.1255], [174.039, -36.1903], [174.0715, -36.2022], [174.0679, -36.2155], [174.0783, -36.216], [174.0861, -36.227], [174.0788, -36.2363], [174.0954, -36.2364], [174.0967, -36.2466], [174.1083, -36.2516], [174.0965, -36.2685], [174.1053, -36.2707], [174.1092, -36.2573], [174.122, -36.2584], [174.125, -36.2674], [174.1327, -36.2606], [174.1553, -36.276], [174.1571, -36.2914], [174.1216, -36.3014], [174.1342, -36.3071], [174.1584, -36.3009], [174.1615, -36.3117], [174.155, -36.3131], [174.1691, -36.3149], [174.1809, -36.3359], [174.1737, -36.3364], [174.1775, -36.3458], [174.1805, -36.3376], [174.1815, -36.3645], [174.1422, -36.3899], [174.0661, -36.3963], [174.0379, -36.3914], [174.0293, -36.3655], [174.0351, -36.3577], [174.0137, -36.2949], [173.9667, -36.2092], [173.6348, -35.8312], [173.5857, -35.7782], [173.5562, -35.7613], [173.5469, -35.7419], [173.4854, -35.6745], [173.4399, -35.6387], [173.4408, -35.6286], [173.4225, -35.6017], [173.3651, -35.5473], [173.3671, -35.5336], [173.386, -35.535], [173.3903, -35.5056], [173.4014, -35.5015], [173.4105, -35.4798], [173.4157, -35.4891], [173.4282, -35.486], [173.4168, -35.4873], [173.4017, -35.4724], [173.42, -35.4692], [173.4139, -35.4533], [173.4264, -35.4449], [173.4231, -35.4198], [173.4356, -35.4227], [173.4329, -35.4358], [173.4441, -35.4341], [173.4438, -35.4496], [173.4555, -35.4585], [173.4648, -35.4541], [173.448, -35.4377], [173.4699, -35.4418], [173.4562, -35.4421], [173.4422, -35.4309], [173.4382, -35.4132], [173.4586, -35.4127], [173.4612, -35.4242], [173.4724, -35.4289], [173.4625, -35.4068], [173.4812, -35.4075], [173.504, -35.442], [173.4968, -35.4483], [173.4993, -35.4573], [173.5034, -35.4456], [173.5074, -35.453], [173.5186, -35.4452], [173.5252, -35.4498], [173.5073, -35.4435], [173.4963, -35.4217], [173.5053, -35.3915], [173.5066, -35.4009], [173.5199, -35.4088], [173.5177, -35.4226], [173.5351, -35.4274], [173.5288, -35.4387], [173.5371, -35.4295], [173.5453, -35.4329], [173.5401, -35.4287], [173.5476, -35.4104], [173.5542, -35.4198], [173.5695, -35.4133], [173.5803, -35.4205], [173.5913, -35.4409], [173.6193, -35.437], [173.5915, -35.4406], [173.5843, -35.4213], [173.569, -35.4113], [173.5558, -35.419], [173.5469, -35.4086], [173.5381, -35.4245], [173.5234, -35.4206], [173.5248, -35.4055], [173.5396, -35.3785], [173.5554, -35.3848], [173.5617, -35.3548], [173.5729, -35.3544], [173.5868, -35.3742], [173.5934, -35.3721], [173.5847, -35.3601], [173.6135, -35.344], [173.6107, -35.3307], [173.6264, -35.3205], [173.6166, -35.3147], [173.628, -35.3178], [173.6219, -35.3124], [173.6361, -35.3137], [173.6421, -35.3063], [173.6307, -35.3136], [173.6102, -35.3049], [173.6058, -35.3227], [173.5891, -35.3301], [173.5973, -35.3384], [173.5886, -35.3455], [173.5941, -35.3402], [173.5696, -35.3372], [173.5816, -35.3261], [173.5649, -35.3147], [173.5636, -35.3005], [173.5575, -35.313], [173.572, -35.3283], [173.5633, -35.3315], [173.5644, -35.341], [173.5492, -35.3384], [173.5531, -35.3295], [173.5432, -35.3286], [173.5334, -35.3105], [173.542, -35.2944], [173.5339, -35.2927], [173.5261, -35.2746], [173.5497, -35.26], [173.5499, -35.2542], [173.5333, -35.2519], [173.535, -35.2434], [173.5313, -35.2492], [173.5429, -35.2614], [173.5353, -35.2666], [173.5305, -35.2579], [173.533, -35.266], [173.5209, -35.2752], [173.5306, -35.3026], [173.5243, -35.3029], [173.524, -35.314], [173.5447, -35.3346], [173.5473, -35.3593], [173.5397, -35.3749], [173.5279, -35.3867], [173.5089, -35.3722], [173.4859, -35.3859], [173.4846, -35.3692], [173.476, -35.3758], [173.4695, -35.3694], [173.4759, -35.3629], [173.4584, -35.3737], [173.449, -35.3654], [173.4531, -35.361], [173.4319, -35.358], [173.4529, -35.3684], [173.451, -35.3771], [173.4687, -35.3735], [173.4667, -35.3813], [173.4805, -35.3832], [173.4812, -35.4002], [173.4643, -35.3931], [173.463, -35.3992], [173.4393, -35.404], [173.4438, -35.3938], [173.4363, -35.3899], [173.4369, -35.3977], [173.423, -35.4077], [173.4249, -35.3907], [173.4071, -35.3832], [173.4053, -35.3935], [173.4208, -35.3939], [173.3991, -35.4103], [173.3875, -35.4027], [173.3914, -35.3902], [173.3817, -35.3893], [173.3828, -35.4083], [173.3988, -35.4146], [173.4083, -35.4302], [173.3917, -35.4272], [173.3765, -35.4409], [173.3873, -35.4418], [173.3739, -35.4736], [173.3868, -35.4864], [173.3698, -35.4962], [173.3685, -35.5227], [173.3538, -35.5209], [173.2535, -35.4068], [173.2194, -35.3823], [173.2275, -35.3783], [173.2306, -35.3583], [173.2753, -35.3381], [173.2618, -35.332], [173.2367, -35.3477], [173.2317, -35.3392], [173.253, -35.3344], [173.2528, -35.3155], [173.26, -35.3047], [173.2718, -35.3107], [173.2814, -35.2768], [173.2686, -35.3011], [173.2588, -35.2961], [173.2434, -35.3215], [173.2231, -35.3172], [173.2479, -35.3283], [173.2197, -35.3347], [173.233, -35.3551], [173.2142, -35.3783], [173.2103, -35.3632], [173.1564, -35.3006], [173.1586, -35.2944], [173.1691, -35.3012], [173.1832, -35.2918], [173.1906, -35.3024], [173.2008, -35.2961], [173.1826, -35.287], [173.2027, -35.2812], [173.1994, -35.2686], [173.21, -35.2606], [173.2049, -35.2564], [173.1935, -35.267], [173.1934, -35.2785], [173.1636, -35.2934], [173.0953, -35.2212], [173.054, -35.1918], [173.071, -35.1643], [173.1346, -35.1773], [173.169, -35.136], [173.1732, -35.0592], [173.1343, -34.9691], [173.0875, -34.9013], [172.8499, -34.6283], [172.7379, -34.5335], [172.7039, -34.5236], [172.7022, -34.5041], [172.6903, -34.4906], [172.6431, -34.4774], [172.6728, -34.4601], [172.675, -34.4257], [172.6796, -34.4202], [172.7018, -34.4259], [172.7135, -34.4358], [172.7459, -34.4378], [172.7854, -34.4545], [172.8375, -34.4436], [172.8569, -34.428], [172.8575, -34.414], [172.9643, -34.4265], [172.9912, -34.418], [172.9856, -34.4053], [173.0132, -34.3926], [173.0475, -34.4107], [173.0124, -34.4277], [172.9998, -34.4943], [173.0074, -34.5091], [172.9993, -34.5156], [172.9664, -34.5207], [172.9768, -34.4987], [172.9649, -34.4938], [172.9517, -34.5013], [172.9516, -34.489], [172.9373, -34.5058], [172.922, -34.5019], [172.9396, -34.4915], [172.9318, -34.4868], [172.946, -34.4747], [172.9395, -34.4692], [172.9374, -34.4826], [172.9226, -34.487], [172.9156, -34.4807], [172.9312, -34.4711], [172.9196, -34.4682], [172.9242, -34.4766], [172.915, -34.4766], [172.9006, -34.4654], [172.8988, -34.4729], [172.8898, -34.4691], [172.8902, -34.4785], [172.9237, -34.4903], [172.9185, -34.497], [172.9006, -34.4956], [172.9062, -34.508], [172.9121, -34.5016], [172.9239, -34.5163], [172.9106, -34.5181], [172.905, -34.5328], [172.9038, -34.5214], [172.8864, -34.5159], [172.8874, -34.5101], [172.8727, -34.5159], [172.8607, -34.5093], [172.8677, -34.5137], [172.8641, -34.5219], [172.8881, -34.5221], [172.8952, -34.5312], [172.8888, -34.5382], [172.8746, -34.5339], [172.8782, -34.5394], [172.868, -34.5432], [172.8505, -34.5391], [172.874, -34.547], [172.8756, -34.5537], [172.8971, -34.5429], [172.9195, -34.5521], [172.9195, -34.5384], [172.9463, -34.5274], [172.9317, -34.546], [172.9343, -34.5548], [172.9061, -34.5606], [172.9146, -34.571], [172.9244, -34.5596], [172.9322, -34.5639], [172.9292, -34.5722], [172.9081, -34.5793], [172.9273, -34.5766], [172.9131, -34.5865], [172.9267, -34.5875], [172.9495, -34.5509], [172.9633, -34.5579], [172.9724, -34.5736], [172.9439, -34.5774], [172.9407, -34.5846], [172.9643, -34.5878], [172.962, -34.596], [172.9475, -34.5941], [172.9627, -34.6021], [172.9685, -34.6206], [172.9765, -34.6206], [172.9912, -34.5849], [172.9888, -34.5722], [172.9624, -34.5491], [172.9572, -34.5331], [172.9638, -34.5256], [172.9851, -34.528], [173.0113, -34.6225], [173.0351, -34.6708], [173.0775, -34.7182], [173.1162, -34.7368], [173.1316, -34.7627], [173.1461, -34.7702], [173.1548, -34.7661], [173.147, -34.7799], [173.1746, -34.8025], [173.1631, -34.8082], [173.1688, -34.8251], [173.1561, -34.8231], [173.148, -34.8112], [173.1327, -34.8074], [173.1361, -34.7948], [173.1253, -34.7771], [173.0777, -34.7589], [173.0893, -34.762], [173.119, -34.8047], [173.1169, -34.8124], [173.1373, -34.8266], [173.1319, -34.8318], [173.1508, -34.8223], [173.1617, -34.8454], [173.194, -34.8685], [173.2629, -34.8812], [173.2811, -34.8924], [173.2796, -34.9058], [173.2688, -34.9076], [173.2686, -34.9218], [173.2346, -34.9354], [173.2137, -34.9336], [173.2364, -34.9378], [173.2125, -34.968], [173.2288, -34.9893], [173.2201, -34.9955], [173.2359, -34.9949], [173.2306, -35.0191], [173.2351, -35.0087], [173.245, -35.0155], [173.2415, -35.0236], [173.2519, -35.0211], [173.2368, -35.0082], [173.2487, -35.0041], [173.2435, -34.9946], [173.2506, -34.9928], [173.2538, -35.0034], [173.2914, -35.0001], [173.2916, -35.0119], [173.2816, -35.013], [173.2959, -35.0185], [173.3024, -35.0157], [173.2935, -35.0089], [173.304, -35.0068], [173.3081, -34.9934], [173.3168, -34.9979], [173.3161, -35.0102], [173.3392, -34.9536], [173.3236, -34.915], [173.2887, -34.8791], [173.2861, -34.8621], [173.3249, -34.861], [173.3838, -34.8394], [173.3966, -34.8223], [173.386, -34.8123], [173.3857, -34.8006], [173.3976, -34.7983], [173.397, -34.7823], [173.413, -34.7972], [173.4068, -34.8041], [173.4175, -34.8163], [173.4073, -34.823], [173.4119, -34.8332], [173.45, -34.8249], [173.4406, -34.8355], [173.4701, -34.8494], [173.4599, -34.8527], [173.4623, -34.8601], [173.437, -34.8607], [173.4136, -34.8809], [173.3807, -34.8747], [173.373, -34.8816], [173.3778, -34.9338], [173.3984, -34.9622], [173.4289, -34.9839], [173.4529, -34.9845], [173.4678, -34.9936], [173.4736, -34.9878], [173.517, -34.9892], [173.5261, -34.9804], [173.5276, -34.9884], [173.537, -34.9894], [173.5428, -35.0109], [173.5413, -34.9996], [173.5506, -34.9995], [173.551, -35.0173], [173.5609, -35.0131], [173.5559, -35.0057], [173.5622, -34.9862], [173.5477, -34.9734], [173.534, -34.9841], [173.5286, -34.9768], [173.5388, -34.9688], [173.5263, -34.9508], [173.5321, -34.9398], [173.5567, -34.9297], [173.5593, -34.9136], [173.578, -34.9355], [173.5727, -34.9354], [173.5748, -34.9446], [173.5967, -34.9338], [173.6208, -34.9388], [173.6206, -34.9525], [173.6401, -34.9542], [173.6463, -34.9668], [173.6759, -34.9607], [173.6818, -34.9479], [173.6998, -34.9517], [173.703, -34.9708], [173.7157, -34.9801], [173.712, -34.9943], [173.7567, -34.9995], [173.7564, -35.0068], [173.7336, -35.0002], [173.7279, -35.0041], [173.7331, -35.0085], [173.722, -35.0061], [173.723, -35.0146], [173.7491, -35.0137], [173.7404, -35.0189], [173.7474, -35.0251], [173.7393, -35.0381], [173.7314, -35.0342], [173.722, -35.0408], [173.7278, -35.048], [173.7152, -35.0409], [173.7004, -35.055], [173.7179, -35.0603], [173.7129, -35.0675], [173.7203, -35.0845], [173.7401, -35.0857], [173.7407, -35.0709], [173.7487, -35.078], [173.7555, -35.0745], [173.7407, -35.0673], [173.7481, -35.0375], [173.758, -35.0407], [173.754, -35.0479], [173.7631, -35.0538], [173.7751, -35.0512], [173.7583, -35.0345], [173.7831, -35.0383], [173.7712, -35.0276], [173.7764, -35.0301], [173.7745, -35.0182], [173.7561, -35.0155], [173.7617, -35.0067], [173.7994, -35.0021], [173.8144, -34.9916], [173.8283, -35.0019], [173.8614, -34.9897], [173.8436, -34.9989], [173.8529, -35.0015], [173.8506, -35.0098], [173.8597, -35.0193], [173.8846, -35.0223], [173.8966, -35.0098], [173.8997, -35.0207], [173.9199, -35.0268], [173.914, -35.0389], [173.9385, -35.0527], [173.927, -35.0642], [173.936, -35.0895], [173.9633, -35.1189], [174.0799, -35.1168], [174.0976, -35.1509], [174.1261, -35.1563], [174.1214, -35.1716], [174.0879, -35.1713], [174.0707, -35.1815], [174.067, -35.1942], [174.0449, -35.1556], [174.0639, -35.1488], [174.0744, -35.1581], [174.0695, -35.1463], [174.0576, -35.1483], [174.0541, -35.1388], [174.048, -35.1542], [174.0438, -35.144], [174.0387, -35.168], [174.0278, -35.1529], [174.0204, -35.1577], [174.024, -35.1503], [174.016, -35.145], [174.0234, -35.1417], [174.0041, -35.1376], [174.0051, -35.1475], [173.9878, -35.146], [173.9795, -35.1545], [173.9774, -35.1754], [173.9861, -35.1682], [173.9834, -35.1585], [174.0038, -35.1572], [174.0039, -35.1661], [174.0132, -35.1667], [174.0036, -35.1724], [174.0198, -35.1725], [174.0184, -35.1833], [174.0271, -35.1774], [174.0307, -35.1871], [174.0504, -35.1932], [174.0287, -35.1902], [174.0306, -35.1965], [174.0109, -35.1879], [174.0079, -35.195], [173.9835, -35.1985], [173.9844, -35.2068], [173.9683, -35.2044], [173.9766, -35.2087], [173.9691, -35.22], [173.9627, -35.2175], [173.9694, -35.2205], [173.9767, -35.2097], [173.9849, -35.2177], [173.9994, -35.2075], [174.0123, -35.2125], [174.0152, -35.2067], [174.0232, -35.2125], [174.0323, -35.2074], [174.0409, -35.2201], [174.0468, -35.2181], [174.0385, -35.2096], [174.0488, -35.204], [174.0531, -35.2118], [174.071, -35.2108], [174.0583, -35.229], [174.0764, -35.2387], [174.0792, -35.2482], [174.0717, -35.2566], [174.082, -35.2573], [174.0845, -35.2667], [174.0819, -35.2722], [174.0594, -35.2618], [174.0551, -35.2676], [174.0669, -35.2713], [174.0507, -35.2781], [174.0594, -35.2744], [174.0704, -35.2849], [174.0706, -35.2754], [174.0798, -35.2729], [174.1006, -35.2888], [174.1019, -35.3081], [174.1074, -35.3019], [174.1216, -35.3123], [174.0934, -35.3331], [174.1179, -35.3314], [174.1034, -35.3393], [174.1126, -35.3536], [174.1041, -35.3622], [174.114, -35.3564], [174.1271, -35.367], [174.1431, -35.3674], [174.1167, -35.3581], [174.1072, -35.3449], [174.117, -35.3378], [174.1233, -35.3446], [174.1227, -35.3227], [174.1273, -35.3174], [174.1293, -35.3268], [174.1337, -35.3148], [174.136, -35.3415], [174.1447, -35.3283], [174.1622, -35.3384], [174.1647, -35.3319], [174.1715, -35.3385], [174.168, -35.3288], [174.1806, -35.3313], [174.1495, -35.3274], [174.1429, -35.3198], [174.1544, -35.3232], [174.1483, -35.3169], [174.1622, -35.3191], [174.1581, -35.3127], [174.1787, -35.3108], [174.1809, -35.3215], [174.185, -35.3163], [174.2095, -35.3217], [174.2179, -35.3278], [174.2131, -35.3414], [174.2297, -35.3359], [174.2332, -35.3255], [174.2169, -35.3245], [174.2131, -35.3209], [174.2235, -35.3137], [174.208, -35.3142], [174.2154, -35.3096], [174.1989, -35.3096], [174.2145, -35.3056], [174.2073, -35.2956], [174.2019, -35.3046], [174.1945, -35.3007], [174.195, -35.3122], [174.1873, -35.3059], [174.1908, -35.2952], [174.1759, -35.3049], [174.1673, -35.2914], [174.1623, -35.3054], [174.1405, -35.3084], [174.1419, -35.2988], [174.1362, -35.3077], [174.1217, -35.3083], [174.116, -35.3026], [174.1244, -35.3007], [174.1142, -35.2901], [174.1267, -35.2932], [174.1147, -35.283], [174.1264, -35.2795], [174.137, -35.2909], [174.1488, -35.2885], [174.1464, -35.2815], [174.1353, -35.2821], [174.1393, -35.2737], [174.1322, -35.2773], [174.129, -35.2663], [174.1235, -35.2697], [174.1128, -35.2584], [174.1196, -35.2415], [174.1346, -35.2519], [174.133, -35.2593], [174.1587, -35.265], [174.1679, -35.2768], [174.1852, -35.2719], [174.1967, -35.2796], [174.1835, -35.2682], [174.1761, -35.2722], [174.1779, -35.2631], [174.2048, -35.2841], [174.2129, -35.2815], [174.2051, -35.2723], [174.2184, -35.2672], [174.2042, -35.2602], [174.2126, -35.253], [174.1943, -35.2568], [174.1883, -35.2483], [174.231, -35.2459], [174.2261, -35.2588], [174.239, -35.2536], [174.2637, -35.2609], [174.2665, -35.2552], [174.2487, -35.2504], [174.2547, -35.2456], [174.2379, -35.2436], [174.2464, -35.235], [174.2604, -35.2358], [174.263, -35.2253], [174.2519, -35.2219], [174.2639, -35.2185], [174.2681, -35.2309], [174.2837, -35.227], [174.295, -35.2108], [174.2895, -35.2018], [174.305, -35.1997], [174.3054, -35.1908], [174.294, -35.1919], [174.294, -35.1864], [174.3268, -35.1841], [174.3344, -35.1721], [174.332, -35.1814], [174.3406, -35.1908], [174.3185, -35.1949], [174.3077, -35.209], [174.3192, -35.2124], [174.3158, -35.2195], [174.3056, -35.2164], [174.3056, -35.2247], [174.2972, -35.2241], [174.2907, -35.2343], [174.3006, -35.2409], [174.3129, -35.2369], [174.2945, -35.2539], [174.3259, -35.2501], [174.2965, -35.2557], [174.2897, -35.275], [174.3118, -35.2965], [174.309, -35.3048], [174.3367, -35.3253], [174.3653, -35.327], [174.3772, -35.3186], [174.3726, -35.3319], [174.3516, -35.332], [174.35, -35.339], [174.3729, -35.3478], [174.3818, -35.3606], [174.3716, -35.369], [174.3762, -35.3778], [174.3668, -35.3781], [174.3572, -35.373], [174.3557, -35.3487], [174.3382, -35.3499], [174.3312, -35.3329], [174.3234, -35.3415], [174.3171, -35.3327], [174.3255, -35.3301], [174.3117, -35.3328], [174.3053, -35.32], [174.3025, -35.3295], [174.316, -35.3385], [174.313, -35.3474], [174.3292, -35.3452], [174.3129, -35.3567], [174.322, -35.3621], [174.3307, -35.3553], [174.3396, -35.3636], [174.3577, -35.4158], [174.3699, -35.4129], [174.3752, -35.4196], [174.3637, -35.4228], [174.3635, -35.4368], [174.3932, -35.43], [174.3944, -35.4414], [174.4087, -35.4435], [174.4229, -35.4362], [174.4188, -35.4245], [174.4323, -35.428], [174.428, -35.4557], [174.4531, -35.4681], [174.4508, -35.4834], [174.4697, -35.4902], [174.4672, -35.501], [174.4802, -35.5143], [174.4758, -35.5182], [174.4665, -35.5075], [174.4526, -35.5152], [174.4367, -35.5051], [174.4395, -35.5124], [174.4292, -35.5178], [174.4471, -35.5161], [174.4509, -35.5258], [174.4507, -35.5188], [174.4683, -35.5121], [174.4592, -35.5312], [174.4727, -35.5558], [174.4949, -35.5623], [174.4992, -35.5547], [174.5109, -35.5561], [174.5063, -35.5667], [174.5197, -35.5648], [174.5256, -35.5777], [174.5362, -35.5805], [174.5363, -35.5971], [174.5428, -35.5989], [174.5331, -35.6077], [174.5417, -35.6122], [174.5246, -35.6106], [174.5299, -35.6214], [174.5419, -35.6202], [174.5359, -35.6401], [174.5141, -35.6271], [174.4782, -35.643], [174.4839, -35.6341], [174.4759, -35.6326], [174.4664, -35.6438], [174.4652, -35.6347], [174.461, -35.64], [174.436, -35.6346], [174.4621, -35.6425], [174.4668, -35.653], [174.4722, -35.6446], [174.4855, -35.6499], [174.4836, -35.6419], [174.4946, -35.6449], [174.5142, -35.6304], [174.5023, -35.6489], [174.5126, -35.6561], [174.5085, -35.6776], [174.5251, -35.7137], [174.499, -35.7136]]]]}, "properties": {"name": "Northland", "icps": 5760, "kW": 62655.9, "pct": 6.47}}, {"type": "Feature", "geometry": {"type": "MultiPolygon", "coordinates": [[[[174.7942, -36.4782], [174.7942, -36.4782], [174.7942, -36.4781], [174.7942, -36.4782]]], [[[174.7924, -36.4792], [174.7924, -36.4792], [174.7924, -36.4792], [174.7924, -36.4792]]], [[[174.7941, -36.4786], [174.7941, -36.4785], [174.7941, -36.4785], [174.7941, -36.4786]]], [[[174.7941, -36.4782], [174.794, -36.4783], [174.794, -36.4782], [174.7941, -36.4782]]], [[[174.7942, -36.4782], [174.7941, -36.4782], [174.7941, -36.4781], [174.7942, -36.4782]]], [[[174.7935, -36.479], [174.7934, -36.4789], [174.7935, -36.4789], [174.7935, -36.479]]], [[[174.7926, -36.4791], [174.7925, -36.4791], [174.7925, -36.479], [174.7926, -36.4791]]], [[[174.7922, -36.4792], [174.7923, -36.4792], [174.7922, -36.4792], [174.7922, -36.4792]]], [[[174.7919, -36.4796], [174.7919, -36.4797], [174.7918, -36.4796], [174.7919, -36.4796]]], [[[175.1603, -35.9236], [175.1602, -35.9236], [175.1602, -35.9236], [175.1603, -35.9236]]], [[[174.7944, -36.4784], [174.7943, -36.4784], [174.7945, -36.4783], [174.7944, -36.4784]]], [[[174.7924, -36.4791], [174.7924, -36.4791], [174.7923, -36.4791], [174.7924, -36.4791]]], [[[175.3985, -36.0389], [175.3984, -36.0388], [175.3984, -36.0388], [175.3985, -36.0389]]], [[[174.7941, -36.4783], [174.7941, -36.4784], [174.7939, -36.4783], [174.7941, -36.4783]]], [[[175.1598, -35.9232], [175.1598, -35.9233], [175.1597, -35.9233], [175.1598, -35.9232]]], [[[175.015, -36.7678], [175.0149, -36.7677], [175.0151, -36.7676], [175.015, -36.7678]]], [[[175.0146, -36.7678], [175.0146, -36.7677], [175.0147, -36.7677], [175.0146, -36.7678]]], [[[175.1643, -35.9238], [175.1642, -35.9238], [175.1643, -35.9237], [175.1643, -35.9238]]], [[[174.7939, -36.4788], [174.794, -36.4788], [174.7938, -36.4788], [174.7939, -36.4788]]], [[[175.1645, -35.9238], [175.1644, -35.9239], [175.1644, -35.9238], [175.1645, -35.9238]]], [[[175.164, -35.9238], [175.1639, -35.9238], [175.1641, -35.9237], [175.164, -35.9238]]], [[[174.794, -36.4782], [174.794, -36.4783], [174.7938, -36.4782], [174.794, -36.4782]]], [[[174.7938, -36.4784], [174.794, -36.4784], [174.7937, -36.4784], [174.7938, -36.4784]]], [[[175.0146, -36.7682], [175.0145, -36.7681], [175.0146, -36.768], [175.0146, -36.7682]]], [[[175.5072, -36.3492], [175.507, -36.3492], [175.507, -36.3491], [175.5072, -36.3492]]], [[[175.4083, -36.0242], [175.4082, -36.0244], [175.4081, -36.0242], [175.4083, -36.0242]]], [[[175.014, -36.7683], [175.0138, -36.7682], [175.014, -36.7683], [175.014, -36.7683]]], [[[175.1648, -35.9237], [175.1646, -35.9237], [175.1648, -35.9236], [175.1648, -35.9237]]], [[[175.3998, -36.0389], [175.3996, -36.0388], [175.3998, -36.0387], [175.3998, -36.0389]]], [[[175.3996, -36.0383], [175.3995, -36.0383], [175.3995, -36.0382], [175.3996, -36.0383]]], [[[174.9389, -36.723], [174.9389, -36.7228], [174.939, -36.7229], [174.9389, -36.723]]], [[[174.9715, -36.6939], [174.9715, -36.694], [174.9714, -36.6939], [174.9715, -36.6939]]], [[[175.1595, -35.9221], [175.1596, -35.9224], [175.1594, -35.9222], [175.1595, -35.9221]]], [[[175.2983, -36.2045], [175.2982, -36.2044], [175.2983, -36.2043], [175.2983, -36.2045]]], [[[175.3996, -36.0386], [175.3993, -36.0387], [175.3995, -36.0385], [175.3996, -36.0386]]], [[[175.0144, -36.7687], [175.0144, -36.7685], [175.0145, -36.7684], [175.0144, -36.7687]]], [[[175.4077, -36.0244], [175.4078, -36.0246], [175.4075, -36.0244], [175.4077, -36.0244]]], [[[175.1306, -36.8568], [175.1307, -36.857], [175.1305, -36.8569], [175.1306, -36.8568]]], [[[175.0983, -35.9162], [175.0981, -35.9161], [175.0983, -35.916], [175.0983, -35.9162]]], [[[175.4073, -36.0269], [175.4072, -36.0268], [175.4076, -36.0267], [175.4073, -36.0269]]], [[[175.1311, -36.8561], [175.1311, -36.8563], [175.1309, -36.8564], [175.1311, -36.8561]]], [[[175.4072, -36.0284], [175.407, -36.0283], [175.4074, -36.0281], [175.4072, -36.0284]]], [[[175.4055, -36.0282], [175.4053, -36.0282], [175.4056, -36.028], [175.4055, -36.0282]]], [[[175.1139, -35.9084], [175.1136, -35.9084], [175.1137, -35.9082], [175.1139, -35.9084]]], [[[175.0987, -35.9158], [175.0985, -35.9161], [175.0983, -35.9159], [175.0987, -35.9158]]], [[[174.9514, -36.729], [174.9513, -36.7288], [174.9516, -36.7287], [174.9514, -36.729]]], [[[175.1045, -35.9069], [175.1042, -35.907], [175.1043, -35.9068], [175.1045, -35.9069]]], [[[175.1491, -35.944], [175.1488, -35.9441], [175.1489, -35.9438], [175.1491, -35.944]]], [[[175.1304, -36.8569], [175.1305, -36.8571], [175.1302, -36.8572], [175.1304, -36.8569]]], [[[175.4068, -36.0284], [175.4068, -36.0282], [175.4071, -36.0281], [175.4068, -36.0284]]], [[[175.3092, -36.142], [175.3088, -36.1419], [175.3088, -36.1417], [175.3092, -36.142]]], [[[175.1002, -35.9115], [175.1001, -35.9112], [175.1003, -35.9111], [175.1002, -35.9115]]], [[[174.781, -36.6309], [174.7807, -36.6308], [174.7806, -36.6306], [174.781, -36.6309]]], [[[175.4079, -36.0282], [175.4075, -36.0284], [175.4077, -36.028], [175.4079, -36.0282]]], [[[175.4072, -36.0278], [175.4071, -36.0275], [175.4074, -36.0276], [175.4072, -36.0278]]], [[[174.9515, -36.7281], [174.9516, -36.7282], [174.9514, -36.7285], [174.9515, -36.7281]]], [[[175.2984, -36.204], [175.2982, -36.204], [175.2982, -36.2036], [175.2984, -36.204]]], [[[175.4145, -36.033], [175.414, -36.033], [175.4141, -36.0327], [175.4145, -36.033]]], [[[174.7952, -36.4782], [174.7949, -36.4785], [174.7945, -36.4784], [174.7952, -36.4782]]], [[[175.12, -35.9007], [175.12, -35.9009], [175.1194, -35.9009], [175.12, -35.9007]]], [[[175.4071, -36.027], [175.4067, -36.0272], [175.4066, -36.027], [175.4071, -36.027]]], [[[175.1309, -36.8564], [175.1309, -36.8569], [175.1305, -36.8566], [175.1309, -36.8564]]], [[[175.0046, -36.7091], [175.0045, -36.7087], [175.0048, -36.709], [175.0046, -36.7091]]], [[[175.2892, -36.22], [175.2888, -36.2197], [175.2892, -36.2197], [175.2892, -36.22]]], [[[174.9392, -36.7224], [174.9393, -36.723], [174.9391, -36.7228], [174.9392, -36.7224]]], [[[175.0966, -35.9125], [175.0964, -35.9121], [175.0968, -35.9123], [175.0966, -35.9125]]], [[[174.7937, -36.4785], [174.7937, -36.4788], [174.7932, -36.4788], [174.7937, -36.4785]]], [[[175.3367, -36.1524], [175.3362, -36.1521], [175.3365, -36.1521], [175.3367, -36.1524]]], [[[175.1607, -35.9226], [175.1612, -35.923], [175.1605, -35.9229], [175.1607, -35.9226]]], [[[174.7933, -36.4788], [174.7932, -36.4792], [174.7926, -36.479], [174.7933, -36.4788]]], [[[175.104, -35.907], [175.1036, -35.9065], [175.1039, -35.9066], [175.104, -35.907]]], [[[175.1093, -35.9026], [175.1087, -35.902], [175.1092, -35.9022], [175.1093, -35.9026]]], [[[175.4002, -36.0405], [175.4001, -36.0407], [175.3995, -36.0407], [175.4002, -36.0405]]], [[[175.3978, -36.0386], [175.3979, -36.0391], [175.3975, -36.0387], [175.3978, -36.0386]]], [[[175.4142, -36.0342], [175.4141, -36.0336], [175.4144, -36.0338], [175.4142, -36.0342]]], [[[174.998, -36.7009], [174.9978, -36.7012], [174.9973, -36.701], [174.998, -36.7009]]], [[[174.9778, -36.6936], [174.9774, -36.694], [174.9773, -36.6936], [174.9778, -36.6936]]], [[[174.9397, -36.723], [174.9395, -36.7225], [174.9401, -36.7229], [174.9397, -36.723]]], [[[175.4005, -36.0394], [175.4009, -36.0395], [175.4009, -36.04], [175.4005, -36.0394]]], [[[175.3998, -36.0371], [175.3999, -36.0373], [175.3994, -36.0376], [175.3998, -36.0371]]], [[[175.1147, -35.9121], [175.1145, -35.9124], [175.1141, -35.9121], [175.1147, -35.9121]]], [[[174.9986, -36.6988], [174.9987, -36.6993], [174.9982, -36.6988], [174.9986, -36.6988]]], [[[175.1616, -35.9227], [175.1615, -35.9232], [175.1612, -35.9229], [175.1616, -35.9227]]], [[[175.1139, -35.9122], [175.1141, -35.9125], [175.1136, -35.9127], [175.1139, -35.9122]]], [[[175.1029, -35.9139], [175.102, -35.9135], [175.1027, -35.9136], [175.1029, -35.9139]]], [[[174.7922, -36.4793], [174.7927, -36.4797], [174.792, -36.4798], [174.7922, -36.4793]]], [[[174.9721, -36.6942], [174.9717, -36.6943], [174.972, -36.6937], [174.9721, -36.6942]]], [[[174.814, -36.938], [174.814, -36.9384], [174.8134, -36.9388], [174.814, -36.938]]], [[[175.1381, -35.9363], [175.1383, -35.9366], [175.1376, -35.9366], [175.1381, -35.9363]]], [[[175.4064, -36.0278], [175.407, -36.028], [175.4063, -36.0282], [175.4064, -36.0278]]], [[[175.4155, -36.033], [175.4149, -36.0331], [175.4152, -36.0324], [175.4155, -36.033]]], [[[175.3138, -36.1478], [175.3131, -36.1474], [175.3138, -36.1475], [175.3138, -36.1478]]], [[[175.3249, -36.1425], [175.3244, -36.1424], [175.3247, -36.142], [175.3249, -36.1425]]], [[[174.9981, -36.6987], [174.9974, -36.6981], [174.9979, -36.6982], [174.9981, -36.6987]]], [[[174.7686, -36.3195], [174.7683, -36.32], [174.7672, -36.3197], [174.7686, -36.3195]]], [[[175.1522, -35.9407], [175.1523, -35.9403], [175.1531, -35.9404], [175.1522, -35.9407]]], [[[174.7542, -36.9442], [174.7548, -36.9444], [174.7545, -36.9448], [174.7542, -36.9442]]], [[[174.9982, -36.6991], [174.9981, -36.6996], [174.9976, -36.6988], [174.9982, -36.6991]]], [[[174.76, -36.951], [174.761, -36.9516], [174.76, -36.9515], [174.76, -36.951]]], [[[175.1011, -35.9125], [175.1007, -35.9121], [175.1012, -35.9118], [175.1011, -35.9125]]], [[[174.8203, -36.9386], [174.8201, -36.9394], [174.8198, -36.9389], [174.8203, -36.9386]]], [[[174.9552, -36.726], [174.9553, -36.7265], [174.9546, -36.7265], [174.9552, -36.726]]], [[[175.401, -36.0391], [175.4016, -36.0399], [175.401, -36.0398], [175.401, -36.0391]]], [[[175.3176, -36.2288], [175.3172, -36.2281], [175.3177, -36.2282], [175.3176, -36.2288]]], [[[174.9561, -36.6969], [174.9556, -36.6964], [174.9562, -36.6963], [174.9561, -36.6969]]], [[[174.9855, -36.7729], [174.9849, -36.7727], [174.9854, -36.7723], [174.9855, -36.7729]]], [[[175.4113, -36.0376], [175.4124, -36.0379], [175.4114, -36.0382], [175.4113, -36.0376]]], [[[174.9412, -36.7144], [174.941, -36.7135], [174.9417, -36.7138], [174.9412, -36.7144]]], [[[175.4004, -36.0401], [175.3996, -36.0404], [175.4, -36.0399], [175.4004, -36.0401]]], [[[175.2972, -36.201], [175.2963, -36.2001], [175.2969, -36.2], [175.2972, -36.201]]], [[[175.1038, -35.9137], [175.1032, -35.9143], [175.1031, -35.9137], [175.1038, -35.9137]]], [[[174.9657, -36.6854], [174.9651, -36.686], [174.9651, -36.6851], [174.9657, -36.6854]]], [[[174.437, -36.8863], [174.4374, -36.8868], [174.4368, -36.8871], [174.437, -36.8863]]], [[[174.7178, -36.5447], [174.7189, -36.5452], [174.7187, -36.5456], [174.7178, -36.5447]]], [[[174.9705, -36.6938], [174.9697, -36.6934], [174.9704, -36.6928], [174.9705, -36.6938]]], [[[174.9857, -36.7947], [174.9859, -36.7956], [174.9852, -36.7951], [174.9857, -36.7947]]], [[[175.4166, -36.0327], [175.4156, -36.0332], [175.4162, -36.0324], [175.4166, -36.0327]]], [[[175.2942, -36.1866], [175.2942, -36.1854], [175.2946, -36.1862], [175.2942, -36.1866]]], [[[175.2971, -36.1802], [175.2965, -36.1801], [175.2964, -36.1793], [175.2971, -36.1802]]], [[[175.047, -36.7724], [175.0463, -36.772], [175.0471, -36.7713], [175.047, -36.7724]]], [[[175.4125, -36.0368], [175.4117, -36.0375], [175.4108, -36.037], [175.4125, -36.0368]]], [[[174.3929, -36.6357], [174.3919, -36.6365], [174.392, -36.6359], [174.3929, -36.6357]]], [[[175.0946, -35.9134], [175.0938, -35.9146], [175.0939, -35.9136], [175.0946, -35.9134]]], [[[175.3563, -36.1721], [175.3557, -36.1717], [175.3573, -36.1713], [175.3563, -36.1721]]], [[[175.3155, -36.2355], [175.314, -36.2362], [175.3141, -36.2356], [175.3155, -36.2355]]], [[[175.1058, -35.9109], [175.1068, -35.9112], [175.1057, -35.9117], [175.1058, -35.9109]]], [[[175.1029, -35.9101], [175.1026, -35.9109], [175.1011, -35.9101], [175.1029, -35.9101]]], [[[175.1053, -35.9081], [175.1058, -35.9087], [175.1045, -35.9081], [175.1053, -35.9081]]], [[[175.0328, -36.8131], [175.03, -36.8143], [175.0292, -36.814], [175.0328, -36.8131]]], [[[175.1187, -35.9009], [175.1202, -35.9013], [175.1185, -35.9017], [175.1187, -35.9009]]], [[[175.4916, -36.2516], [175.4924, -36.2524], [175.4909, -36.252], [175.4916, -36.2516]]], [[[174.7638, -36.9528], [174.7642, -36.9535], [174.7631, -36.9543], [174.7638, -36.9528]]], [[[174.6906, -36.5972], [174.6914, -36.5976], [174.6888, -36.5975], [174.6906, -36.5972]]], [[[174.3754, -36.3842], [174.3754, -36.386], [174.3748, -36.3846], [174.3754, -36.3842]]], [[[174.7788, -36.9562], [174.7795, -36.957], [174.7786, -36.9574], [174.7788, -36.9562]]], [[[175.1134, -35.9089], [175.1149, -35.9092], [175.1134, -35.9101], [175.1134, -35.9089]]], [[[174.7675, -36.3169], [174.7687, -36.3191], [174.7667, -36.3174], [174.7675, -36.3169]]], [[[174.4395, -36.89], [174.4394, -36.8918], [174.4388, -36.8909], [174.4395, -36.89]]], [[[175.3339, -36.1519], [175.3338, -36.1532], [175.3332, -36.1523], [175.3339, -36.1519]]], [[[175.0064, -36.7083], [175.0063, -36.7093], [175.0049, -36.709], [175.0064, -36.7083]]], [[[174.3774, -36.3866], [174.3786, -36.3877], [174.3771, -36.3876], [174.3774, -36.3866]]], [[[175.1042, -35.908], [175.103, -35.9078], [175.1038, -35.9072], [175.1042, -35.908]]], [[[175.3181, -36.2309], [175.3171, -36.2293], [175.3183, -36.2297], [175.3181, -36.2309]]], [[[174.3946, -36.6339], [174.3935, -36.634], [174.3934, -36.6326], [174.3946, -36.6339]]], [[[175.307, -36.2296], [175.3059, -36.2291], [175.3068, -36.2279], [175.307, -36.2296]]], [[[175.408, -36.0247], [175.4077, -36.0266], [175.4063, -36.0261], [175.408, -36.0247]]], [[[174.3537, -36.6168], [174.3543, -36.6175], [174.3525, -36.6189], [174.3537, -36.6168]]], [[[175.2944, -36.1844], [175.2935, -36.1852], [175.2927, -36.1841], [175.2944, -36.1844]]], [[[174.7932, -36.4146], [174.7947, -36.4148], [174.7932, -36.4158], [174.7932, -36.4146]]], [[[174.3131, -36.3818], [174.3107, -36.3841], [174.3119, -36.382], [174.3131, -36.3818]]], [[[174.9734, -36.8108], [174.9742, -36.8119], [174.9727, -36.8125], [174.9734, -36.8108]]], [[[175.0567, -35.8989], [175.057, -35.9008], [175.0556, -35.9007], [175.0567, -35.8989]]], [[[174.7891, -36.4758], [174.7926, -36.4774], [174.789, -36.4769], [174.7891, -36.4758]]], [[[174.4657, -36.9532], [174.4676, -36.9539], [174.4652, -36.9549], [174.4657, -36.9532]]], [[[174.7951, -36.4242], [174.7952, -36.4269], [174.7938, -36.4259], [174.7951, -36.4242]]], [[[175.2984, -36.2032], [175.2974, -36.2008], [175.2995, -36.2019], [175.2984, -36.2032]]], [[[175.3739, -36.2576], [175.3714, -36.2574], [175.3701, -36.2555], [175.3739, -36.2576]]], [[[174.7485, -36.5082], [174.7473, -36.5142], [174.7463, -36.5124], [174.7485, -36.5082]]], [[[175.4929, -36.2544], [175.4906, -36.2533], [175.4932, -36.2529], [175.4929, -36.2544]]], [[[175.1583, -36.9255], [175.1566, -36.9252], [175.1571, -36.923], [175.1583, -36.9255]]], [[[174.394, -36.4213], [174.3929, -36.4236], [174.3911, -36.4226], [174.394, -36.4213]]], [[[175.3191, -36.2361], [175.3173, -36.2349], [175.318, -36.2316], [175.3191, -36.2361]]], [[[174.9793, -36.8765], [174.9803, -36.8786], [174.9777, -36.879], [174.9793, -36.8765]]], [[[174.7263, -36.4883], [174.7289, -36.492], [174.7248, -36.4906], [174.7263, -36.4883]]], [[[174.9636, -36.688], [174.9649, -36.6874], [174.9648, -36.6918], [174.9636, -36.688]]], [[[175.3075, -36.1417], [175.3094, -36.1441], [175.3068, -36.1443], [175.3075, -36.1417]]], [[[174.3686, -36.6146], [174.3692, -36.6195], [174.3668, -36.6169], [174.3686, -36.6146]]], [[[175.2269, -36.7877], [175.2269, -36.7921], [175.2247, -36.7905], [175.2269, -36.7877]]], [[[174.9959, -36.9138], [174.997, -36.9169], [174.9949, -36.9184], [174.9959, -36.9138]]], [[[175.5406, -36.3344], [175.5384, -36.3334], [175.5409, -36.3315], [175.5406, -36.3344]]], [[[174.9938, -36.9185], [174.9969, -36.9224], [174.9927, -36.9207], [174.9938, -36.9185]]], [[[174.3078, -36.381], [174.3103, -36.3837], [174.3068, -36.3832], [174.3078, -36.381]]], [[[175.1038, -35.9088], [175.1054, -35.9117], [175.1019, -35.9134], [175.1038, -35.9088]]], [[[174.7977, -36.2639], [174.8001, -36.265], [174.7966, -36.2679], [174.7977, -36.2639]]], [[[174.4147, -36.6394], [174.417, -36.6347], [174.4183, -36.6372], [174.4147, -36.6394]]], [[[175.3007, -36.1643], [175.3011, -36.1671], [175.2969, -36.1663], [175.3007, -36.1643]]], [[[175.0969, -35.9101], [175.1019, -35.9165], [175.0968, -35.9129], [175.0969, -35.9101]]], [[[175.5069, -36.3487], [175.5027, -36.3472], [175.5038, -36.345], [175.5069, -36.3487]]], [[[174.9744, -36.6932], [174.9776, -36.6946], [174.9734, -36.6989], [174.9744, -36.6932]]], [[[175.286, -36.2131], [175.2936, -36.2177], [175.2883, -36.2193], [175.286, -36.2131]]], [[[174.7985, -36.4718], [174.8014, -36.475], [174.7934, -36.4766], [174.7985, -36.4718]]], [[[174.808, -36.4678], [174.8126, -36.4695], [174.8067, -36.4738], [174.808, -36.4678]]], [[[174.6659, -36.8574], [174.6751, -36.8657], [174.6745, -36.8693], [174.6659, -36.8574]]], [[[175.1915, -36.7922], [175.1995, -36.7971], [175.1939, -36.7987], [175.1915, -36.7922]]], [[[175.402, -36.041], [175.4054, -36.0493], [175.4001, -36.0506], [175.402, -36.041]]], [[[174.4005, -36.566], [174.402, -36.5763], [174.3964, -36.5686], [174.4005, -36.566]]], [[[175.2889, -36.1596], [175.291, -36.1675], [175.2825, -36.1609], [175.2889, -36.1596]]], [[[174.362, -36.6042], [174.3655, -36.6131], [174.3582, -36.6154], [174.362, -36.6042]]], [[[175.3018, -36.2277], [175.3076, -36.2352], [175.3016, -36.2374], [175.3018, -36.2277]]], [[[175.118, -35.8999], [175.1148, -35.9078], [175.107, -35.9072], [175.118, -35.8999]]], [[[175.2984, -36.2183], [175.3115, -36.2251], [175.295, -36.2227], [175.2984, -36.2183]]], [[[174.8957, -36.8266], [174.8999, -36.8314], [174.8919, -36.8359], [174.889, -36.8286], [174.8957, -36.8266]]], [[[175.4084, -36.0295], [175.4098, -36.0362], [175.4001, -36.0386], [175.4084, -36.0295]]], [[[174.243, -36.3716], [174.2406, -36.382], [174.2368, -36.3762], [174.243, -36.3716]]], [[[175.1479, -35.9348], [175.1556, -35.9456], [175.1407, -35.942], [175.1479, -35.9348]]], [[[174.8018, -36.5008], [174.786, -36.5131], [174.7883, -36.5052], [174.8018, -36.5008]]], [[[175.1988, -36.8066], [175.1999, -36.8253], [175.1979, -36.8173], [175.1913, -36.8183], [175.1988, -36.8066]]], [[[175.166, -36.9036], [175.1704, -36.9081], [175.1547, -36.9189], [175.1549, -36.9076], [175.166, -36.9036]]], [[[174.9452, -36.716], [174.9453, -36.7087], [174.9544, -36.7128], [174.9518, -36.728], [174.9434, -36.7277], [174.9452, -36.716]]], [[[174.9365, -36.7995], [174.9592, -36.8117], [174.9412, -36.8224], [174.9365, -36.7995]]], [[[174.8812, -36.5907], [174.8924, -36.5949], [174.8996, -36.6094], [174.8796, -36.5987], [174.8812, -36.5907]]], [[[175.4962, -36.1155], [175.5137, -36.1235], [175.4911, -36.1383], [175.4856, -36.1282], [175.4962, -36.1155]]], [[[175.3388, -36.1636], [175.3426, -36.1779], [175.3328, -36.1802], [175.331, -36.1901], [175.3029, -36.167], [175.3328, -36.1715], [175.3388, -36.1636]]], [[[174.9159, -36.7307], [174.9342, -36.7423], [174.9294, -36.7476], [174.9373, -36.7676], [174.9296, -36.7672], [174.9285, -36.7839], [174.9117, -36.7961], [174.8931, -36.768], [174.8969, -36.756], [174.9157, -36.7462], [174.9159, -36.7307]]], [[[175.1884, -36.8304], [175.1934, -36.84], [175.1932, -36.8342], [175.2138, -36.835], [175.2012, -36.8406], [175.1947, -36.8557], [175.2067, -36.8788], [175.1946, -36.9017], [175.1759, -36.8949], [175.1657, -36.8707], [175.1528, -36.8621], [175.1773, -36.8609], [175.1773, -36.8411], [175.1716, -36.8396], [175.1884, -36.8304]]], [[[174.8439, -36.4465], [174.8335, -36.449], [174.8409, -36.4403], [174.8156, -36.4314], [174.8552, -36.4256], [174.8496, -36.4215], [174.8553, -36.4172], [174.8423, -36.4227], [174.8188, -36.4181], [174.8411, -36.4023], [174.8246, -36.408], [174.8396, -36.3917], [174.8714, -36.4085], [174.8796, -36.435], [174.8766, -36.45], [174.8624, -36.4402], [174.8439, -36.4465]]], [[[174.8669, -36.7626], [174.8967, -36.7752], [174.8909, -36.7839], [174.8949, -36.7975], [174.8665, -36.8082], [174.8389, -36.8045], [174.8279, -36.7904], [174.8301, -36.7786], [174.8395, -36.7673], [174.8669, -36.7626]]], [[[175.091, -36.1657], [175.1141, -36.1822], [175.1058, -36.2281], [175.0788, -36.2304], [175.05, -36.2206], [175.051, -36.1845], [175.0774, -36.1791], [175.091, -36.1657]]], [[[175.0456, -36.7935], [175.0379, -36.7931], [175.0383, -36.8045], [175.0321, -36.8009], [175.0215, -36.8132], [175.0276, -36.7977], [175.0093, -36.7896], [175.0055, -36.8034], [174.9898, -36.8127], [174.9905, -36.7932], [174.9816, -36.7833], [174.9924, -36.7825], [174.9852, -36.7776], [174.9881, -36.7713], [174.9977, -36.7744], [174.9939, -36.7687], [175.0146, -36.7689], [175.009, -36.779], [175.0173, -36.7845], [175.0364, -36.7743], [175.0456, -36.7796], [175.0604, -36.7655], [175.0631, -36.7827], [175.0868, -36.7883], [175.1061, -36.7827], [175.1063, -36.7645], [175.1468, -36.7647], [175.1511, -36.7504], [175.1717, -36.7383], [175.1703, -36.7495], [175.1962, -36.7528], [175.2033, -36.7651], [175.1934, -36.7791], [175.1799, -36.7733], [175.1537, -36.7847], [175.1671, -36.8057], [175.1658, -36.8174], [175.1609, -36.8323], [175.1466, -36.8331], [175.1533, -36.8407], [175.144, -36.8483], [175.1364, -36.845], [175.1386, -36.8358], [175.1301, -36.8366], [175.1402, -36.8237], [175.1286, -36.8232], [175.1223, -36.8399], [175.1267, -36.8481], [175.1109, -36.8445], [175.1087, -36.8153], [175.1027, -36.8148], [175.0971, -36.8414], [175.0627, -36.8317], [175.0715, -36.8263], [175.0675, -36.8179], [175.0326, -36.8181], [175.0479, -36.8059], [175.0714, -36.8019], [175.0525, -36.7961], [175.041, -36.8052], [175.0456, -36.7935]]], [[[175.44, -36.2624], [175.4005, -36.2682], [175.3967, -36.2356], [175.3887, -36.2425], [175.391, -36.2544], [175.3778, -36.254], [175.3502, -36.2285], [175.323, -36.2195], [175.3254, -36.2265], [175.3143, -36.2256], [175.3087, -36.2124], [175.3137, -36.2075], [175.3064, -36.2024], [175.3118, -36.2003], [175.3082, -36.1858], [175.3177, -36.1989], [175.3253, -36.1886], [175.3395, -36.2159], [175.3517, -36.215], [175.3398, -36.2106], [175.3418, -36.2026], [175.3601, -36.2088], [175.3465, -36.1861], [175.3698, -36.1832], [175.351, -36.1764], [175.3631, -36.1724], [175.3628, -36.1624], [175.3504, -36.1686], [175.3392, -36.1583], [175.3543, -36.1502], [175.3268, -36.1384], [175.3153, -36.1471], [175.3109, -36.1293], [175.3205, -36.1257], [175.3307, -36.1348], [175.3443, -36.125], [175.3663, -36.1284], [175.3596, -36.1222], [175.3741, -36.1199], [175.3542, -36.1127], [175.3389, -36.0953], [175.3479, -36.0768], [175.3393, -36.0737], [175.3467, -36.0653], [175.3672, -36.0662], [175.3692, -36.0561], [175.3788, -36.0526], [175.3972, -36.0496], [175.412, -36.0582], [175.4035, -36.0701], [175.4101, -36.0714], [175.4021, -36.0802], [175.4063, -36.0924], [175.4233, -36.0867], [175.4243, -36.1063], [175.4403, -36.1116], [175.4236, -36.1183], [175.4299, -36.143], [175.4132, -36.1333], [175.4106, -36.1468], [175.4184, -36.1415], [175.4241, -36.1488], [175.4351, -36.1407], [175.4471, -36.1533], [175.5046, -36.1726], [175.4957, -36.1877], [175.4867, -36.1867], [175.4818, -36.2065], [175.4801, -36.2005], [175.4888, -36.2167], [175.4774, -36.2276], [175.4777, -36.2454], [175.4934, -36.2571], [175.4935, -36.2659], [175.5085, -36.264], [175.5425, -36.2937], [175.5507, -36.3139], [175.5386, -36.319], [175.5291, -36.3475], [175.4842, -36.3382], [175.4742, -36.3316], [175.4796, -36.3191], [175.4935, -36.3231], [175.4868, -36.3011], [175.4701, -36.301], [175.455, -36.3137], [175.4534, -36.3055], [175.4329, -36.3087], [175.4302, -36.282], [175.4428, -36.2699], [175.44, -36.2624]]], [[[174.7652, -36.9257], [174.7295, -36.939], [174.7067, -36.9258], [174.6815, -36.9338], [174.65, -36.9648], [174.6438, -36.9485], [174.6453, -36.9552], [174.6375, -36.9546], [174.6451, -36.9688], [174.6329, -36.979], [174.6143, -36.9661], [174.618, -36.9882], [174.6031, -36.9989], [174.612, -37.02], [174.6007, -37.0175], [174.593, -37.0002], [174.5934, -37.0093], [174.5735, -37.0108], [174.5667, -36.9989], [174.5572, -37.0216], [174.5248, -37.0337], [174.5107, -37.0487], [174.4844, -37.0496], [174.4711, -36.9759], [174.4621, -36.9633], [174.4684, -36.9461], [174.4507, -36.928], [174.4566, -36.9181], [174.4436, -36.9119], [174.4494, -36.9093], [174.4478, -36.8903], [174.4342, -36.8905], [174.4391, -36.8849], [174.4301, -36.8789], [174.4322, -36.8467], [174.4189, -36.8115], [174.2712, -36.6079], [174.1625, -36.4823], [174.1691, -36.4513], [174.2092, -36.4293], [174.1914, -36.4459], [174.1981, -36.4751], [174.208, -36.4385], [174.2358, -36.4281], [174.2647, -36.4621], [174.2787, -36.4902], [174.274, -36.4969], [174.2844, -36.4939], [174.2929, -36.5036], [174.3003, -36.5212], [174.2964, -36.53], [174.3536, -36.5451], [174.3773, -36.5649], [174.3797, -36.5716], [174.3704, -36.5797], [174.344, -36.5836], [174.3474, -36.5887], [174.3612, -36.5838], [174.3635, -36.5919], [174.3393, -36.6054], [174.36, -36.5994], [174.3519, -36.6248], [174.3646, -36.6207], [174.3641, -36.6278], [174.3786, -36.627], [174.3658, -36.6009], [174.3776, -36.5913], [174.3803, -36.6099], [174.3748, -36.6123], [174.3859, -36.6177], [174.3785, -36.6229], [174.3894, -36.617], [174.4025, -36.6307], [174.3816, -36.635], [174.3903, -36.6402], [174.4021, -36.6323], [174.3978, -36.6411], [174.4032, -36.6294], [174.4135, -36.6314], [174.4061, -36.6444], [174.416, -36.6406], [174.4117, -36.6507], [174.4159, -36.6452], [174.4177, -36.6508], [174.4256, -36.6388], [174.4046, -36.6247], [174.4193, -36.6197], [174.4467, -36.6559], [174.4385, -36.6598], [174.4479, -36.6623], [174.4401, -36.6689], [174.4488, -36.6697], [174.4486, -36.6775], [174.4424, -36.6736], [174.4401, -36.6795], [174.4495, -36.6844], [174.4411, -36.6792], [174.4498, -36.6772], [174.4495, -36.6687], [174.4411, -36.6691], [174.4499, -36.6655], [174.4413, -36.6599], [174.4489, -36.6556], [174.4284, -36.6232], [174.436, -36.622], [174.4445, -36.5947], [174.4091, -36.5841], [174.4139, -36.577], [174.4321, -36.5778], [174.4182, -36.5696], [174.4244, -36.5593], [174.4443, -36.5596], [174.4475, -36.5536], [174.4229, -36.5356], [174.4222, -36.5287], [174.4321, -36.5284], [174.4241, -36.5281], [174.4313, -36.511], [174.4068, -36.4775], [174.4161, -36.4408], [174.4414, -36.4236], [174.4289, -36.4279], [174.427, -36.4168], [174.4128, -36.4107], [174.4239, -36.3966], [174.4136, -36.4028], [174.3927, -36.392], [174.4066, -36.3928], [174.4117, -36.3883], [174.4042, -36.3927], [174.4029, -36.3867], [174.4284, -36.3718], [174.4214, -36.3716], [174.4242, -36.3623], [174.4155, -36.3548], [174.4308, -36.353], [174.4247, -36.3488], [174.4397, -36.3302], [174.4295, -36.3449], [174.4172, -36.3488], [174.4169, -36.3427], [174.4078, -36.3504], [174.4055, -36.3371], [174.3876, -36.3352], [174.3952, -36.3437], [174.3853, -36.3438], [174.3955, -36.3449], [174.3866, -36.3521], [174.397, -36.3494], [174.3932, -36.3592], [174.4022, -36.3592], [174.3996, -36.3695], [174.4152, -36.3747], [174.3882, -36.3858], [174.3699, -36.3804], [174.3743, -36.3871], [174.3684, -36.3953], [174.3783, -36.389], [174.3843, -36.4033], [174.368, -36.3995], [174.3573, -36.4113], [174.3104, -36.3771], [174.3122, -36.3648], [174.3039, -36.3539], [174.3085, -36.3659], [174.3006, -36.3782], [174.308, -36.3874], [174.2746, -36.3907], [174.2574, -36.3808], [174.2576, -36.3257], [174.2665, -36.3111], [174.2811, -36.3055], [174.2986, -36.3089], [174.3101, -36.3278], [174.3245, -36.3198], [174.3205, -36.3313], [174.3297, -36.3213], [174.3393, -36.3241], [174.3325, -36.3311], [174.3449, -36.3308], [174.3428, -36.3225], [174.3602, -36.3239], [174.3586, -36.3191], [174.3696, -36.3239], [174.3664, -36.3108], [174.3845, -36.3256], [174.3795, -36.3121], [174.391, -36.3121], [174.3937, -36.3199], [174.3941, -36.3018], [174.4071, -36.2951], [174.414, -36.28], [174.4201, -36.2971], [174.4237, -36.2848], [174.4334, -36.3021], [174.4454, -36.2841], [174.4319, -36.2932], [174.4245, -36.2763], [174.43, -36.2706], [174.4399, -36.2751], [174.455, -36.2556], [174.4618, -36.2649], [174.4792, -36.2636], [174.4772, -36.2777], [174.4948, -36.2729], [174.482, -36.2688], [174.481, -36.2615], [174.4885, -36.2538], [174.509, -36.2526], [174.4912, -36.2527], [174.4981, -36.2401], [174.4731, -36.2593], [174.4789, -36.2298], [174.523, -36.2101], [174.5223, -36.1972], [174.5346, -36.1835], [174.5628, -36.1791], [174.5711, -36.1662], [174.5802, -36.167], [174.5847, -36.1431], [174.5986, -36.1403], [174.6059, -36.1216], [174.6166, -36.1176], [174.6638, -36.1851], [174.7285, -36.2446], [174.7792, -36.2699], [174.822, -36.2774], [174.8169, -36.29], [174.8127, -36.2825], [174.8045, -36.2862], [174.8091, -36.2936], [174.7946, -36.3033], [174.8001, -36.3206], [174.7836, -36.3197], [174.7846, -36.3051], [174.7711, -36.3145], [174.7562, -36.3138], [174.7433, -36.3345], [174.7339, -36.3272], [174.7371, -36.3333], [174.758, -36.3196], [174.7618, -36.3572], [174.7756, -36.3611], [174.7827, -36.3537], [174.7691, -36.3386], [174.7796, -36.3192], [174.7894, -36.3506], [174.8045, -36.3486], [174.8351, -36.3687], [174.8613, -36.3622], [174.867, -36.3689], [174.8044, -36.3831], [174.7945, -36.3778], [174.7915, -36.3898], [174.7808, -36.3846], [174.771, -36.3927], [174.7651, -36.3867], [174.7707, -36.3786], [174.7549, -36.3817], [174.7577, -36.3921], [174.7429, -36.3973], [174.7363, -36.3908], [174.7441, -36.3878], [174.73, -36.3865], [174.734, -36.3786], [174.7424, -36.3804], [174.74, -36.3705], [174.7344, -36.3733], [174.7282, -36.3604], [174.7277, -36.3787], [174.729, -36.3666], [174.7186, -36.3517], [174.7259, -36.3806], [174.7169, -36.3884], [174.7089, -36.3695], [174.7103, -36.3908], [174.7166, -36.3961], [174.73, -36.3886], [174.7376, -36.3989], [174.7296, -36.4109], [174.7321, -36.4243], [174.7496, -36.4374], [174.7791, -36.4373], [174.7654, -36.4472], [174.7506, -36.4935], [174.736, -36.5043], [174.7357, -36.4872], [174.7496, -36.4827], [174.7441, -36.4706], [174.7526, -36.4645], [174.7412, -36.4615], [174.7382, -36.4517], [174.738, -36.4717], [174.7264, -36.4876], [174.7347, -36.4675], [174.7237, -36.4429], [174.7314, -36.44], [174.7244, -36.4348], [174.7313, -36.4328], [174.7176, -36.4333], [174.724, -36.4245], [174.7193, -36.4155], [174.7094, -36.4306], [174.6893, -36.4153], [174.6897, -36.4208], [174.6814, -36.418], [174.6935, -36.4262], [174.6853, -36.4361], [174.6993, -36.4318], [174.7079, -36.4385], [174.7084, -36.4462], [174.6919, -36.4465], [174.7106, -36.452], [174.6869, -36.4644], [174.6994, -36.4705], [174.7127, -36.4624], [174.7187, -36.4718], [174.707, -36.473], [174.7172, -36.4799], [174.7142, -36.4875], [174.7038, -36.4739], [174.676, -36.4854], [174.6913, -36.4838], [174.6916, -36.4911], [174.6978, -36.4818], [174.7078, -36.4857], [174.7016, -36.4947], [174.7185, -36.4957], [174.7299, -36.5162], [174.7143, -36.526], [174.7081, -36.5627], [174.6966, -36.5613], [174.6913, -36.5739], [174.697, -36.6004], [174.7584, -36.6283], [174.7745, -36.6066], [174.8385, -36.5933], [174.8344, -36.6186], [174.8163, -36.6177], [174.808, -36.6078], [174.8013, -36.6276], [174.787, -36.6266], [174.7959, -36.6216], [174.7912, -36.6145], [174.7866, -36.6259], [174.7724, -36.6247], [174.7669, -36.6364], [174.7408, -36.648], [174.7226, -36.6367], [174.7099, -36.615], [174.6772, -36.6196], [174.6901, -36.6188], [174.684, -36.6267], [174.6942, -36.6174], [174.7092, -36.6178], [174.6964, -36.6331], [174.709, -36.622], [174.7159, -36.6306], [174.7113, -36.6373], [174.7173, -36.6337], [174.7278, -36.6427], [174.7297, -36.6616], [174.7486, -36.6645], [174.7456, -36.6805], [174.7619, -36.6959], [174.7498, -36.7144], [174.7702, -36.76], [174.7648, -36.767], [174.8137, -36.8285], [174.795, -36.834], [174.7729, -36.8294], [174.7946, -36.8179], [174.7836, -36.8184], [174.7888, -36.8133], [174.7659, -36.8216], [174.7847, -36.8068], [174.7739, -36.8065], [174.7705, -36.7958], [174.7605, -36.8044], [174.7514, -36.8002], [174.7605, -36.8045], [174.7477, -36.8273], [174.7414, -36.8164], [174.7339, -36.8231], [174.7278, -36.8178], [174.7101, -36.8263], [174.697, -36.8231], [174.701, -36.8131], [174.6898, -36.8125], [174.6787, -36.79], [174.6953, -36.7826], [174.7073, -36.7916], [174.7088, -36.7839], [174.6975, -36.7792], [174.7028, -36.7714], [174.6761, -36.7865], [174.6623, -36.772], [174.6707, -36.7628], [174.6722, -36.7688], [174.6839, -36.763], [174.6759, -36.7593], [174.6773, -36.7512], [174.6929, -36.7231], [174.6598, -36.7706], [174.6484, -36.7653], [174.6343, -36.7722], [174.6377, -36.752], [174.6296, -36.7606], [174.6323, -36.7701], [174.6138, -36.7727], [174.5963, -36.754], [174.6004, -36.7636], [174.5946, -36.7684], [174.6062, -36.773], [174.5912, -36.7937], [174.5967, -36.7882], [174.6025, -36.795], [174.5979, -36.7878], [174.6107, -36.7739], [174.6167, -36.78], [174.6433, -36.7747], [174.6456, -36.7824], [174.6609, -36.7743], [174.6374, -36.7972], [174.6461, -36.7892], [174.6733, -36.7897], [174.6742, -36.7966], [174.6642, -36.7999], [174.6709, -36.805], [174.6505, -36.8011], [174.6482, -36.8124], [174.6406, -36.8109], [174.6457, -36.818], [174.6291, -36.8248], [174.6396, -36.8309], [174.6281, -36.8453], [174.6453, -36.8541], [174.6439, -36.8432], [174.6323, -36.8404], [174.6502, -36.8246], [174.6623, -36.8347], [174.6569, -36.8593], [174.6852, -36.8718], [174.6998, -36.8706], [174.7032, -36.8509], [174.7111, -36.861], [174.7095, -36.8543], [174.7171, -36.8576], [174.714, -36.8523], [174.7427, -36.8351], [174.7518, -36.8437], [174.7593, -36.8364], [174.7581, -36.8452], [174.7856, -36.8403], [174.8006, -36.8531], [174.8243, -36.8436], [174.8477, -36.8507], [174.8754, -36.8465], [174.8798, -36.8649], [174.892, -36.8717], [174.8697, -36.8779], [174.8777, -36.8788], [174.8681, -36.8878], [174.8688, -36.9021], [174.8437, -36.9064], [174.8555, -36.906], [174.8508, -36.9164], [174.8629, -36.9256], [174.844, -36.9363], [174.8663, -36.9328], [174.8435, -36.9557], [174.8493, -36.9572], [174.8452, -36.9685], [174.86, -36.946], [174.8679, -36.9527], [174.8795, -36.9476], [174.8809, -36.9548], [174.8856, -36.9498], [174.8797, -36.9426], [174.8619, -36.9452], [174.8749, -36.9346], [174.869, -36.9275], [174.8917, -36.9294], [174.896, -36.9179], [174.9056, -36.9286], [174.9049, -36.9142], [174.899, -36.9201], [174.8922, -36.9088], [174.895, -36.9182], [174.8868, -36.9259], [174.8584, -36.9162], [174.8608, -36.9069], [174.8759, -36.9053], [174.8799, -36.8911], [174.8962, -36.8926], [174.8879, -36.8889], [174.9059, -36.8756], [174.9006, -36.8466], [174.9155, -36.8748], [174.9544, -36.9017], [174.9545, -36.9103], [174.9407, -36.915], [174.9333, -36.9289], [174.9394, -36.9183], [174.9594, -36.9138], [174.958, -36.9294], [174.9668, -36.9257], [174.9635, -36.9451], [174.9697, -36.9488], [174.965, -36.9433], [174.9753, -36.9352], [174.9632, -36.9136], [174.9906, -36.9101], [174.9911, -36.9259], [174.9981, -36.9236], [174.9836, -36.8814], [174.9996, -36.8765], [175.0223, -36.8837], [175.0198, -36.8771], [175.0381, -36.8743], [175.0559, -36.8826], [175.0696, -36.9043], [175.0991, -36.9007], [175.0772, -36.9147], [175.0866, -36.9371], [175.0782, -36.9377], [175.0798, -36.9585], [175.0954, -36.9401], [175.0984, -36.9489], [175.1121, -36.9497], [175.1162, -36.9387], [175.132, -36.9385], [175.1409, -36.9274], [175.1589, -36.951], [175.1921, -36.9303], [175.2339, -36.9562], [175.2492, -36.9578], [175.2536, -36.9722], [175.2833, -36.9885], [175.2907, -37.009], [175.2913, -37.024], [175.2077, -37.0301], [175.2067, -37.0373], [175.1848, -37.0408], [175.1639, -37.0161], [175.1521, -37.0216], [175.1556, -37.047], [175.1476, -37.0549], [175.1505, -37.0703], [175.1408, -37.0987], [175.1542, -37.121], [175.1539, -37.1361], [175.1452, -37.1446], [175.1442, -37.1677], [175.1339, -37.1682], [175.1419, -37.1758], [175.1307, -37.1864], [175.0896, -37.1795], [175.0813, -37.1817], [175.0862, -37.1925], [175.0738, -37.1947], [175.0661, -37.1819], [175.0545, -37.1808], [175.0373, -37.1921], [175.0292, -37.1888], [175.0296, -37.1962], [175.0142, -37.1969], [174.9903, -37.2166], [174.9732, -37.1948], [174.948, -37.1957], [174.9299, -37.2062], [174.9365, -37.2146], [174.9308, -37.2331], [174.8868, -37.2306], [174.8504, -37.2512], [174.8481, -37.2342], [174.8063, -37.2268], [174.7389, -37.2679], [174.7225, -37.2581], [174.6893, -37.2662], [174.6582, -37.282], [174.6596, -37.2924], [174.574, -37.1303], [174.5415, -37.0835], [174.5359, -37.0547], [174.5454, -37.0469], [174.5706, -37.0424], [174.6084, -37.0488], [174.6284, -37.0361], [174.6583, -37.0437], [174.6665, -37.0597], [174.6566, -37.0668], [174.6647, -37.0682], [174.6425, -37.0776], [174.6582, -37.0817], [174.6355, -37.087], [174.6483, -37.0853], [174.6595, -37.0996], [174.6532, -37.1052], [174.6689, -37.106], [174.6427, -37.1205], [174.6674, -37.1184], [174.67, -37.1348], [174.6516, -37.1346], [174.6624, -37.1373], [174.6542, -37.1449], [174.666, -37.1391], [174.6895, -37.1469], [174.6665, -37.1632], [174.6991, -37.1513], [174.6801, -37.1746], [174.6966, -37.17], [174.6934, -37.1842], [174.6825, -37.188], [174.7026, -37.1857], [174.6872, -37.2031], [174.7036, -37.1957], [174.6993, -37.2061], [174.7064, -37.2038], [174.6934, -37.2163], [174.7061, -37.2081], [174.7011, -37.2174], [174.719, -37.2162], [174.7042, -37.226], [174.7165, -37.2244], [174.7045, -37.2335], [174.7186, -37.2276], [174.7182, -37.2446], [174.7275, -37.2328], [174.732, -37.2512], [174.7299, -37.2355], [174.7454, -37.2413], [174.7331, -37.2294], [174.7375, -37.2219], [174.728, -37.2246], [174.7191, -37.2139], [174.7135, -37.1969], [174.7287, -37.1896], [174.716, -37.1821], [174.7147, -37.1661], [174.7038, -37.1572], [174.7242, -37.1522], [174.7252, -37.1623], [174.7343, -37.1567], [174.7315, -37.1652], [174.7415, -37.1618], [174.7375, -37.1732], [174.7441, -37.1725], [174.7394, -37.1809], [174.7477, -37.1804], [174.7467, -37.1882], [174.7526, -37.1827], [174.7458, -37.1701], [174.7549, -37.1757], [174.7538, -37.1687], [174.7637, -37.1666], [174.7686, -37.1729], [174.775, -37.1629], [174.7755, -37.1728], [174.7765, -37.1645], [174.7869, -37.1634], [174.7941, -37.1745], [174.7922, -37.1632], [174.7679, -37.157], [174.7566, -37.1627], [174.7508, -37.158], [174.7446, -37.1659], [174.7457, -37.1574], [174.7362, -37.1509], [174.7424, -37.1467], [174.7083, -37.1522], [174.7044, -37.1412], [174.69, -37.1421], [174.6906, -37.1366], [174.7394, -37.1264], [174.7755, -37.0887], [174.7925, -37.0924], [174.7853, -37.0931], [174.7887, -37.1048], [174.7761, -37.1049], [174.7877, -37.1079], [174.7798, -37.1171], [174.7872, -37.1164], [174.78, -37.1375], [174.7877, -37.1306], [174.793, -37.1376], [174.7881, -37.1251], [174.7921, -37.105], [174.7995, -37.1055], [174.7969, -37.0962], [174.8363, -37.0754], [174.8564, -37.0555], [174.8531, -37.0609], [174.8624, -37.0684], [174.8699, -37.0631], [174.876, -37.0734], [174.8608, -37.089], [174.8662, -37.0873], [174.8604, -37.0996], [174.87, -37.1119], [174.8673, -37.0862], [174.8768, -37.0814], [174.8778, -37.0691], [174.8969, -37.061], [174.897, -37.0856], [174.9095, -37.0864], [174.9124, -37.0977], [174.8949, -37.1147], [174.9016, -37.1163], [174.9173, -37.0943], [174.918, -37.1126], [174.9211, -37.0913], [174.9397, -37.0953], [174.9432, -37.1088], [174.9456, -37.0943], [174.9335, -37.0967], [174.9192, -37.0832], [174.9151, -37.0887], [174.9003, -37.0847], [174.904, -37.0718], [174.9145, -37.0681], [174.9043, -37.0659], [174.9076, -37.061], [174.9131, -37.0597], [174.9107, -37.0668], [174.9232, -37.0595], [174.9341, -37.0659], [174.9375, -37.0596], [174.928, -37.0569], [174.9329, -37.0549], [174.919, -37.0556], [174.9216, -37.046], [174.9098, -37.0533], [174.9076, -37.0427], [174.9007, -37.0446], [174.8869, -37.0589], [174.8696, -37.0538], [174.8926, -37.0405], [174.8735, -37.0374], [174.863, -37.0531], [174.8552, -37.0382], [174.8566, -37.0164], [174.8403, -37.0184], [174.8535, -37.025], [174.8443, -37.0296], [174.8239, -37.0113], [174.8283, -37.008], [174.8146, -37.0098], [174.8192, -37.003], [174.8022, -37.0122], [174.8169, -37.0176], [174.7939, -37.0117], [174.7663, -37.0191], [174.7744, -37.0111], [174.771, -37.0048], [174.7435, -36.9974], [174.744, -36.9841], [174.7669, -36.9703], [174.7453, -36.9727], [174.7296, -36.9621], [174.7738, -36.9659], [174.7813, -36.9566], [174.7681, -36.9584], [174.7561, -36.9495], [174.7578, -36.9407], [174.7892, -36.9348], [174.7971, -36.95], [174.817, -36.943], [174.8096, -36.9536], [174.8174, -36.9577], [174.8228, -36.9539], [174.8169, -36.949], [174.8308, -36.9418], [174.8227, -36.9282], [174.7825, -36.9334], [174.7652, -36.9257]]], [[[174.6276, -36.848], [174.6293, -36.8466], [174.6277, -36.8454], [174.6276, -36.848]]], [[[174.75, -36.8122], [174.7501, -36.8155], [174.745, -36.8077], [174.75, -36.8122]]], [[[174.7678, -36.7958], [174.7706, -36.7933], [174.7664, -36.7903], [174.7678, -36.7958]]], [[[174.636, -36.8699], [174.6402, -36.8526], [174.6382, -36.8528], [174.636, -36.8699]]], [[[174.8269, -36.8654], [174.8285, -36.8636], [174.8121, -36.8629], [174.8269, -36.8654]]], [[[174.6176, -36.855], [174.626, -36.856], [174.627, -36.8472], [174.6176, -36.855]]], [[[174.8181, -36.8683], [174.8168, -36.8747], [174.8227, -36.8721], [174.8181, -36.8657], [174.8085, -36.8676], [174.8181, -36.8683]]], [[[174.6625, -36.5983], [174.6837, -36.598], [174.6814, -36.6061], [174.6976, -36.5995], [174.6921, -36.5908], [174.6915, -36.5962], [174.6722, -36.5906], [174.6782, -36.5941], [174.6625, -36.5983]]], [[[174.8121, -36.8619], [174.7869, -36.8484], [174.7934, -36.8551], [174.7886, -36.8637], [174.8121, -36.8619]]], [[[174.7915, -36.9886], [174.8086, -37.0055], [174.82, -36.9928], [174.8332, -36.9967], [174.8278, -36.9942], [174.8362, -36.9882], [174.8203, -36.9925], [174.8195, -36.978], [174.8186, -36.9886], [174.8118, -36.9859], [174.8166, -36.9931], [174.8077, -36.9956], [174.7985, -36.9803], [174.7994, -36.9885], [174.7915, -36.9886]]], [[[174.6867, -36.8849], [174.6942, -36.8882], [174.6952, -36.8738], [174.7025, -36.8731], [174.6788, -36.8756], [174.6733, -36.8699], [174.6723, -36.8769], [174.6867, -36.8849]]], [[[174.6604, -36.8937], [174.6671, -36.8891], [174.67, -36.9002], [174.677, -36.8988], [174.6782, -36.9059], [174.6831, -36.8998], [174.6929, -36.9089], [174.694, -36.9034], [174.6744, -36.896], [174.6767, -36.8848], [174.6637, -36.8797], [174.662, -36.8615], [174.6519, -36.8655], [174.6581, -36.8773], [174.6531, -36.8862], [174.6587, -36.8808], [174.667, -36.8858], [174.6604, -36.8937]]]]}, "properties": {"name": "Auckland", "icps": 16234, "kW": 46328.3, "pct": 2.45}}, {"type": "Feature", "geometry": {"type": "MultiPolygon", "coordinates": [[[[175.8358, -36.7285], [175.8358, -36.7285], [175.8358, -36.7284], [175.8358, -36.7285]]], [[[176.076, -36.9602], [176.0759, -36.9602], [176.076, -36.9601], [176.076, -36.9602]]], [[[176.0819, -36.959], [176.0819, -36.9591], [176.0818, -36.9591], [176.0819, -36.959]]], [[[176.0772, -36.9622], [176.0771, -36.9622], [176.0773, -36.9621], [176.0772, -36.9622]]], [[[176.0852, -36.9546], [176.0851, -36.9547], [176.0852, -36.9545], [176.0852, -36.9546]]], [[[176.0774, -36.9585], [176.0774, -36.9587], [176.0773, -36.9585], [176.0774, -36.9585]]], [[[176.0759, -36.9599], [176.0758, -36.9599], [176.0757, -36.9598], [176.0759, -36.9599]]], [[[176.0849, -36.9546], [176.0848, -36.9545], [176.0849, -36.9545], [176.0849, -36.9546]]], [[[176.0772, -36.9583], [176.0771, -36.9584], [176.0771, -36.9583], [176.0772, -36.9583]]], [[[176.0824, -36.9718], [176.0823, -36.9718], [176.0824, -36.9717], [176.0824, -36.9718]]], [[[176.0756, -36.9592], [176.0756, -36.9593], [176.0754, -36.9592], [176.0756, -36.9592]]], [[[176.0839, -36.9745], [176.0838, -36.9745], [176.0838, -36.9744], [176.0839, -36.9745]]], [[[176.0821, -36.9563], [176.0819, -36.9562], [176.0819, -36.9561], [176.0821, -36.9563]]], [[[176.078, -36.9575], [176.0779, -36.9575], [176.0779, -36.9574], [176.078, -36.9575]]], [[[176.0757, -36.9603], [176.0756, -36.9602], [176.0756, -36.9602], [176.0757, -36.9603]]], [[[176.0837, -36.9779], [176.0836, -36.978], [176.0835, -36.9779], [176.0837, -36.9779]]], [[[176.0558, -36.9525], [176.0557, -36.9525], [176.0557, -36.9524], [176.0558, -36.9525]]], [[[176.0872, -36.9557], [176.0871, -36.9557], [176.0871, -36.9556], [176.0872, -36.9557]]], [[[176.0755, -36.9599], [176.0754, -36.9599], [176.0755, -36.9597], [176.0755, -36.9599]]], [[[176.0833, -36.9781], [176.0832, -36.9781], [176.0832, -36.978], [176.0833, -36.9781]]], [[[176.0739, -36.9765], [176.0738, -36.9765], [176.0739, -36.9763], [176.0739, -36.9765]]], [[[176.0864, -36.9767], [176.0864, -36.9766], [176.0865, -36.9765], [176.0864, -36.9767]]], [[[176.0782, -36.9602], [176.0781, -36.9599], [176.0782, -36.96], [176.0782, -36.9602]]], [[[176.0753, -36.9597], [176.0751, -36.9598], [176.0752, -36.9596], [176.0753, -36.9597]]], [[[176.0767, -36.9763], [176.0767, -36.9762], [176.0768, -36.9761], [176.0767, -36.9763]]], [[[176.0882, -36.9543], [176.088, -36.9543], [176.088, -36.9541], [176.0882, -36.9543]]], [[[176.0799, -36.9559], [176.0798, -36.956], [176.0798, -36.9558], [176.0799, -36.9559]]], [[[176.0976, -36.9553], [176.0974, -36.9555], [176.0974, -36.9553], [176.0976, -36.9553]]], [[[176.1069, -36.9527], [176.1067, -36.9528], [176.1068, -36.9526], [176.1069, -36.9527]]], [[[176.0599, -36.9536], [176.0598, -36.9535], [176.06, -36.9534], [176.0599, -36.9536]]], [[[175.442, -36.7732], [175.4418, -36.7731], [175.442, -36.773], [175.442, -36.7732]]], [[[176.0818, -36.9783], [176.0816, -36.9781], [176.0818, -36.9781], [176.0818, -36.9783]]], [[[175.7942, -36.5711], [175.7941, -36.5709], [175.7942, -36.5708], [175.7942, -36.5711]]], [[[176.0791, -36.9606], [176.079, -36.9603], [176.0791, -36.9602], [176.0791, -36.9606]]], [[[176.0568, -36.9532], [176.0567, -36.9532], [176.0567, -36.953], [176.0568, -36.9532]]], [[[176.0789, -36.96], [176.0788, -36.9602], [176.0787, -36.96], [176.0789, -36.96]]], [[[176.1056, -36.9527], [176.1054, -36.9527], [176.1055, -36.9524], [176.1056, -36.9527]]], [[[176.0783, -36.9564], [176.0782, -36.9562], [176.0783, -36.9561], [176.0783, -36.9564]]], [[[176.0827, -36.9551], [176.0826, -36.9551], [176.0827, -36.9549], [176.0827, -36.9551]]], [[[176.0775, -36.9581], [176.0773, -36.9581], [176.0773, -36.9579], [176.0775, -36.9581]]], [[[175.7779, -36.6406], [175.7777, -36.6406], [175.7776, -36.6404], [175.7779, -36.6406]]], [[[175.7486, -36.7921], [175.7487, -36.7922], [175.7484, -36.7922], [175.7486, -36.7921]]], [[[176.0846, -36.9551], [176.0845, -36.9552], [176.0844, -36.9549], [176.0846, -36.9551]]], [[[176.0989, -36.9494], [176.0988, -36.9493], [176.0989, -36.9491], [176.0989, -36.9494]]], [[[176.0902, -36.9763], [176.09, -36.9764], [176.0901, -36.9761], [176.0902, -36.9763]]], [[[176.0996, -36.9534], [176.0993, -36.9535], [176.0993, -36.9534], [176.0996, -36.9534]]], [[[175.4851, -36.7797], [175.4849, -36.7797], [175.485, -36.7795], [175.4851, -36.7797]]], [[[175.4056, -36.8592], [175.4053, -36.859], [175.4058, -36.859], [175.4056, -36.8592]]], [[[175.8359, -36.7283], [175.8357, -36.7282], [175.8361, -36.728], [175.8359, -36.7283]]], [[[176.0582, -36.954], [176.0579, -36.9539], [176.058, -36.9537], [176.0582, -36.954]]], [[[176.0979, -36.9557], [176.0976, -36.9558], [176.0978, -36.9555], [176.0979, -36.9557]]], [[[175.4094, -36.8639], [175.4091, -36.8636], [175.4094, -36.8637], [175.4094, -36.8639]]], [[[176.0794, -36.9188], [176.0791, -36.9187], [176.0792, -36.9185], [176.0794, -36.9188]]], [[[176.078, -36.9567], [176.078, -36.9563], [176.0781, -36.9565], [176.078, -36.9567]]], [[[176.0565, -36.9536], [176.0563, -36.9536], [176.0563, -36.9533], [176.0565, -36.9536]]], [[[175.8385, -36.7305], [175.8385, -36.7301], [175.8387, -36.7301], [175.8385, -36.7305]]], [[[175.8338, -36.7306], [175.8336, -36.7306], [175.8335, -36.7303], [175.8338, -36.7306]]], [[[175.8584, -36.638], [175.8581, -36.6378], [175.8584, -36.6377], [175.8584, -36.638]]], [[[175.3867, -36.7007], [175.3862, -36.7007], [175.3865, -36.7005], [175.3867, -36.7007]]], [[[175.7771, -36.6404], [175.7769, -36.6404], [175.7768, -36.6401], [175.7771, -36.6404]]], [[[176.0985, -36.9511], [176.098, -36.9512], [176.0981, -36.951], [176.0985, -36.9511]]], [[[176.0768, -36.9453], [176.0769, -36.9449], [176.0771, -36.945], [176.0768, -36.9453]]], [[[175.7504, -36.5954], [175.7502, -36.5953], [175.7504, -36.5951], [175.7504, -36.5954]]], [[[175.838, -36.7284], [175.8377, -36.7283], [175.838, -36.7279], [175.838, -36.7284]]], [[[175.4123, -36.7419], [175.412, -36.7414], [175.4122, -36.7414], [175.4123, -36.7419]]], [[[175.4165, -36.4741], [175.4169, -36.4744], [175.4166, -36.4744], [175.4165, -36.4741]]], [[[175.7946, -36.5714], [175.7945, -36.5711], [175.7948, -36.5712], [175.7946, -36.5714]]], [[[175.7597, -36.6107], [175.7592, -36.6107], [175.7594, -36.6105], [175.7597, -36.6107]]], [[[175.8216, -36.7467], [175.8214, -36.7465], [175.8217, -36.7462], [175.8216, -36.7467]]], [[[176.0796, -36.9777], [176.0793, -36.9772], [176.0794, -36.9771], [176.0796, -36.9777]]], [[[175.3743, -36.6849], [175.3739, -36.6846], [175.3743, -36.6847], [175.3743, -36.6849]]], [[[175.4138, -36.6865], [175.4133, -36.6863], [175.4137, -36.6863], [175.4138, -36.6865]]], [[[176.076, -36.9588], [176.0757, -36.9585], [176.0758, -36.9582], [176.076, -36.9588]]], [[[176.0817, -36.9718], [176.0814, -36.9719], [176.0814, -36.9715], [176.0817, -36.9718]]], [[[176.0783, -36.9709], [176.0782, -36.9705], [176.0784, -36.9704], [176.0783, -36.9709]]], [[[175.85, -36.6427], [175.8493, -36.6425], [175.8498, -36.6423], [175.85, -36.6427]]], [[[175.7882, -36.5771], [175.7878, -36.5769], [175.788, -36.5767], [175.7882, -36.5771]]], [[[176.0786, -36.957], [176.0784, -36.9569], [176.0786, -36.9564], [176.0786, -36.957]]], [[[175.4037, -36.8105], [175.4032, -36.8102], [175.4037, -36.8102], [175.4037, -36.8105]]], [[[175.798, -36.6039], [175.7975, -36.6037], [175.7979, -36.6036], [175.798, -36.6039]]], [[[175.8193, -36.7461], [175.8189, -36.7459], [175.8193, -36.7455], [175.8193, -36.7461]]], [[[176.0777, -36.9564], [176.0771, -36.9564], [176.0775, -36.9562], [176.0777, -36.9564]]], [[[175.8227, -36.7477], [175.8223, -36.748], [175.8225, -36.7475], [175.8227, -36.7477]]], [[[175.9471, -36.623], [175.9465, -36.6224], [175.9471, -36.6228], [175.9471, -36.623]]], [[[176.0829, -36.9717], [176.0831, -36.9722], [176.0827, -36.9723], [176.0829, -36.9717]]], [[[175.8938, -36.6342], [175.8933, -36.6341], [175.8935, -36.6337], [175.8938, -36.6342]]], [[[176.0765, -36.9588], [176.0761, -36.9581], [176.0764, -36.9583], [176.0765, -36.9588]]], [[[176.0786, -36.9183], [176.0781, -36.9182], [176.0782, -36.9179], [176.0786, -36.9183]]], [[[175.418, -36.4745], [175.4175, -36.4743], [175.418, -36.4741], [175.418, -36.4745]]], [[[175.8218, -36.7435], [175.8212, -36.7441], [175.8211, -36.7437], [175.8218, -36.7435]]], [[[175.6121, -36.7076], [175.6126, -36.7081], [175.6122, -36.7083], [175.6121, -36.7076]]], [[[175.7749, -36.5814], [175.7745, -36.5811], [175.775, -36.5809], [175.7749, -36.5814]]], [[[175.4113, -36.8634], [175.411, -36.8628], [175.4114, -36.8629], [175.4113, -36.8634]]], [[[175.7502, -36.5885], [175.7495, -36.5881], [175.7498, -36.5881], [175.7502, -36.5885]]], [[[175.8497, -36.6556], [175.8491, -36.655], [175.8496, -36.6551], [175.8497, -36.6556]]], [[[175.7907, -36.8152], [175.791, -36.8155], [175.7902, -36.8154], [175.7907, -36.8152]]], [[[175.9005, -37.2215], [175.9004, -37.2212], [175.9011, -37.2207], [175.9005, -37.2215]]], [[[176.0765, -36.9442], [176.0761, -36.9448], [176.0758, -36.9443], [176.0765, -36.9442]]], [[[176.0971, -36.9481], [176.0973, -36.9486], [176.0965, -36.9485], [176.0971, -36.9481]]], [[[175.8169, -36.7152], [175.8173, -36.7157], [175.8167, -36.7157], [175.8169, -36.7152]]], [[[175.8203, -36.8376], [175.8204, -36.8381], [175.8196, -36.8381], [175.8203, -36.8376]]], [[[176.0794, -36.9571], [176.0791, -36.9565], [176.0794, -36.9563], [176.0794, -36.9571]]], [[[175.4035, -36.8065], [175.4026, -36.8062], [175.4032, -36.806], [175.4035, -36.8065]]], [[[175.8381, -36.7298], [175.8381, -36.7307], [175.8376, -36.7302], [175.8381, -36.7298]]], [[[175.612, -36.756], [175.6108, -36.7562], [175.6119, -36.7555], [175.612, -36.756]]], [[[175.7746, -36.5816], [175.7753, -36.582], [175.7742, -36.582], [175.7746, -36.5816]]], [[[175.8793, -36.6344], [175.8787, -36.6347], [175.8785, -36.6338], [175.8793, -36.6344]]], [[[175.7828, -36.4386], [175.7822, -36.4383], [175.7834, -36.4382], [175.7828, -36.4386]]], [[[176.0776, -36.9769], [176.0771, -36.9766], [176.0773, -36.9757], [176.0776, -36.9769]]], [[[175.8277, -36.7356], [175.8272, -36.7363], [175.8265, -36.7361], [175.8277, -36.7356]]], [[[175.7663, -36.5846], [175.7646, -36.5838], [175.7649, -36.5837], [175.7663, -36.5846]]], [[[175.7499, -36.5953], [175.7484, -36.5948], [175.7491, -36.5948], [175.7499, -36.5953]]], [[[175.4072, -36.8591], [175.4079, -36.8596], [175.4067, -36.8593], [175.4072, -36.8591]]], [[[175.8224, -36.8312], [175.8216, -36.8303], [175.8223, -36.8304], [175.8224, -36.8312]]], [[[175.387, -36.6992], [175.3859, -36.6992], [175.3865, -36.6984], [175.387, -36.6992]]], [[[175.3895, -36.7007], [175.39, -36.7015], [175.3892, -36.7012], [175.3895, -36.7007]]], [[[175.9184, -36.6245], [175.9176, -36.6235], [175.9186, -36.6239], [175.9184, -36.6245]]], [[[175.4056, -36.7486], [175.4048, -36.7494], [175.4048, -36.7486], [175.4056, -36.7486]]], [[[175.7975, -36.8209], [175.7969, -36.8197], [175.7977, -36.8204], [175.7975, -36.8209]]], [[[175.8211, -36.7179], [175.8224, -36.718], [175.8217, -36.7186], [175.8211, -36.7179]]], [[[175.3928, -36.7503], [175.3921, -36.751], [175.3915, -36.7505], [175.3928, -36.7503]]], [[[175.8196, -36.8385], [175.8206, -36.839], [175.8197, -36.8392], [175.8196, -36.8385]]], [[[175.7547, -36.5853], [175.7543, -36.5848], [175.7555, -36.5843], [175.7547, -36.5853]]], [[[176.0777, -36.9492], [176.077, -36.9506], [176.0766, -36.9493], [176.0777, -36.9492]]], [[[175.8225, -36.7468], [175.8222, -36.7477], [175.8211, -36.7473], [175.8225, -36.7468]]], [[[175.8203, -36.8253], [175.8206, -36.8259], [175.8195, -36.826], [175.8203, -36.8253]]], [[[176.0805, -36.9208], [176.0798, -36.9198], [176.0807, -36.92], [176.0805, -36.9208]]], [[[175.7665, -36.609], [175.7639, -36.6094], [175.7642, -36.609], [175.7665, -36.609]]], [[[175.4174, -36.7416], [175.4164, -36.741], [175.4172, -36.7399], [175.4174, -36.7416]]], [[[175.7525, -36.7922], [175.7516, -36.792], [175.7519, -36.7912], [175.7525, -36.7922]]], [[[175.8177, -36.8217], [175.8192, -36.8221], [175.8173, -36.8224], [175.8177, -36.8217]]], [[[175.843, -36.7323], [175.8437, -36.7326], [175.8434, -36.7337], [175.843, -36.7323]]], [[[175.8895, -36.868], [175.8909, -36.8689], [175.8899, -36.8691], [175.8895, -36.868]]], [[[175.4008, -36.4671], [175.4021, -36.4676], [175.4022, -36.4687], [175.4008, -36.4671]]], [[[175.878, -36.6318], [175.877, -36.6317], [175.8761, -36.63], [175.878, -36.6318]]], [[[175.6101, -36.6869], [175.6105, -36.6882], [175.6097, -36.6886], [175.6101, -36.6869]]], [[[176.0885, -36.9764], [176.0883, -36.9773], [176.0869, -36.9772], [176.0885, -36.9764]]], [[[176.0762, -36.9687], [176.0758, -36.9697], [176.0749, -36.9694], [176.0762, -36.9687]]], [[[175.4271, -36.8393], [175.4266, -36.8415], [175.4262, -36.8405], [175.4271, -36.8393]]], [[[176.0987, -36.9468], [176.0977, -36.9483], [176.0976, -36.9469], [176.0987, -36.9468]]], [[[175.8254, -36.8514], [175.8257, -36.8523], [175.8244, -36.8524], [175.8254, -36.8514]]], [[[175.7767, -36.5829], [175.7751, -36.5826], [175.7763, -36.5818], [175.7767, -36.5829]]], [[[175.7972, -36.6006], [175.7964, -36.6], [175.7978, -36.5992], [175.7972, -36.6006]]], [[[175.4613, -36.7346], [175.4629, -36.7356], [175.4614, -36.7358], [175.4613, -36.7346]]], [[[175.3788, -36.6574], [175.3815, -36.6584], [175.3814, -36.6593], [175.3788, -36.6574]]], [[[175.4096, -36.6811], [175.4108, -36.6828], [175.4097, -36.6829], [175.4096, -36.6811]]], [[[175.4145, -36.4695], [175.4149, -36.471], [175.4133, -36.4709], [175.4145, -36.4695]]], [[[175.6126, -36.7542], [175.6133, -36.755], [175.6107, -36.7558], [175.6126, -36.7542]]], [[[175.8972, -37.2182], [175.897, -37.2195], [175.8954, -37.2195], [175.8972, -37.2182]]], [[[175.3903, -36.7031], [175.3904, -36.7044], [175.3881, -36.7038], [175.3903, -36.7031]]], [[[175.472, -36.4985], [175.4734, -36.4992], [175.4727, -36.5001], [175.472, -36.4985]]], [[[175.3316, -36.4216], [175.3312, -36.4234], [175.3305, -36.4218], [175.3316, -36.4216]]], [[[176.1011, -36.9528], [176.1003, -36.9546], [176.0994, -36.9538], [176.1011, -36.9528]]], [[[175.8179, -36.7126], [175.8194, -36.7139], [175.8167, -36.7142], [175.8179, -36.7126]]], [[[175.8477, -36.6443], [175.847, -36.6438], [175.8498, -36.6432], [175.8477, -36.6443]]], [[[175.3696, -36.6509], [175.3709, -36.6519], [175.3695, -36.6528], [175.3696, -36.6509]]], [[[176.0789, -36.9652], [176.0784, -36.9665], [176.0753, -36.9668], [176.0789, -36.9652]]], [[[175.8604, -36.93], [175.8593, -36.9324], [175.8589, -36.9302], [175.8604, -36.93]]], [[[175.4528, -36.7582], [175.4502, -36.759], [175.4521, -36.7571], [175.4528, -36.7582]]], [[[175.8676, -36.7099], [175.8679, -36.7117], [175.8646, -36.7107], [175.8676, -36.7099]]], [[[175.8376, -36.7285], [175.8344, -36.7314], [175.8358, -36.7286], [175.8376, -36.7285]]], [[[175.4005, -36.4611], [175.4027, -36.4626], [175.3995, -36.4622], [175.4005, -36.4611]]], [[[175.8828, -36.7175], [175.8806, -36.7185], [175.883, -36.7143], [175.8828, -36.7175]]], [[[175.802, -36.8182], [175.8039, -36.8196], [175.7998, -36.8202], [175.802, -36.8182]]], [[[175.8193, -36.7435], [175.8222, -36.7458], [175.82, -36.7462], [175.8193, -36.7435]]], [[[175.422, -36.8401], [175.4204, -36.8424], [175.4169, -36.8414], [175.422, -36.8401]]], [[[175.8927, -37.2126], [175.8918, -37.2152], [175.8886, -37.2139], [175.8927, -37.2126]]], [[[175.9342, -37.0634], [175.9313, -37.0671], [175.9292, -37.0659], [175.9342, -37.0634]]], [[[175.3933, -36.6781], [175.3962, -36.6792], [175.3938, -36.6819], [175.3933, -36.6781]]], [[[175.9267, -37.0688], [175.9271, -37.0721], [175.9242, -37.0689], [175.9267, -37.0688]]], [[[175.4202, -36.7506], [175.4223, -36.7566], [175.4204, -36.7562], [175.4202, -36.7506]]], [[[174.8033, -38.1], [174.8021, -38.1049], [174.8, -38.1012], [174.8033, -38.1]]], [[[175.8618, -36.638], [175.8579, -36.6394], [175.8605, -36.6346], [175.8618, -36.638]]], [[[176.0594, -36.9538], [176.0572, -36.9584], [176.0548, -36.957], [176.0594, -36.9538]]], [[[175.85, -36.6571], [175.8512, -36.6601], [175.8446, -36.6615], [175.85, -36.6571]]], [[[175.3754, -36.654], [175.3744, -36.6604], [175.37, -36.6595], [175.3754, -36.654]]], [[[175.3998, -36.6712], [175.4073, -36.679], [175.4008, -36.6772], [175.3998, -36.6712]]], [[[175.8225, -36.8263], [175.8246, -36.8275], [175.8165, -36.8341], [175.8225, -36.8263]]], [[[176.0872, -36.9538], [176.0761, -36.9624], [176.076, -36.9592], [176.0872, -36.9538]]], [[[176.0821, -36.9724], [176.0833, -36.9776], [176.0779, -36.9769], [176.0821, -36.9724]]], [[[175.3914, -36.6922], [175.3983, -36.7014], [175.3911, -36.6989], [175.3914, -36.6922]]], [[[175.9022, -36.6214], [175.9142, -36.6257], [175.9019, -36.6255], [175.9022, -36.6214]]], [[[175.8774, -36.7224], [175.8856, -36.734], [175.8757, -36.7263], [175.8774, -36.7224]]], [[[176.0967, -36.9494], [176.0978, -36.9547], [176.0904, -36.9555], [176.0967, -36.9494]]], [[[175.4078, -36.8208], [175.4167, -36.8295], [175.4139, -36.8326], [175.4078, -36.8208]]], [[[175.4323, -36.7814], [175.4249, -36.7808], [175.4282, -36.7748], [175.4323, -36.7814]]], [[[175.9065, -36.9899], [175.9088, -36.9978], [175.9021, -36.9995], [175.9065, -36.9899]]], [[[175.4026, -36.7391], [175.412, -36.742], [175.3991, -36.7473], [175.4026, -36.7391]]], [[[174.8639, -38.1025], [174.8727, -38.1169], [174.8655, -38.1177], [174.8639, -38.1025]]], [[[175.4144, -36.7573], [175.422, -36.7697], [175.4147, -36.7694], [175.4144, -36.7573]]], [[[175.8857, -36.6339], [175.8904, -36.6483], [175.881, -36.6412], [175.8857, -36.6339]]], [[[175.7715, -36.429], [175.7873, -36.4418], [175.7599, -36.4381], [175.7715, -36.429]]], [[[175.9384, -36.6172], [175.9489, -36.6278], [175.9258, -36.6291], [175.9229, -36.6174], [175.9384, -36.6172]]], [[[175.9444, -37.037], [175.956, -37.047], [175.9394, -37.0614], [175.9346, -37.0498], [175.9444, -37.037]]], [[[175.4527, -36.7686], [175.4573, -36.7891], [175.4288, -36.7949], [175.4423, -36.7883], [175.4402, -36.777], [175.4485, -36.7783], [175.4527, -36.7686]]], [[[175.7886, -36.5795], [175.7833, -36.593], [175.7949, -36.5972], [175.7904, -36.6056], [175.8271, -36.6174], [175.8342, -36.637], [175.8234, -36.6421], [175.7759, -36.6375], [175.7871, -36.6272], [175.7868, -36.6094], [175.7727, -36.5916], [175.7676, -36.5966], [175.7735, -36.6035], [175.7594, -36.6029], [175.7508, -36.5873], [175.7886, -36.5795]]], [[[175.5382, -38.4703], [175.5421, -38.4806], [175.4845, -38.484], [175.4814, -38.4788], [175.4389, -38.4928], [175.4431, -38.4989], [175.4161, -38.5132], [175.4151, -38.5281], [175.3952, -38.5432], [175.3835, -38.5418], [175.3778, -38.5727], [175.3355, -38.5815], [175.3347, -38.5593], [175.3247, -38.5514], [175.303, -38.5715], [175.3019, -38.5992], [175.2851, -38.588], [175.2653, -38.6137], [175.2485, -38.6154], [175.2224, -38.6365], [175.2077, -38.639], [175.1952, -38.6294], [175.1733, -38.6274], [175.1389, -38.6316], [175.1164, -38.6219], [175.0931, -38.638], [175.0695, -38.6301], [175.07, -38.6377], [175.0511, -38.6494], [175.0005, -38.6663], [174.9567, -38.6647], [174.9643, -38.6968], [174.9533, -38.7014], [174.9541, -38.7151], [174.9348, -38.7306], [174.9378, -38.7502], [174.9275, -38.7563], [174.896, -38.7547], [174.8677, -38.765], [174.8629, -38.7746], [174.8282, -38.761], [174.8242, -38.748], [174.7942, -38.731], [174.7535, -38.7448], [174.7376, -38.7341], [174.6934, -38.7337], [174.6875, -38.7278], [174.654, -38.7332], [174.6472, -38.721], [174.6169, -38.7229], [174.6135, -38.7142], [174.6361, -38.5317], [174.6309, -38.5049], [174.6453, -38.4562], [174.6346, -38.3868], [174.6567, -38.3834], [174.6647, -38.3672], [174.66, -38.3637], [174.7102, -38.3237], [174.7159, -38.3059], [174.7171, -38.2727], [174.707, -38.2302], [174.7157, -38.2223], [174.7139, -38.2018], [174.6812, -38.11], [174.7344, -38.124], [174.7561, -38.1119], [174.7753, -38.0885], [174.7689, -38.1102], [174.7574, -38.1128], [174.7672, -38.1151], [174.7619, -38.12], [174.7788, -38.1091], [174.7781, -38.1364], [174.7826, -38.1289], [174.7839, -38.1351], [174.7919, -38.13], [174.7979, -38.135], [174.7941, -38.1225], [174.8049, -38.1193], [174.8073, -38.1427], [174.8241, -38.1337], [174.8146, -38.1455], [174.8283, -38.1422], [174.8205, -38.1565], [174.8288, -38.1579], [174.835, -38.133], [174.8491, -38.1297], [174.8545, -38.1552], [174.8583, -38.1403], [174.8518, -38.1377], [174.8554, -38.1294], [174.8429, -38.1283], [174.8425, -38.117], [174.8183, -38.1288], [174.8299, -38.1173], [174.8272, -38.1077], [174.848, -38.1023], [174.8466, -38.1165], [174.8549, -38.1194], [174.8497, -38.107], [174.8592, -38.0995], [174.8627, -38.1213], [174.8746, -38.1269], [174.8783, -38.1163], [174.8931, -38.12], [174.8863, -38.115], [174.8945, -38.1071], [174.8753, -38.1155], [174.8668, -38.1053], [174.8693, -38.0952], [174.896, -38.0857], [174.8974, -38.0962], [174.9038, -38.0874], [174.9213, -38.0915], [174.9034, -38.0839], [174.9174, -38.075], [174.8759, -38.0783], [174.8839, -38.069], [174.8999, -38.0751], [174.9093, -38.0659], [174.8938, -38.0679], [174.9111, -38.0551], [174.9085, -38.0499], [174.8902, -38.0648], [174.8901, -38.0563], [174.8794, -38.0529], [174.8884, -38.0467], [174.8598, -38.0558], [174.8588, -38.0368], [174.8473, -38.0616], [174.8409, -38.0584], [174.8424, -38.0395], [174.8285, -38.0449], [174.8289, -38.0597], [174.8111, -38.0791], [174.7782, -38.0826], [174.7895, -38.0272], [174.8207, -38.0063], [174.8285, -38.0086], [174.8229, -38.0194], [174.8486, -38.0247], [174.8442, -38.0161], [174.8476, -38.0093], [174.8551, -38.016], [174.8517, -38.0024], [174.8588, -38.0017], [174.8606, -37.9895], [174.873, -37.9977], [174.8647, -37.9852], [174.8769, -37.9758], [174.8732, -37.969], [174.8955, -37.963], [174.8786, -37.9595], [174.8675, -37.9464], [174.8508, -37.9519], [174.8507, -37.9323], [174.8436, -37.951], [174.8143, -37.9646], [174.8175, -37.9834], [174.8338, -37.9897], [174.8058, -38.0024], [174.7957, -38.0155], [174.7801, -37.9773], [174.7878, -37.9597], [174.7846, -37.9432], [174.7652, -37.8912], [174.7568, -37.8853], [174.7653, -37.8762], [174.7582, -37.859], [174.7768, -37.8313], [174.8251, -37.8217], [174.8437, -37.8039], [174.8653, -37.8005], [174.8447, -37.811], [174.8615, -37.8071], [174.862, -37.8232], [174.8655, -37.8123], [174.8747, -37.8236], [174.8703, -37.8318], [174.8807, -37.8219], [174.8708, -37.8123], [174.8794, -37.8062], [174.8649, -37.807], [174.8724, -37.7961], [174.8959, -37.802], [174.9021, -37.8164], [174.8994, -37.8048], [174.9152, -37.8036], [174.9152, -37.8133], [174.9286, -37.8081], [174.9187, -37.7964], [174.9295, -37.8006], [174.9387, -37.7889], [174.9378, -37.8026], [174.945, -37.7981], [174.9457, -37.8089], [174.9538, -37.8036], [174.9472, -37.7889], [174.9561, -37.7963], [174.9637, -37.7917], [174.9728, -37.8046], [174.9744, -37.7972], [174.9511, -37.7793], [174.9274, -37.7959], [174.9261, -37.7857], [174.9128, -37.7861], [174.9112, -37.7802], [174.9275, -37.7707], [174.9317, -37.777], [174.9675, -37.7735], [174.9521, -37.7659], [174.951, -37.7518], [174.9586, -37.7526], [174.9516, -37.7478], [174.958, -37.7435], [174.9525, -37.7244], [174.9544, -37.7396], [174.9454, -37.7423], [174.9531, -37.7503], [174.9389, -37.7525], [174.9335, -37.7324], [174.9299, -37.7549], [174.9219, -37.7423], [174.9128, -37.7431], [174.9196, -37.7534], [174.8967, -37.7635], [174.9102, -37.7664], [174.8993, -37.7801], [174.9012, -37.7906], [174.8856, -37.7824], [174.8764, -37.7884], [174.882, -37.7742], [174.8733, -37.7808], [174.8647, -37.7739], [174.8583, -37.7761], [174.8737, -37.7835], [174.8709, -37.789], [174.8548, -37.7982], [174.8384, -37.7963], [174.8102, -37.6762], [174.7862, -37.6159], [174.7711, -37.6008], [174.7687, -37.5609], [174.7, -37.4168], [174.7105, -37.3983], [174.707, -37.3763], [174.7225, -37.3896], [174.741, -37.3857], [174.7754, -37.345], [174.7407, -37.3418], [174.745, -37.3671], [174.7201, -37.3799], [174.6916, -37.357], [174.6582, -37.282], [174.6997, -37.2615], [174.7225, -37.2581], [174.7389, -37.2679], [174.8063, -37.2268], [174.8481, -37.2342], [174.8504, -37.2512], [174.8868, -37.2306], [174.9165, -37.2308], [174.9193, -37.2366], [174.9328, -37.2316], [174.9365, -37.2146], [174.9299, -37.2062], [174.948, -37.1957], [174.9732, -37.1948], [174.9903, -37.2166], [175.0142, -37.1969], [175.0296, -37.1962], [175.0292, -37.1888], [175.0373, -37.1921], [175.0545, -37.1808], [175.0661, -37.1819], [175.0738, -37.1947], [175.0862, -37.1925], [175.0813, -37.1817], [175.0896, -37.1795], [175.1209, -37.1896], [175.1326, -37.1854], [175.1419, -37.1758], [175.1339, -37.1682], [175.1442, -37.1677], [175.1452, -37.1446], [175.1539, -37.1361], [175.1542, -37.121], [175.1408, -37.0987], [175.1505, -37.0703], [175.1476, -37.0549], [175.1556, -37.047], [175.1521, -37.0216], [175.1616, -37.0158], [175.1848, -37.0408], [175.2067, -37.0373], [175.2077, -37.0301], [175.2913, -37.024], [175.3032, -37.0535], [175.2966, -37.0737], [175.3058, -37.0916], [175.2954, -37.1234], [175.3267, -37.1952], [175.3659, -37.2191], [175.3917, -37.2217], [175.3952, -37.2295], [175.4033, -37.222], [175.4401, -37.2179], [175.5013, -37.1945], [175.5245, -37.1712], [175.5438, -37.1663], [175.5403, -37.1476], [175.5457, -37.1477], [175.5151, -37.102], [175.5242, -37.0548], [175.4995, -36.9742], [175.4305, -36.9019], [175.4167, -36.8734], [175.4236, -36.8679], [175.4135, -36.8678], [175.4063, -36.8537], [175.4686, -36.853], [175.4678, -36.8461], [175.4786, -36.8449], [175.4737, -36.8377], [175.4521, -36.843], [175.4453, -36.8369], [175.438, -36.8448], [175.4281, -36.8333], [175.4291, -36.828], [175.4532, -36.8338], [175.4658, -36.8284], [175.4361, -36.8192], [175.4247, -36.826], [175.423, -36.8201], [175.4407, -36.8075], [175.4704, -36.8113], [175.4797, -36.8025], [175.4902, -36.8083], [175.5056, -36.794], [175.4968, -36.7806], [175.4856, -36.7795], [175.4955, -36.7646], [175.4831, -36.7542], [175.4708, -36.7536], [175.4652, -36.768], [175.4571, -36.7687], [175.4809, -36.734], [175.4656, -36.7333], [175.4641, -36.7238], [175.4429, -36.7302], [175.4383, -36.7166], [175.4305, -36.7169], [175.432, -36.6873], [175.4471, -36.6604], [175.4375, -36.6264], [175.4704, -36.6277], [175.4718, -36.6206], [175.4625, -36.6187], [175.4656, -36.612], [175.4573, -36.6163], [175.4277, -36.6064], [175.4174, -36.589], [175.425, -36.5881], [175.3445, -36.553], [175.327, -36.5256], [175.3256, -36.4897], [175.3284, -36.4799], [175.3416, -36.485], [175.3483, -36.4791], [175.3456, -36.4693], [175.3915, -36.4763], [175.4122, -36.4711], [175.4079, -36.4773], [175.4249, -36.4968], [175.4232, -36.5119], [175.4433, -36.5029], [175.458, -36.5258], [175.4643, -36.5225], [175.4761, -36.5353], [175.4804, -36.5299], [175.4689, -36.5111], [175.4753, -36.5048], [175.4947, -36.5109], [175.5202, -36.5408], [175.5335, -36.5402], [175.535, -36.5509], [175.5197, -36.555], [175.5291, -36.5667], [175.5233, -36.5953], [175.537, -36.6039], [175.5601, -36.5982], [175.5622, -36.6123], [175.5737, -36.6137], [175.5836, -36.6275], [175.5711, -36.6453], [175.5844, -36.664], [175.5768, -36.6712], [175.5567, -36.6648], [175.5559, -36.6844], [175.6052, -36.6821], [175.6048, -36.6967], [175.6145, -36.7], [175.6069, -36.7096], [175.6276, -36.7181], [175.6149, -36.7253], [175.6072, -36.7572], [175.625, -36.7526], [175.6267, -36.761], [175.6443, -36.7674], [175.6398, -36.7439], [175.659, -36.7524], [175.6778, -36.7424], [175.65, -36.7379], [175.6353, -36.7261], [175.7091, -36.7271], [175.7285, -36.7205], [175.7398, -36.7056], [175.7619, -36.7083], [175.7831, -36.6921], [175.79, -36.6932], [175.7987, -36.718], [175.82, -36.7173], [175.8271, -36.7396], [175.7914, -36.7411], [175.7553, -36.7573], [175.7477, -36.7906], [175.7341, -36.7952], [175.7248, -36.7882], [175.7298, -36.7912], [175.7247, -36.8061], [175.7016, -36.8071], [175.7063, -36.8386], [175.6917, -36.8452], [175.687, -36.8389], [175.6927, -36.8333], [175.6866, -36.842], [175.6727, -36.835], [175.6678, -36.8409], [175.6733, -36.8539], [175.687, -36.8473], [175.6851, -36.8615], [175.6666, -36.8719], [175.6745, -36.873], [175.6686, -36.8807], [175.676, -36.8888], [175.68, -36.8781], [175.6909, -36.8803], [175.6844, -36.8975], [175.7014, -36.8913], [175.6979, -36.9018], [175.7035, -36.894], [175.7154, -36.9061], [175.7072, -36.8888], [175.6996, -36.8885], [175.7195, -36.8726], [175.6971, -36.8636], [175.7126, -36.8406], [175.7129, -36.8271], [175.7589, -36.8365], [175.7537, -36.8531], [175.7609, -36.8493], [175.7632, -36.8648], [175.7741, -36.8464], [175.7593, -36.8463], [175.7645, -36.8208], [175.8196, -36.8411], [175.8158, -36.8467], [175.8281, -36.8624], [175.8198, -36.8726], [175.8135, -36.8674], [175.8193, -36.8831], [175.8355, -36.8916], [175.8373, -36.9065], [175.856, -36.9229], [175.8516, -36.9331], [175.8573, -36.9417], [175.8421, -36.9476], [175.8431, -36.9643], [175.8555, -36.9763], [175.8557, -36.9882], [175.872, -37.0001], [175.8662, -37.0047], [175.8582, -36.9951], [175.8484, -37.0031], [175.8515, -37.0094], [175.8305, -37.0387], [175.8357, -37.048], [175.8127, -37.0596], [175.837, -37.0524], [175.8432, -37.0317], [175.8542, -37.0256], [175.8581, -37.0308], [175.8545, -37.0134], [175.8618, -37.006], [175.8732, -37.028], [175.8858, -37.0285], [175.8886, -37.1132], [175.8783, -37.1052], [175.8629, -37.1139], [175.8604, -37.1264], [175.8683, -37.1337], [175.8741, -37.1156], [175.8902, -37.1129], [175.879, -37.1499], [175.8928, -37.1956], [175.881, -37.2018], [175.8637, -37.1649], [175.8503, -37.175], [175.8604, -37.18], [175.8527, -37.1841], [175.8653, -37.1954], [175.8578, -37.2072], [175.8643, -37.2115], [175.8674, -37.1966], [175.8785, -37.1995], [175.8847, -37.2179], [175.8799, -37.2312], [175.8944, -37.241], [175.8998, -37.2759], [175.9433, -37.3451], [175.9402, -37.3732], [175.9166, -37.3793], [175.926, -37.3833], [175.9168, -37.3986], [175.9245, -37.4044], [175.9039, -37.4057], [175.9101, -37.4303], [175.8908, -37.4437], [175.8824, -37.44], [175.8609, -37.4611], [175.872, -37.4735], [175.8811, -37.4692], [175.8993, -37.4957], [175.8656, -37.5004], [175.8328, -37.4716], [175.8135, -37.4849], [175.8173, -37.4947], [175.8059, -37.5099], [175.8233, -37.5158], [175.8308, -37.5356], [175.8113, -37.5608], [175.8415, -37.6133], [175.8336, -37.6275], [175.8795, -37.6993], [175.8968, -37.7118], [175.8952, -37.7242], [175.9276, -37.7762], [175.9059, -37.8286], [175.935, -37.8426], [175.9279, -37.8521], [175.9399, -37.868], [175.9363, -37.8814], [175.9478, -37.8788], [175.9609, -37.8894], [175.9718, -37.8828], [175.9542, -37.9019], [175.9772, -37.9137], [175.9414, -37.9278], [175.9494, -37.9567], [175.9711, -37.9702], [175.9715, -37.9864], [176.0132, -37.9935], [176.0623, -38.0268], [176.055, -38.0399], [176.0756, -38.0496], [176.0765, -38.0892], [176.0685, -38.0861], [176.0635, -38.0953], [176.0762, -38.1016], [176.0828, -38.1531], [176.09, -38.167], [176.1101, -38.1669], [176.1503, -38.2182], [176.1905, -38.1959], [176.1945, -38.2084], [176.2043, -38.2053], [176.2093, -38.2194], [176.2241, -38.2273], [176.2217, -38.238], [176.2356, -38.2377], [176.2648, -38.2148], [176.2811, -38.2189], [176.3905, -38.323], [176.4079, -38.3261], [176.4403, -38.3134], [176.4499, -38.3305], [176.447, -38.3565], [176.4688, -38.359], [176.5053, -38.4022], [176.4748, -38.5159], [176.4752, -38.5444], [176.451, -38.5617], [176.2551, -38.8082], [176.2584, -38.89], [176.2457, -38.8966], [176.2426, -38.9172], [176.2523, -38.9195], [176.2576, -38.9479], [176.1457, -39.04], [176.1458, -39.0519], [176.1713, -39.0576], [176.1785, -39.0663], [176.1728, -39.0785], [176.1135, -39.0912], [176.0956, -39.1069], [176.0964, -39.1196], [176.0873, -39.1297], [176.0688, -39.1226], [176.0544, -39.1058], [176.0325, -39.0995], [176.0314, -39.0782], [176.0231, -39.0829], [176.0047, -39.1022], [176.004, -39.1129], [175.9888, -39.1159], [175.9734, -39.1548], [175.964, -39.1595], [175.9642, -39.18], [175.886, -39.2059], [175.8927, -39.2236], [175.8547, -39.2444], [175.8681, -39.263], [175.8426, -39.2707], [175.8126, -39.3003], [175.7518, -39.2879], [175.7409, -39.2974], [175.7048, -39.2883], [175.6692, -39.2969], [175.5579, -39.276], [175.6347, -39.1584], [175.6478, -39.1001], [175.6187, -39.0826], [175.6246, -39.0599], [175.6136, -39.0506], [175.6358, -39.0453], [175.6481, -39.0144], [175.682, -38.9797], [175.6269, -38.974], [175.5626, -38.9868], [175.5694, -38.9701], [175.5608, -38.9727], [175.5542, -38.957], [175.58, -38.9107], [175.5447, -38.8645], [175.5776, -38.8255], [175.5555, -38.7902], [175.5417, -38.7951], [175.5184, -38.7519], [175.5796, -38.6818], [175.5759, -38.6499], [175.6003, -38.6341], [175.6285, -38.6007], [175.6369, -38.5525], [175.6254, -38.5452], [175.6122, -38.4876], [175.5655, -38.4945], [175.5382, -38.4703]]], [[[175.8409, -37.0042], [175.8481, -37.0041], [175.8466, -36.9979], [175.8409, -37.0042]]]]}, "properties": {"name": "Waikato", "icps": 9444, "kW": 74187.3, "pct": 3.81}}, {"type": "Feature", "geometry": {"type": "MultiPolygon", "coordinates": [[[[176.5614, -37.6595], [176.5612, -37.6595], [176.5614, -37.6594], [176.5614, -37.6595]]], [[[176.5592, -37.6636], [176.5591, -37.6637], [176.559, -37.6636], [176.5592, -37.6636]]], [[[176.5604, -37.6628], [176.5603, -37.6627], [176.5603, -37.6626], [176.5604, -37.6628]]], [[[176.5611, -37.6598], [176.5609, -37.6597], [176.5612, -37.6596], [176.5611, -37.6598]]], [[[176.8632, -37.8279], [176.8631, -37.8277], [176.8639, -37.8276], [176.8632, -37.8279]]], [[[176.4447, -37.7593], [176.4445, -37.7598], [176.4444, -37.7594], [176.4447, -37.7593]]], [[[176.5593, -37.6601], [176.559, -37.6598], [176.5595, -37.6596], [176.5593, -37.6601]]], [[[176.8824, -37.8342], [176.8817, -37.8341], [176.8825, -37.8337], [176.8824, -37.8342]]], [[[176.4786, -37.775], [176.478, -37.7756], [176.4778, -37.775], [176.4786, -37.775]]], [[[176.8764, -37.8283], [176.8756, -37.8289], [176.8754, -37.8283], [176.8764, -37.8283]]], [[[176.8844, -37.8311], [176.8843, -37.8317], [176.8828, -37.8323], [176.8844, -37.8311]]], [[[176.5611, -37.6601], [176.5607, -37.6618], [176.5598, -37.6606], [176.5611, -37.6601]]], [[[175.9469, -37.5627], [175.9476, -37.5642], [175.9462, -37.5633], [175.9469, -37.5627]]], [[[176.1701, -37.7102], [176.1688, -37.7118], [176.168, -37.7114], [176.1701, -37.7102]]], [[[176.1944, -37.63], [176.1954, -37.6317], [176.1942, -37.6321], [176.1944, -37.63]]], [[[176.1842, -37.6324], [176.1844, -37.6306], [176.1858, -37.6292], [176.1842, -37.6324]]], [[[176.56, -37.6612], [176.5616, -37.6625], [176.5587, -37.6628], [176.56, -37.6612]]], [[[176.1526, -37.6842], [176.1535, -37.685], [176.1513, -37.6857], [176.1526, -37.6842]]], [[[176.8735, -37.8304], [176.8707, -37.8328], [176.8689, -37.8308], [176.8735, -37.8304]]], [[[177.1344, -38.019], [177.1341, -38.0224], [177.1317, -38.0191], [177.1344, -38.019]]], [[[177.1531, -37.9981], [177.1471, -38.0017], [177.1439, -38.0008], [177.1531, -37.9981]]], [[[177.0714, -37.9841], [177.0844, -37.9923], [177.069, -37.9872], [177.0714, -37.9841]]], [[[175.9961, -37.6171], [175.9965, -37.6297], [175.9902, -37.6244], [175.9961, -37.6171]]], [[[177.1392, -38.0111], [177.1266, -38.0077], [177.1305, -38.004], [177.1392, -38.0111]]], [[[177.1234, -37.9951], [177.1249, -38.0036], [177.1134, -38.007], [177.1144, -37.9965], [177.1234, -37.9951]]], [[[176.0851, -37.6345], [176.0621, -37.6452], [176.0684, -37.6374], [176.0851, -37.6345]]], [[[176.9668, -37.8464], [176.9871, -37.8573], [176.9607, -37.8563], [176.9668, -37.8464]]], [[[177.1832, -37.5108], [177.1944, -37.516], [177.1946, -37.5269], [177.1793, -37.5294], [177.1671, -37.5173], [177.1832, -37.5108]]], [[[176.0917, -37.6071], [176.1267, -37.6365], [176.1068, -37.6392], [176.1065, -37.6218], [176.0917, -37.6071]]], [[[176.4152, -37.6028], [176.4381, -37.6208], [176.4241, -37.6413], [176.4068, -37.6471], [176.4152, -37.6028]]], [[[176.2612, -37.2676], [176.2805, -37.2736], [176.2701, -37.3045], [176.2578, -37.3106], [176.2315, -37.2972], [176.2314, -37.2841], [176.2384, -37.2726], [176.2612, -37.2676]]], [[[176.0599, -37.5693], [175.9847, -37.4989], [175.9856, -37.4725], [176.01, -37.4824], [176.087, -37.5724], [176.1592, -37.6366], [176.1459, -37.6422], [176.1279, -37.6281], [176.1255, -37.6171], [176.0842, -37.5938], [176.0852, -37.6008], [176.0769, -37.6024], [176.0957, -37.6218], [176.0853, -37.625], [176.0736, -37.6221], [176.0644, -37.6074], [176.0336, -37.6003], [176.03, -37.5708], [176.057, -37.5727], [176.0662, -37.5834], [176.0729, -37.581], [176.0691, -37.5702], [176.0599, -37.5693]]], [[[176.2669, -38.2143], [176.2322, -38.2391], [176.2217, -38.238], [176.2241, -38.2273], [176.2093, -38.2194], [176.2043, -38.2053], [176.1945, -38.2084], [176.1905, -38.1959], [176.1503, -38.2182], [176.1101, -38.1669], [176.09, -38.167], [176.0828, -38.1531], [176.0762, -38.1016], [176.0635, -38.0953], [176.0685, -38.0861], [176.0765, -38.0892], [176.0756, -38.0496], [176.055, -38.0399], [176.0623, -38.0268], [176.0132, -37.9935], [175.9715, -37.9864], [175.9711, -37.9702], [175.9494, -37.9567], [175.9414, -37.9278], [175.9772, -37.9137], [175.9542, -37.9019], [175.9718, -37.8828], [175.9609, -37.8894], [175.9478, -37.8788], [175.9363, -37.8814], [175.9399, -37.868], [175.9279, -37.8521], [175.935, -37.8426], [175.9059, -37.8286], [175.9276, -37.7762], [175.8952, -37.7242], [175.8968, -37.7118], [175.8795, -37.6993], [175.8336, -37.6275], [175.8415, -37.6133], [175.8113, -37.5608], [175.8308, -37.5356], [175.8233, -37.5158], [175.8059, -37.5099], [175.8173, -37.4947], [175.8135, -37.4849], [175.8328, -37.4716], [175.8656, -37.5004], [175.8993, -37.4957], [175.8811, -37.4692], [175.872, -37.4735], [175.8609, -37.4611], [175.8775, -37.4511], [175.8776, -37.4432], [175.8908, -37.4437], [175.9118, -37.4281], [175.9039, -37.4057], [175.9245, -37.4044], [175.9167, -37.4004], [175.9262, -37.3858], [175.9169, -37.3815], [175.9228, -37.3742], [175.9408, -37.3737], [175.9409, -37.4011], [175.9912, -37.4649], [175.9786, -37.4691], [175.9673, -37.4416], [175.958, -37.4337], [175.9487, -37.4395], [175.9583, -37.4349], [175.9691, -37.4503], [175.9569, -37.4488], [175.9382, -37.4654], [175.9363, -37.4836], [175.9469, -37.4832], [175.9297, -37.4973], [175.9551, -37.4972], [175.9501, -37.4846], [175.9675, -37.4957], [175.9781, -37.5146], [175.9469, -37.5315], [175.9178, -37.5336], [175.9198, -37.5419], [175.935, -37.5368], [175.9313, -37.5436], [175.9469, -37.5428], [175.9533, -37.554], [175.9283, -37.5592], [175.9374, -37.5637], [175.9229, -37.5788], [175.9295, -37.5831], [175.9431, -37.5688], [175.9382, -37.58], [175.9505, -37.5921], [175.9451, -37.5962], [175.9722, -37.5737], [175.978, -37.5893], [175.9587, -37.5987], [175.9571, -37.6115], [175.9789, -37.6068], [175.9799, -37.6149], [175.9878, -37.6148], [175.9732, -37.6176], [175.9585, -37.6323], [175.9704, -37.6306], [175.9703, -37.6369], [175.9733, -37.6249], [175.9871, -37.6271], [175.9866, -37.6465], [175.9976, -37.645], [175.998, -37.6337], [176.0153, -37.6244], [176.0085, -37.6517], [176.0536, -37.6264], [176.0231, -37.6674], [176.0493, -37.6549], [176.0408, -37.6686], [176.0503, -37.6692], [176.0331, -37.6834], [176.0535, -37.6796], [176.0489, -37.6596], [176.0688, -37.6696], [176.06, -37.6591], [176.0652, -37.6569], [176.093, -37.6631], [176.1021, -37.6773], [176.0955, -37.6871], [176.1127, -37.6783], [176.1216, -37.6831], [176.1288, -37.6725], [176.1139, -37.6715], [176.1245, -37.6598], [176.1641, -37.6712], [176.1747, -37.6583], [176.1717, -37.6743], [176.1777, -37.6746], [176.1815, -37.6399], [176.1662, -37.6291], [176.1738, -37.6251], [176.2503, -37.6802], [176.4022, -37.7433], [176.4541, -37.7548], [176.4178, -37.7493], [176.4312, -37.7625], [176.4542, -37.7573], [176.4681, -37.7408], [176.4799, -37.7605], [176.4689, -37.7745], [176.4961, -37.7778], [176.479, -37.7555], [176.5707, -37.8134], [176.6624, -37.8546], [176.7565, -37.8849], [176.9317, -37.9169], [177.0097, -37.944], [176.9926, -37.9496], [177.0167, -37.9383], [177.0234, -37.9565], [177.0389, -37.9642], [177.1434, -37.985], [177.1448, -37.9924], [177.0744, -37.9775], [177.0565, -37.9961], [177.0641, -38.0148], [177.0725, -38.0103], [177.069, -37.9968], [177.0809, -38.0023], [177.0893, -37.997], [177.0859, -38.0174], [177.0927, -38.0112], [177.0965, -38.0172], [177.0953, -38.0006], [177.1093, -38.0018], [177.113, -38.0109], [177.1026, -38.0249], [177.1191, -38.0178], [177.1347, -38.0421], [177.135, -38.0356], [177.1494, -38.0442], [177.1602, -38.0398], [177.1443, -38.0346], [177.1381, -38.021], [177.146, -38.0047], [177.1619, -38.007], [177.1609, -37.99], [177.1478, -37.9956], [177.1574, -37.9866], [177.2637, -37.9924], [177.3872, -37.9854], [177.4378, -37.9688], [177.4425, -37.9587], [177.4875, -37.9496], [177.4918, -37.9423], [177.4859, -37.9351], [177.5301, -37.9203], [177.5482, -37.906], [177.5543, -37.8836], [177.5841, -37.8674], [177.5883, -37.8376], [177.6065, -37.8381], [177.6165, -37.8215], [177.6128, -37.8119], [177.62, -37.8079], [177.6291, -37.8147], [177.6507, -37.8054], [177.6526, -37.7859], [177.6842, -37.7605], [177.6706, -37.7387], [177.7079, -37.7225], [177.7276, -37.6802], [177.7495, -37.6751], [177.7894, -37.6807], [177.8157, -37.6582], [177.8349, -37.6642], [177.8638, -37.6566], [177.9038, -37.6052], [177.9082, -37.6166], [177.9195, -37.6203], [177.9541, -37.6154], [177.9652, -37.5943], [177.9931, -37.5716], [177.9809, -37.5544], [177.9815, -37.5373], [178.008, -37.5533], [178.037, -37.5415], [178.0853, -37.5424], [178.1076, -37.5987], [178.0398, -37.5975], [177.9867, -37.6088], [177.9783, -37.6168], [177.9751, -37.6302], [177.9896, -37.6449], [177.9924, -37.6906], [177.9982, -37.6896], [177.9866, -37.6972], [177.9933, -37.7166], [177.9786, -37.7308], [177.9781, -37.7441], [177.9922, -37.7529], [177.9945, -37.7644], [178.0388, -37.7331], [178.073, -37.7636], [177.9723, -37.845], [177.861, -38.1117], [177.849, -38.1113], [177.74, -38.042], [177.7244, -38.0226], [177.6811, -38.0124], [177.6743, -38.0249], [177.6975, -38.0627], [177.6767, -38.0866], [177.6859, -38.0832], [177.6942, -38.0934], [177.6898, -38.0977], [177.7033, -38.1064], [177.6641, -38.1169], [177.6508, -38.1411], [177.6536, -38.1586], [177.6024, -38.1712], [177.6048, -38.1866], [177.5732, -38.1927], [177.5565, -38.2047], [177.5604, -38.2094], [177.5337, -38.2093], [177.5333, -38.2184], [177.501, -38.2134], [177.4918, -38.2397], [177.4818, -38.2399], [177.4911, -38.25], [177.4899, -38.2612], [177.4976, -38.2608], [177.4843, -38.2745], [177.4863, -38.2963], [177.4637, -38.3335], [177.2369, -38.4263], [177.2545, -38.5132], [177.2409, -38.5102], [177.2258, -38.5341], [177.2025, -38.5243], [177.1663, -38.5678], [177.1668, -38.5779], [177.1487, -38.5842], [177.1382, -38.5768], [177.1201, -38.5853], [177.0997, -38.6274], [177.0779, -38.6106], [177.0608, -38.6221], [177.046, -38.6208], [177.027, -38.6395], [177.017, -38.6672], [176.9714, -38.7048], [176.9619, -38.6968], [176.9292, -38.6982], [176.8995, -38.6826], [176.8868, -38.6665], [176.8614, -38.6801], [176.8456, -38.6725], [176.8225, -38.6914], [176.7994, -38.6805], [176.7733, -38.6845], [176.7592, -38.7089], [176.7442, -38.7119], [176.7429, -38.7278], [176.7271, -38.7218], [176.7141, -38.7279], [176.7079, -38.789], [176.692, -38.8063], [176.7041, -38.8271], [176.6967, -38.8564], [176.6784, -38.8556], [176.6762, -38.8403], [176.659, -38.8352], [176.6517, -38.822], [176.6081, -38.8229], [176.5897, -38.8353], [176.5606, -38.8002], [176.5199, -38.7971], [176.5085, -38.8129], [176.5093, -38.853], [176.4969, -38.8579], [176.4953, -38.8814], [176.4662, -38.8928], [176.4608, -38.9113], [176.4417, -38.9203], [176.4682, -38.9415], [176.4348, -38.9689], [176.4553, -38.9891], [176.448, -39.0041], [176.3809, -38.9881], [176.3582, -38.9584], [176.3321, -38.9525], [176.3142, -38.9228], [176.3114, -38.9027], [176.2584, -38.89], [176.2551, -38.8082], [176.451, -38.5617], [176.4752, -38.5444], [176.4748, -38.5159], [176.5053, -38.4022], [176.4688, -38.359], [176.447, -38.3565], [176.4499, -38.3305], [176.4403, -38.3134], [176.4079, -38.3261], [176.3905, -38.323], [176.3403, -38.2806], [176.3307, -38.2603], [176.3204, -38.2604], [176.2969, -38.2287], [176.2669, -38.2143]]], [[[176.1607, -37.6708], [176.1625, -37.6724], [176.164, -37.6713], [176.1607, -37.6708]]], [[[176.1559, -37.7283], [176.1658, -37.7218], [176.1634, -37.7104], [176.1502, -37.7155], [176.146, -37.7262], [176.1559, -37.7283]]], [[[176.1589, -37.6742], [176.1436, -37.6825], [176.1521, -37.6965], [176.1633, -37.6828], [176.1651, -37.6746], [176.1589, -37.6742]]], [[[176.2142, -37.6868], [176.2077, -37.6913], [176.2127, -37.6958], [176.1897, -37.7069], [176.1787, -37.6891], [176.1986, -37.6937], [176.2041, -37.6776], [176.1944, -37.681], [176.1803, -37.6689], [176.1716, -37.6746], [176.1707, -37.6867], [176.1785, -37.6892], [176.1707, -37.6872], [176.1663, -37.6956], [176.167, -37.7221], [176.1895, -37.707], [176.1916, -37.7171], [176.175, -37.7245], [176.1843, -37.726], [176.2002, -37.7232], [176.202, -37.7135], [176.2355, -37.7117], [176.2262, -37.704], [176.2372, -37.6964], [176.2142, -37.6868]]]]}, "properties": {"name": "Bay of Plenty", "icps": 6924, "kW": 24941.6, "pct": 4.99}}, {"type": "Feature", "geometry": {"type": "MultiPolygon", "coordinates": [[[[178.0487, -38.7051], [178.0505, -38.7067], [178.0476, -38.7067], [178.0487, -38.7051]]], [[[178.5759, -37.6893], [178.5768, -37.6924], [178.5739, -37.693], [178.5759, -37.6893]]], [[[178.3432, -38.379], [178.3488, -38.3879], [178.3421, -38.3868], [178.3432, -38.379]]], [[[178.09, -38.6718], [178.0754, -38.6849], [178.0697, -38.7079], [178.0601, -38.7002], [178.0486, -38.7039], [178.0382, -38.6853], [178.0186, -38.6781], [178.0286, -38.6685], [177.9734, -38.6809], [177.9368, -38.7171], [177.9352, -38.7505], [177.9723, -38.7579], [177.9511, -38.7636], [177.9292, -38.7871], [177.9196, -38.8103], [177.9231, -38.8217], [177.9118, -38.8279], [177.9109, -38.85], [177.9205, -38.8669], [177.903, -38.8879], [177.9104, -38.9131], [177.8968, -38.9728], [177.8369, -38.956], [177.8445, -38.9215], [177.8305, -38.9116], [177.8219, -38.9217], [177.8047, -38.9118], [177.799, -38.8944], [177.7761, -38.9128], [177.7492, -38.8967], [177.7289, -38.9188], [177.7294, -38.9034], [177.7217, -38.8983], [177.7106, -38.9065], [177.674, -38.899], [177.6602, -38.9047], [177.6624, -38.8458], [177.6479, -38.8628], [177.6395, -38.8611], [177.6375, -38.8711], [177.6261, -38.8434], [177.5998, -38.8519], [177.5905, -38.8284], [177.5931, -38.8031], [177.561, -38.8016], [177.5306, -38.8197], [177.5389, -38.8126], [177.5313, -38.7916], [177.5144, -38.7744], [177.4942, -38.778], [177.4835, -38.7551], [177.4699, -38.7554], [177.4675, -38.7443], [177.4759, -38.7318], [177.4662, -38.7056], [177.4397, -38.7041], [177.4293, -38.6922], [177.4088, -38.6994], [177.4187, -38.6739], [177.431, -38.6692], [177.4515, -38.6399], [177.4478, -38.6359], [177.3924, -38.6221], [177.3534, -38.6246], [177.309, -38.5969], [177.3076, -38.6597], [177.1222, -38.5839], [177.1668, -38.5779], [177.1663, -38.5678], [177.2025, -38.5243], [177.2258, -38.5341], [177.2409, -38.5102], [177.2549, -38.5127], [177.2369, -38.4263], [177.4637, -38.3335], [177.4863, -38.2963], [177.4843, -38.2745], [177.4976, -38.2608], [177.4899, -38.2612], [177.4911, -38.25], [177.4818, -38.2399], [177.4918, -38.2397], [177.501, -38.2134], [177.5321, -38.2185], [177.5337, -38.2093], [177.5604, -38.2094], [177.5565, -38.2047], [177.5732, -38.1927], [177.6048, -38.1866], [177.6024, -38.1712], [177.6536, -38.1586], [177.6508, -38.1411], [177.6641, -38.1169], [177.7033, -38.1064], [177.6898, -38.0977], [177.6942, -38.0934], [177.6859, -38.0832], [177.6767, -38.0866], [177.6975, -38.0627], [177.6743, -38.0249], [177.6811, -38.0124], [177.7244, -38.0226], [177.74, -38.042], [177.849, -38.1113], [177.861, -38.1117], [177.9723, -37.845], [178.073, -37.7636], [178.0388, -37.7331], [177.9945, -37.7644], [177.9922, -37.7529], [177.9781, -37.7441], [177.9786, -37.7308], [177.9933, -37.7166], [177.9866, -37.6972], [177.9982, -37.6896], [177.9924, -37.6906], [177.9896, -37.6449], [177.9751, -37.6302], [177.9801, -37.6132], [178.0398, -37.5975], [178.1076, -37.5987], [178.0853, -37.5424], [178.1639, -37.5525], [178.1713, -37.5344], [178.2095, -37.5352], [178.2165, -37.5469], [178.3186, -37.5578], [178.3153, -37.5671], [178.2937, -37.5701], [178.294, -37.5842], [178.3014, -37.5962], [178.3251, -37.5909], [178.3163, -37.6019], [178.3408, -37.6217], [178.3716, -37.633], [178.4179, -37.6297], [178.4496, -37.6409], [178.4807, -37.6401], [178.5189, -37.6705], [178.5385, -37.6735], [178.5504, -37.692], [178.524, -37.7207], [178.5239, -37.7336], [178.4788, -37.7747], [178.45, -37.8134], [178.4458, -37.8233], [178.4517, -37.8332], [178.4127, -37.8591], [178.401, -37.9035], [178.387, -37.9192], [178.3993, -37.9409], [178.3914, -37.9612], [178.378, -37.9658], [178.3685, -37.9853], [178.3522, -37.9897], [178.3372, -38.0093], [178.3368, -38.0372], [178.3557, -38.0497], [178.3716, -38.0499], [178.3616, -38.0686], [178.3727, -38.0721], [178.374, -38.0935], [178.3593, -38.1099], [178.3414, -38.1093], [178.322, -38.1222], [178.3178, -38.1393], [178.348, -38.171], [178.3676, -38.1759], [178.3384, -38.1916], [178.3352, -38.2198], [178.32, -38.2216], [178.3095, -38.2331], [178.3328, -38.2596], [178.3347, -38.2832], [178.3594, -38.289], [178.3256, -38.3054], [178.323, -38.3158], [178.3334, -38.3264], [178.3242, -38.3345], [178.3297, -38.3524], [178.3072, -38.3613], [178.3053, -38.3728], [178.3187, -38.383], [178.3403, -38.3787], [178.3365, -38.4051], [178.3468, -38.4158], [178.3118, -38.4339], [178.2799, -38.475], [178.2919, -38.5293], [178.2033, -38.5872], [178.1992, -38.6052], [178.1803, -38.6124], [178.1724, -38.629], [178.1588, -38.629], [178.1472, -38.652], [178.1245, -38.6507], [178.09, -38.6718]]]]}, "properties": {"name": "Gisborne", "icps": 717, "kW": 1078.5, "pct": 2.98}}, {"type": "Feature", "geometry": {"type": "MultiPolygon", "coordinates": [[[[177.0975, -39.6421], [177.0971, -39.642], [177.0975, -39.6417], [177.0975, -39.6421]]], [[[176.9881, -39.8577], [176.989, -39.8583], [176.9882, -39.8581], [176.9881, -39.8577]]], [[[177.8217, -39.1599], [177.8204, -39.1601], [177.8209, -39.1594], [177.8217, -39.1599]]], [[[177.0286, -39.8311], [177.0298, -39.8338], [177.0234, -39.8377], [177.0286, -39.8311]]], [[[177.8709, -39.2763], [177.8652, -39.3053], [177.8639, -39.2857], [177.8709, -39.2763]]], [[[176.9293, -39.9443], [176.882, -40.0397], [176.8797, -40.0622], [176.894, -40.076], [176.871, -40.0964], [176.8697, -40.1305], [176.8456, -40.143], [176.8454, -40.1546], [176.787, -40.2183], [176.7403, -40.2274], [176.6782, -40.2656], [176.686, -40.2704], [176.6669, -40.3011], [176.6728, -40.3221], [176.6531, -40.3514], [176.6361, -40.3887], [176.6362, -40.4075], [176.6226, -40.428], [176.5897, -40.4226], [176.5873, -40.4313], [176.5785, -40.4146], [176.5588, -40.4072], [176.55, -40.4212], [176.4929, -40.4001], [176.4916, -40.4119], [176.4403, -40.4067], [176.4339, -40.4029], [176.4364, -40.3915], [176.4178, -40.3923], [176.407, -40.3786], [176.3871, -40.3738], [176.3919, -40.3617], [176.3706, -40.3586], [176.4057, -40.333], [176.3889, -40.323], [176.3992, -40.2849], [176.3781, -40.2725], [176.3863, -40.2657], [176.3803, -40.2374], [176.3703, -40.2342], [176.3702, -40.2144], [176.3617, -40.2153], [176.3587, -40.198], [176.3787, -40.1581], [176.3432, -40.1455], [176.3296, -40.1225], [176.3132, -40.1239], [176.3093, -40.1178], [176.3209, -40.0856], [176.2972, -40.0681], [176.2638, -40.0627], [176.2622, -40.0451], [176.2387, -40.0384], [176.2388, -40.0273], [176.2178, -40.0288], [176.2135, -40.0178], [176.1543, -40.0122], [176.1366, -40.0286], [176.1255, -40.0136], [176.0938, -39.9955], [176.1211, -39.9624], [176.1245, -39.9478], [176.1097, -39.9419], [176.1154, -39.9294], [176.1068, -39.9171], [176.1261, -39.9048], [176.1269, -39.8916], [176.1172, -39.8868], [176.135, -39.8506], [176.138, -39.8239], [176.1769, -39.744], [176.1691, -39.7179], [176.1805, -39.7111], [176.1842, -39.6838], [176.2009, -39.673], [176.1959, -39.6636], [176.1651, -39.6487], [176.1813, -39.6169], [176.179, -39.6053], [176.1527, -39.5983], [176.1425, -39.5799], [176.155, -39.5694], [176.1519, -39.5602], [176.1823, -39.5424], [176.1938, -39.5045], [176.1664, -39.5006], [176.1369, -39.4759], [176.144, -39.4485], [176.1214, -39.4344], [176.1205, -39.4009], [176.1112, -39.3844], [176.0842, -39.3836], [176.0691, -39.3923], [176.0429, -39.381], [176.052, -39.3657], [176.0658, -39.3663], [176.115, -39.3392], [176.1218, -39.3271], [176.1024, -39.3152], [176.1005, -39.2951], [176.0868, -39.2891], [176.0936, -39.278], [176.0807, -39.26], [176.1155, -39.2188], [176.094, -39.2109], [176.0777, -39.2167], [176.075, -39.2109], [176.0904, -39.2], [176.0828, -39.1868], [176.0868, -39.1804], [176.1029, -39.1766], [176.0831, -39.1489], [176.0846, -39.1308], [176.0964, -39.1196], [176.0956, -39.1069], [176.1135, -39.0912], [176.1728, -39.0785], [176.1765, -39.0636], [176.1458, -39.0519], [176.1449, -39.0412], [176.2576, -38.9479], [176.2523, -38.9195], [176.2429, -38.9203], [176.2506, -38.8917], [176.3101, -38.9019], [176.3342, -38.9544], [176.3582, -38.9584], [176.3821, -38.9887], [176.448, -39.0041], [176.4553, -38.9891], [176.4348, -38.9689], [176.4682, -38.9415], [176.4417, -38.9203], [176.4608, -38.9113], [176.4662, -38.8928], [176.4953, -38.8814], [176.4969, -38.8579], [176.5093, -38.853], [176.5085, -38.8129], [176.5189, -38.7979], [176.5606, -38.8002], [176.5897, -38.8353], [176.6081, -38.8229], [176.6517, -38.822], [176.659, -38.8352], [176.6762, -38.8403], [176.6784, -38.8556], [176.6977, -38.856], [176.7041, -38.8271], [176.692, -38.8063], [176.7079, -38.789], [176.7141, -38.7279], [176.7271, -38.7218], [176.7429, -38.7278], [176.7442, -38.7119], [176.7592, -38.7089], [176.7733, -38.6845], [176.7994, -38.6805], [176.8225, -38.6914], [176.8456, -38.6725], [176.8614, -38.6801], [176.8868, -38.6665], [176.8995, -38.6826], [176.9292, -38.6982], [176.9619, -38.6968], [176.9714, -38.7048], [177.017, -38.6672], [177.027, -38.6395], [177.046, -38.6208], [177.0608, -38.6221], [177.0779, -38.6106], [177.1003, -38.627], [177.106, -38.6041], [177.1222, -38.5839], [177.3076, -38.6597], [177.309, -38.5969], [177.3534, -38.6246], [177.3924, -38.6221], [177.4159, -38.6325], [177.4397, -38.6327], [177.4515, -38.6399], [177.431, -38.6692], [177.4187, -38.6739], [177.4088, -38.6994], [177.4293, -38.6922], [177.4397, -38.7041], [177.4662, -38.7056], [177.4759, -38.7318], [177.4675, -38.7443], [177.4699, -38.7554], [177.4835, -38.7551], [177.4942, -38.778], [177.5144, -38.7744], [177.5313, -38.7916], [177.5389, -38.8126], [177.5306, -38.8197], [177.561, -38.8016], [177.5931, -38.8031], [177.5905, -38.8284], [177.5998, -38.8519], [177.6261, -38.8434], [177.6365, -38.871], [177.6395, -38.8611], [177.6479, -38.8628], [177.6624, -38.8458], [177.6602, -38.9047], [177.674, -38.899], [177.7106, -38.9065], [177.7217, -38.8983], [177.7294, -38.9034], [177.7289, -38.9188], [177.7492, -38.8967], [177.7761, -38.9128], [177.799, -38.8944], [177.8047, -38.9118], [177.8219, -38.9217], [177.8338, -38.9128], [177.8456, -38.9237], [177.8366, -38.9557], [177.899, -38.9718], [177.8864, -39.0241], [177.9018, -39.073], [177.9438, -39.0954], [177.9587, -39.0886], [177.9661, -39.0982], [178.0009, -39.1025], [178.0007, -39.1122], [177.9544, -39.1381], [177.9252, -39.169], [177.9246, -39.1878], [177.9062, -39.2263], [177.8649, -39.2649], [177.8585, -39.2349], [177.8463, -39.2326], [177.852, -39.2158], [177.8434, -39.1849], [177.8214, -39.1603], [177.8384, -39.1526], [177.8391, -39.14], [177.8605, -39.1121], [177.8583, -39.1032], [177.8675, -39.0983], [177.8647, -39.0877], [177.8719, -39.0864], [177.8673, -39.072], [177.8426, -39.0594], [177.8339, -39.0597], [177.8231, -39.0768], [177.756, -39.0587], [177.6608, -39.0507], [177.4186, -39.063], [177.2592, -39.1007], [177.1428, -39.1425], [177.0461, -39.1939], [177.0354, -39.2344], [177.0218, -39.246], [177.0187, -39.261], [176.9408, -39.3359], [176.92, -39.3393], [176.8999, -39.3667], [176.8724, -39.4433], [176.8764, -39.465], [176.894, -39.4791], [176.8926, -39.4855], [176.896, -39.4772], [176.9237, -39.4727], [176.9232, -39.5535], [176.9663, -39.6235], [177.0318, -39.6498], [177.0764, -39.6355], [177.0966, -39.643], [177.0756, -39.6734], [177.0399, -39.7006], [177.0149, -39.7317], [176.9942, -39.7977], [177.0053, -39.8412], [176.9813, -39.8611], [176.9647, -39.8863], [176.9588, -39.9121], [176.9377, -39.9277], [176.9293, -39.9443]]], [[[176.8774, -39.4847], [176.8896, -39.4854], [176.8806, -39.4784], [176.8774, -39.4847]]]]}, "properties": {"name": "Hawke's Bay", "icps": 4334, "kW": 17472.5, "pct": 6.3}}, {"type": "Feature", "geometry": {"type": "MultiPolygon", "coordinates": [[[[174.0155, -39.0458], [174.0154, -39.0459], [174.0154, -39.0459], [174.0155, -39.0458]]], [[[174.0134, -39.0463], [174.0133, -39.0463], [174.0134, -39.0461], [174.0134, -39.0463]]], [[[174.0136, -39.046], [174.0134, -39.046], [174.0135, -39.0459], [174.0136, -39.046]]], [[[174.0139, -39.0454], [174.0138, -39.0454], [174.0139, -39.0453], [174.0139, -39.0454]]], [[[174.0154, -39.0606], [174.0153, -39.0605], [174.0154, -39.0605], [174.0154, -39.0606]]], [[[174.0005, -39.057], [174.0004, -39.057], [174.0005, -39.0568], [174.0005, -39.057]]], [[[174.0029, -39.0575], [174.0027, -39.0573], [174.0029, -39.0572], [174.0029, -39.0575]]], [[[174.0266, -39.0503], [174.0264, -39.0506], [174.0264, -39.0504], [174.0266, -39.0503]]], [[[174.0025, -39.057], [174.0025, -39.0571], [174.0022, -39.057], [174.0025, -39.057]]], [[[174.0035, -39.0568], [174.0033, -39.057], [174.003, -39.0569], [174.0035, -39.0568]]], [[[174.0128, -39.0609], [174.013, -39.0611], [174.0123, -39.0609], [174.0128, -39.0609]]], [[[174.0267, -39.0502], [174.0261, -39.0502], [174.0262, -39.05], [174.0267, -39.0502]]], [[[174.027, -39.0507], [174.0266, -39.0508], [174.0268, -39.0505], [174.027, -39.0507]]], [[[174.6006, -38.7661], [174.5999, -38.7667], [174.5994, -38.7661], [174.6006, -38.7661]]], [[[174.0197, -39.059], [174.0194, -39.0598], [174.0187, -39.0595], [174.0197, -39.059]]], [[[174.0202, -39.0602], [174.02, -39.0596], [174.0209, -39.0592], [174.0202, -39.0602]]], [[[174.0031, -39.0559], [174.0041, -39.0565], [174.0028, -39.0567], [174.0031, -39.0559]]], [[[174.0173, -39.0608], [174.0175, -39.0621], [174.0164, -39.0612], [174.0173, -39.0608]]], [[[174.0155, -39.0448], [174.0142, -39.0461], [174.0141, -39.0451], [174.0155, -39.0448]]], [[[174.0278, -39.0483], [174.0274, -39.0498], [174.0267, -39.0487], [174.0278, -39.0483]]], [[[174.1423, -39.5806], [174.0769, -39.5774], [174.0427, -39.5594], [173.9872, -39.5543], [173.949, -39.5395], [173.9316, -39.5214], [173.9109, -39.519], [173.8666, -39.4658], [173.8473, -39.4592], [173.8205, -39.4295], [173.795, -39.4151], [173.7717, -39.3656], [173.7515, -39.2789], [173.7755, -39.2437], [173.7778, -39.2167], [173.7916, -39.1929], [173.8166, -39.1818], [173.8203, -39.1714], [173.8457, -39.1539], [173.9112, -39.1201], [173.9479, -39.1155], [174.0039, -39.0853], [174.0293, -39.0545], [174.0393, -39.0518], [174.0313, -39.0569], [174.0429, -39.0607], [174.0506, -39.0582], [174.0446, -39.0549], [174.0889, -39.0512], [174.2007, -38.9884], [174.3022, -38.9825], [174.3481, -38.994], [174.4069, -38.9833], [174.4398, -38.9617], [174.499, -38.8959], [174.5174, -38.892], [174.5497, -38.8666], [174.5821, -38.8179], [174.5931, -38.8172], [174.5843, -38.8125], [174.6137, -38.7065], [174.6169, -38.7229], [174.6472, -38.721], [174.654, -38.7332], [174.6875, -38.7278], [174.6934, -38.7337], [174.7376, -38.7341], [174.7564, -38.745], [174.7942, -38.731], [174.8242, -38.748], [174.8282, -38.761], [174.8629, -38.7746], [174.8562, -38.7828], [174.8486, -38.7786], [174.82, -38.787], [174.8078, -38.82], [174.7866, -38.821], [174.7993, -38.8289], [174.7988, -38.8653], [174.8076, -38.8819], [174.8207, -38.8867], [174.8321, -38.9151], [174.8221, -38.9256], [174.8024, -38.9255], [174.795, -38.9159], [174.7843, -38.9206], [174.7926, -38.9403], [174.7809, -38.9606], [174.7995, -38.9714], [174.787, -38.9833], [174.7655, -38.9882], [174.7758, -38.9927], [174.7644, -39.0048], [174.7793, -39.0224], [174.7756, -39.0436], [174.7922, -39.0474], [174.7927, -39.0635], [174.7575, -39.088], [174.7416, -39.0767], [174.7262, -39.0862], [174.7223, -39.1067], [174.6911, -39.1116], [174.6752, -39.1298], [174.702, -39.1488], [174.6973, -39.1569], [174.708, -39.1955], [174.7, -39.2057], [174.7521, -39.2253], [174.7546, -39.2367], [174.7455, -39.2416], [174.7575, -39.2563], [174.7478, -39.2758], [174.7566, -39.2899], [174.7653, -39.2956], [174.7695, -39.2839], [174.7831, -39.2876], [174.8129, -39.3079], [174.8228, -39.334], [174.8503, -39.3368], [174.8769, -39.3568], [174.8917, -39.3582], [174.8794, -39.3902], [174.8659, -39.3891], [174.8874, -39.4147], [174.8846, -39.4355], [174.9047, -39.4452], [174.9285, -39.4762], [174.9673, -39.4848], [174.961, -39.4929], [174.9695, -39.5037], [174.9703, -39.5254], [174.9918, -39.5403], [174.9871, -39.556], [174.9737, -39.5635], [174.9676, -39.6053], [174.9764, -39.6377], [174.9697, -39.6463], [174.988, -39.6654], [174.9698, -39.6768], [174.9299, -39.6829], [174.922, -39.7038], [174.9316, -39.7232], [174.9179, -39.7497], [174.9096, -39.7417], [174.8945, -39.7472], [174.8703, -39.7733], [174.85, -39.7776], [174.8519, -39.7892], [174.8345, -39.8005], [174.803, -39.8031], [174.7934, -39.8336], [174.7849, -39.8316], [174.7663, -39.8529], [174.7841, -39.858], [174.7795, -39.8617], [174.7166, -39.8672], [174.649, -39.8352], [174.5588, -39.8176], [174.5352, -39.8045], [174.5129, -39.7837], [174.4658, -39.7638], [174.4185, -39.7323], [174.3528, -39.6592], [174.2997, -39.6274], [174.2608, -39.6184], [174.2016, -39.5881], [174.1423, -39.5806]]]]}, "properties": {"name": "Taranaki", "icps": 2625, "kW": 8743.9, "pct": 4.5}}, {"type": "Feature", "geometry": {"type": "Polygon", "coordinates": [[[175.4734, -40.6934], [175.4343, -40.7464], [175.3715, -40.7268], [175.3558, -40.7301], [175.3468, -40.7521], [175.3283, -40.7442], [175.2682, -40.7687], [175.2355, -40.756], [175.2133, -40.7632], [175.193, -40.7573], [175.1887, -40.743], [175.1987, -40.7434], [175.2065, -40.7321], [175.1361, -40.7002], [175.1602, -40.6624], [175.1585, -40.6498], [175.193, -40.5597], [175.2271, -40.398], [175.2292, -40.3287], [175.2001, -40.1831], [175.1739, -40.126], [175.1436, -40.0828], [175.0315, -39.974], [174.9921, -39.9473], [174.9831, -39.9489], [174.9473, -39.9111], [174.8985, -39.8855], [174.7663, -39.8529], [174.7849, -39.8316], [174.7934, -39.8336], [174.803, -39.8031], [174.8345, -39.8005], [174.8519, -39.7892], [174.85, -39.7776], [174.8703, -39.7733], [174.8945, -39.7472], [174.9096, -39.7417], [174.9179, -39.7497], [174.9316, -39.7232], [174.922, -39.7038], [174.9299, -39.6829], [174.9698, -39.6768], [174.988, -39.6654], [174.9697, -39.6463], [174.9764, -39.6377], [174.9676, -39.6053], [174.9737, -39.5635], [174.9871, -39.556], [174.9918, -39.5403], [174.9703, -39.5254], [174.9695, -39.5037], [174.961, -39.4929], [174.9673, -39.4848], [174.9285, -39.4762], [174.9047, -39.4452], [174.8846, -39.4355], [174.8874, -39.4147], [174.8659, -39.3891], [174.8794, -39.3902], [174.8917, -39.3582], [174.8769, -39.3568], [174.8503, -39.3368], [174.8228, -39.334], [174.8129, -39.3079], [174.7831, -39.2876], [174.7695, -39.2839], [174.7653, -39.2956], [174.7566, -39.2899], [174.7478, -39.2758], [174.7575, -39.2563], [174.7455, -39.2416], [174.7546, -39.2367], [174.7521, -39.2253], [174.7, -39.2057], [174.708, -39.1955], [174.6973, -39.1569], [174.702, -39.1488], [174.6752, -39.1298], [174.6911, -39.1116], [174.7223, -39.1067], [174.7262, -39.0862], [174.7416, -39.0767], [174.7575, -39.088], [174.7927, -39.0635], [174.7922, -39.0474], [174.7756, -39.0436], [174.7793, -39.0224], [174.7644, -39.0048], [174.7758, -38.9927], [174.7655, -38.9882], [174.787, -38.9833], [174.7995, -38.9714], [174.7809, -38.9606], [174.7926, -38.9403], [174.7843, -38.9206], [174.795, -38.9159], [174.8024, -38.9255], [174.8221, -38.9256], [174.8321, -38.9151], [174.8207, -38.8867], [174.8076, -38.8819], [174.7988, -38.8653], [174.7993, -38.8289], [174.7866, -38.821], [174.8078, -38.82], [174.82, -38.787], [174.859, -38.7819], [174.867, -38.7655], [174.896, -38.7547], [174.9275, -38.7563], [174.9378, -38.7502], [174.9348, -38.7306], [174.9541, -38.7151], [174.9533, -38.7014], [174.9643, -38.6968], [174.9562, -38.6651], [175.0005, -38.6663], [175.0511, -38.6494], [175.07, -38.6377], [175.0695, -38.6301], [175.0931, -38.638], [175.1164, -38.6219], [175.1389, -38.6316], [175.1733, -38.6274], [175.1952, -38.6294], [175.2077, -38.639], [175.2224, -38.6365], [175.2485, -38.6154], [175.2653, -38.6137], [175.2851, -38.588], [175.3019, -38.5992], [175.303, -38.5715], [175.3247, -38.5514], [175.3347, -38.5593], [175.3355, -38.5815], [175.3778, -38.5727], [175.3835, -38.5418], [175.3952, -38.5432], [175.4151, -38.5281], [175.4161, -38.5132], [175.4431, -38.4989], [175.4389, -38.4928], [175.4814, -38.4788], [175.4845, -38.484], [175.5421, -38.4806], [175.5382, -38.4703], [175.5655, -38.4945], [175.6122, -38.4876], [175.6254, -38.5452], [175.6369, -38.5525], [175.6285, -38.6007], [175.6003, -38.6341], [175.5759, -38.6499], [175.5796, -38.6818], [175.5184, -38.7519], [175.5417, -38.7951], [175.5555, -38.7902], [175.5776, -38.8255], [175.5447, -38.8645], [175.58, -38.9107], [175.5542, -38.957], [175.5608, -38.9727], [175.5694, -38.9701], [175.5626, -38.9868], [175.6269, -38.974], [175.682, -38.9797], [175.6481, -39.0144], [175.6358, -39.0453], [175.6136, -39.0506], [175.6246, -39.0599], [175.6187, -39.0826], [175.6478, -39.1001], [175.6347, -39.1584], [175.5579, -39.276], [175.6692, -39.2969], [175.7048, -39.2883], [175.7409, -39.2974], [175.7518, -39.2879], [175.8126, -39.3003], [175.8426, -39.2707], [175.8681, -39.263], [175.8547, -39.2444], [175.8927, -39.2236], [175.886, -39.2059], [175.9642, -39.18], [175.964, -39.1595], [175.9734, -39.1548], [175.9888, -39.1159], [176.004, -39.1129], [176.0047, -39.1022], [176.0231, -39.0829], [176.0314, -39.0782], [176.0325, -39.0995], [176.0544, -39.1058], [176.0857, -39.1294], [176.0831, -39.1489], [176.1029, -39.1766], [176.0868, -39.1804], [176.0828, -39.1868], [176.0904, -39.2], [176.075, -39.2109], [176.0777, -39.2167], [176.094, -39.2109], [176.1155, -39.2188], [176.0807, -39.26], [176.0936, -39.278], [176.0868, -39.2891], [176.1005, -39.2951], [176.1024, -39.3152], [176.1218, -39.3271], [176.115, -39.3392], [176.0658, -39.3663], [176.052, -39.3657], [176.0429, -39.381], [176.0691, -39.3923], [176.0842, -39.3836], [176.1112, -39.3844], [176.1205, -39.4009], [176.1214, -39.4344], [176.144, -39.4485], [176.1369, -39.4759], [176.1664, -39.5006], [176.1938, -39.5045], [176.1823, -39.5424], [176.1519, -39.5602], [176.155, -39.5694], [176.1425, -39.5799], [176.1527, -39.5983], [176.179, -39.6053], [176.1813, -39.6169], [176.1651, -39.6487], [176.1959, -39.6636], [176.2009, -39.673], [176.1842, -39.6838], [176.1805, -39.7111], [176.1691, -39.7179], [176.1769, -39.744], [176.138, -39.8239], [176.135, -39.8506], [176.1172, -39.8868], [176.1269, -39.8916], [176.1261, -39.9048], [176.1068, -39.9171], [176.1154, -39.9294], [176.1097, -39.9419], [176.1245, -39.9478], [176.1211, -39.9624], [176.0938, -39.9955], [176.1255, -40.0136], [176.1366, -40.0286], [176.1543, -40.0122], [176.2135, -40.0178], [176.2178, -40.0288], [176.2388, -40.0273], [176.2387, -40.0384], [176.2622, -40.0451], [176.2638, -40.0627], [176.2972, -40.0681], [176.3209, -40.0856], [176.3093, -40.1178], [176.3132, -40.1239], [176.3296, -40.1225], [176.3432, -40.1455], [176.3787, -40.1581], [176.3587, -40.198], [176.3617, -40.2153], [176.3702, -40.2144], [176.3703, -40.2342], [176.3803, -40.2374], [176.3863, -40.2657], [176.3781, -40.2725], [176.3992, -40.2849], [176.3889, -40.323], [176.4057, -40.333], [176.3706, -40.3586], [176.3919, -40.3617], [176.3915, -40.3778], [176.407, -40.3786], [176.4178, -40.3923], [176.4364, -40.3915], [176.4339, -40.4029], [176.4614, -40.4118], [176.4926, -40.4116], [176.4929, -40.4001], [176.55, -40.4212], [176.5588, -40.4072], [176.5785, -40.4146], [176.5873, -40.4313], [176.5897, -40.4226], [176.6226, -40.428], [176.623, -40.4435], [176.633, -40.4529], [176.6219, -40.4913], [176.5595, -40.496], [176.4932, -40.5307], [176.4792, -40.5442], [176.4673, -40.5753], [176.4222, -40.6045], [176.4151, -40.6223], [176.3874, -40.6417], [176.3763, -40.668], [176.3328, -40.6979], [176.2855, -40.6979], [176.2738, -40.68], [176.2577, -40.6748], [176.2375, -40.6802], [176.2106, -40.6588], [176.2005, -40.6725], [176.1839, -40.6647], [176.1625, -40.6822], [176.1525, -40.6769], [176.1331, -40.6846], [176.1032, -40.6729], [176.0937, -40.6752], [176.0791, -40.7074], [176.082, -40.7157], [176.0437, -40.7164], [176.0172, -40.7056], [176.0125, -40.7169], [175.9954, -40.725], [175.974, -40.7229], [175.9755, -40.7383], [175.9434, -40.7407], [175.935, -40.7668], [175.9099, -40.7509], [175.8716, -40.7779], [175.8495, -40.7616], [175.8421, -40.7692], [175.8269, -40.7609], [175.8109, -40.7796], [175.7886, -40.768], [175.7647, -40.7681], [175.7664, -40.755], [175.7907, -40.7256], [175.7739, -40.719], [175.7814, -40.7082], [175.7701, -40.6989], [175.7542, -40.7093], [175.7524, -40.6974], [175.6907, -40.6966], [175.6937, -40.7163], [175.6823, -40.7161], [175.676, -40.7294], [175.6615, -40.7254], [175.6532, -40.7425], [175.628, -40.7427], [175.6277, -40.7528], [175.5874, -40.7342], [175.5608, -40.7349], [175.5605, -40.7288], [175.4734, -40.6934]]]}, "properties": {"name": "Manawat\u016b-Whanganui", "icps": 3950, "kW": 8195.1, "pct": 3.46}}, {"type": "Feature", "geometry": {"type": "MultiPolygon", "coordinates": [[[[174.9271, -40.8798], [174.9275, -40.8805], [174.9267, -40.881], [174.9271, -40.8798]]], [[[174.7722, -41.349], [174.7715, -41.3491], [174.7716, -41.3478], [174.7722, -41.349]]], [[[174.865, -41.2507], [174.8652, -41.2516], [174.8645, -41.2522], [174.865, -41.2507]]], [[[174.9014, -40.8851], [174.9005, -40.8879], [174.9002, -40.8867], [174.9014, -40.8851]]], [[[174.9021, -40.8889], [174.9035, -40.8896], [174.9016, -40.8899], [174.9021, -40.8889]]], [[[174.8713, -41.293], [174.8726, -41.2936], [174.8714, -41.2949], [174.8713, -41.293]]], [[[174.7745, -41.3487], [174.7734, -41.3504], [174.7721, -41.3499], [174.7745, -41.3487]]], [[[174.8653, -41.2528], [174.8661, -41.262], [174.8621, -41.2597], [174.8653, -41.2528]]], [[[174.7811, -41.0777], [174.79, -41.0794], [174.7897, -41.0903], [174.773, -41.0976], [174.7811, -41.0777]]], [[[174.9388, -40.8202], [174.9544, -40.8287], [174.9441, -40.8325], [174.9343, -40.8541], [174.8866, -40.8902], [174.8688, -40.8862], [174.869, -40.876], [174.9121, -40.843], [174.9201, -40.8222], [174.9388, -40.8202]]], [[[174.8846, -41.4134], [174.8686, -41.4097], [174.8747, -41.384], [174.8479, -41.3594], [174.8719, -41.3184], [174.9063, -41.2818], [174.9125, -41.2581], [174.9041, -41.2531], [174.8987, -41.2589], [174.9058, -41.2506], [174.9011, -41.2367], [174.8576, -41.2248], [174.7859, -41.2652], [174.7901, -41.2809], [174.7831, -41.2792], [174.7795, -41.2878], [174.8041, -41.2861], [174.8061, -41.3033], [174.7969, -41.3122], [174.803, -41.3164], [174.8115, -41.3144], [174.8255, -41.2844], [174.8342, -41.289], [174.8276, -41.3153], [174.839, -41.3277], [174.8263, -41.3327], [174.8211, -41.3448], [174.8094, -41.3454], [174.8111, -41.3383], [174.7986, -41.3286], [174.7911, -41.3329], [174.7915, -41.3468], [174.7434, -41.3468], [174.7168, -41.3624], [174.6944, -41.3464], [174.6599, -41.3408], [174.6314, -41.3156], [174.6327, -41.2986], [174.6159, -41.2923], [174.615, -41.2735], [174.6448, -41.2381], [174.6645, -41.2468], [174.6892, -41.2323], [174.6934, -41.2207], [174.7142, -41.2192], [174.7401, -41.1723], [174.7604, -41.1665], [174.7882, -41.1295], [174.8032, -41.1226], [174.8048, -41.1112], [174.834, -41.1076], [174.8384, -41.0947], [174.8539, -41.0892], [174.8629, -41.1031], [174.8408, -41.117], [174.8435, -41.1326], [174.8688, -41.103], [174.8624, -41.0779], [174.8393, -41.0642], [174.8463, -41.0499], [174.8708, -41.0307], [174.8982, -41.0292], [174.948, -40.9898], [174.9687, -40.9559], [174.9834, -40.8847], [175.03, -40.8585], [175.0631, -40.8243], [175.1365, -40.7003], [175.2065, -40.7321], [175.1987, -40.7434], [175.1887, -40.743], [175.193, -40.7573], [175.2133, -40.7632], [175.2355, -40.756], [175.2682, -40.7687], [175.3283, -40.7442], [175.3468, -40.7521], [175.3558, -40.7301], [175.3715, -40.7268], [175.4343, -40.7464], [175.4734, -40.6934], [175.5605, -40.7288], [175.5608, -40.7349], [175.5874, -40.7342], [175.6277, -40.7528], [175.628, -40.7427], [175.6532, -40.7425], [175.6615, -40.7254], [175.676, -40.7294], [175.6823, -40.7161], [175.6937, -40.7163], [175.6907, -40.6966], [175.7524, -40.6974], [175.7542, -40.7093], [175.7701, -40.6989], [175.7814, -40.7082], [175.7739, -40.719], [175.7907, -40.7256], [175.7664, -40.755], [175.7647, -40.7681], [175.7886, -40.768], [175.8109, -40.7796], [175.8269, -40.7609], [175.8421, -40.7692], [175.8495, -40.7616], [175.8716, -40.7779], [175.9099, -40.7509], [175.935, -40.7668], [175.9434, -40.7407], [175.9755, -40.7383], [175.974, -40.7229], [175.9954, -40.725], [176.0125, -40.7169], [176.0172, -40.7056], [176.0437, -40.7164], [176.082, -40.7157], [176.0791, -40.7074], [176.0937, -40.6752], [176.1032, -40.6729], [176.1331, -40.6846], [176.1525, -40.6769], [176.1625, -40.6822], [176.1839, -40.6647], [176.2005, -40.6725], [176.2106, -40.6588], [176.2375, -40.6802], [176.2577, -40.6748], [176.2738, -40.68], [176.2855, -40.6979], [176.3328, -40.6979], [176.3098, -40.7163], [176.2879, -40.7485], [176.2887, -40.7618], [176.2672, -40.7849], [176.2444, -40.8523], [176.2199, -40.8862], [176.2199, -40.8969], [176.2325, -40.8993], [176.23, -40.9037], [176.146, -40.9572], [176.1284, -40.9984], [176.1069, -41.0152], [176.0987, -41.0564], [176.0713, -41.0941], [176.0632, -41.13], [176.0035, -41.1715], [175.9629, -41.2448], [175.9145, -41.2565], [175.8827, -41.2742], [175.866, -41.291], [175.8629, -41.317], [175.8083, -41.3619], [175.7704, -41.3702], [175.7443, -41.3913], [175.6744, -41.4143], [175.649, -41.4417], [175.5852, -41.4874], [175.5344, -41.4955], [175.5311, -41.5058], [175.5074, -41.5107], [175.4976, -41.5279], [175.4316, -41.5724], [175.4076, -41.5659], [175.366, -41.5715], [175.3609, -41.5859], [175.3248, -41.6064], [175.2906, -41.6135], [175.2557, -41.6029], [175.2367, -41.6077], [175.2176, -41.5403], [175.1952, -41.5264], [175.2086, -41.4999], [175.2077, -41.4749], [175.2213, -41.453], [175.2165, -41.4312], [175.1206, -41.3893], [175.042, -41.3735], [175.0147, -41.3898], [174.9934, -41.3908], [174.9192, -41.4368], [174.9014, -41.418], [174.8846, -41.4134]]], [[[174.8898, -41.0871], [174.8747, -41.0931], [174.87, -41.1039], [174.8839, -41.0987], [174.8814, -41.1058], [174.9132, -41.1033], [174.8898, -41.0871]]]]}, "properties": {"name": "Wellington", "icps": 7167, "kW": 18192.7, "pct": 3.33}}, {"type": "Feature", "geometry": {"type": "MultiPolygon", "coordinates": [[[[168.8879, -43.8597], [168.8876, -43.8596], [168.8878, -43.8596], [168.8879, -43.8597]]], [[[168.8877, -43.8597], [168.8874, -43.8596], [168.8873, -43.8595], [168.8877, -43.8597]]], [[[168.8862, -43.8593], [168.885, -43.8591], [168.8854, -43.8591], [168.8862, -43.8593]]], [[[168.8838, -43.8593], [168.8835, -43.8592], [168.8836, -43.8591], [168.8838, -43.8593]]], [[[168.8799, -43.8608], [168.8803, -43.861], [168.8798, -43.8609], [168.8799, -43.8608]]], [[[168.8885, -43.8595], [168.8883, -43.8597], [168.8878, -43.8595], [168.8885, -43.8595]]], [[[168.8804, -43.8616], [168.88, -43.8616], [168.8795, -43.8612], [168.8804, -43.8616]]], [[[170.219, -43.1814], [170.2179, -43.1805], [170.2205, -43.1801], [170.219, -43.1814]]], [[[171.3678, -42.0337], [171.3658, -42.0333], [171.367, -42.0307], [171.3678, -42.0337]]], [[[170.1935, -43.2094], [170.1911, -43.2115], [170.1917, -43.2088], [170.1935, -43.2094]]], [[[172.1023, -41.2569], [172.1013, -41.2611], [172.1008, -41.258], [172.1023, -41.2569]]], [[[170.1965, -43.1998], [170.1944, -43.2017], [170.1953, -43.1986], [170.1965, -43.1998]]], [[[168.8782, -43.8613], [168.8771, -43.8631], [168.874, -43.8633], [168.8782, -43.8613]]], [[[170.2158, -43.177], [170.2173, -43.1789], [170.2132, -43.1797], [170.2158, -43.177]]], [[[168.8834, -43.8593], [168.887, -43.8603], [168.8797, -43.8612], [168.8834, -43.8593]]], [[[172.0986, -41.246], [172.0996, -41.252], [172.0951, -41.2663], [172.0986, -41.246]]], [[[170.1881, -43.2138], [170.1692, -43.2201], [170.1848, -43.207], [170.1881, -43.2138]]], [[[170.2402, -43.1657], [170.2223, -43.1769], [170.2316, -43.1614], [170.2402, -43.1657]]], [[[171.3834, -42.0306], [171.4056, -41.9864], [171.4007, -41.9821], [171.4157, -41.9219], [171.456, -41.8825], [171.4613, -41.8331], [171.4566, -41.7789], [171.4506, -41.7748], [171.4604, -41.7726], [171.4558, -41.7646], [171.4642, -41.7583], [171.4623, -41.7498], [171.5061, -41.7453], [171.5451, -41.751], [171.5871, -41.7274], [171.59, -41.745], [171.5681, -41.7487], [171.5927, -41.748], [171.5945, -41.7665], [171.5946, -41.7457], [171.601, -41.742], [171.5939, -41.7441], [171.5894, -41.727], [171.6708, -41.7399], [171.7185, -41.7192], [171.8582, -41.6244], [171.9102, -41.5654], [171.9864, -41.4456], [172.0608, -41.3882], [172.0905, -41.2831], [172.1005, -41.2897], [172.1081, -41.2778], [172.1064, -41.2465], [172.0981, -41.2399], [172.1062, -41.152], [172.0997, -41.1003], [172.1117, -41.0269], [172.0942, -40.9144], [172.1104, -40.8822], [172.1309, -40.8722], [172.1339, -40.8503], [172.1727, -40.81], [172.2128, -40.7901], [172.2178, -40.7745], [172.2488, -40.8069], [172.2402, -40.8417], [172.229, -40.856], [172.2337, -40.8691], [172.251, -40.869], [172.2625, -40.859], [172.2665, -40.8703], [172.29, -40.8777], [172.2815, -40.8989], [172.301, -40.9103], [172.2976, -40.9225], [172.3166, -40.9245], [172.3281, -40.9363], [172.3758, -40.9344], [172.3863, -40.9493], [172.3577, -40.9793], [172.3298, -40.9869], [172.3109, -41.0112], [172.3337, -41.035], [172.3248, -41.0595], [172.3503, -41.0634], [172.3508, -41.0539], [172.3623, -41.0515], [172.3611, -41.0441], [172.3825, -41.0226], [172.4194, -41.0336], [172.4397, -41.0204], [172.4914, -41.0226], [172.4961, -41.041], [172.486, -41.0546], [172.492, -41.0647], [172.5133, -41.0669], [172.5226, -41.0817], [172.5197, -41.0956], [172.5529, -41.1024], [172.5814, -41.137], [172.6185, -41.1604], [172.6289, -41.1948], [172.6642, -41.1946], [172.6731, -41.1882], [172.6921, -41.2], [172.6908, -41.2113], [172.6579, -41.2392], [172.5746, -41.258], [172.5862, -41.2888], [172.6003, -41.3009], [172.5816, -41.3437], [172.5843, -41.3763], [172.5599, -41.3828], [172.5524, -41.3983], [172.5124, -41.4128], [172.4653, -41.4056], [172.4612, -41.3944], [172.4161, -41.4124], [172.4311, -41.429], [172.4222, -41.4391], [172.4189, -41.4706], [172.343, -41.5115], [172.3447, -41.5552], [172.3268, -41.5603], [172.3345, -41.5836], [172.3276, -41.6035], [172.2931, -41.6239], [172.291, -41.6348], [172.2644, -41.6273], [172.2374, -41.6402], [172.2402, -41.6554], [172.2538, -41.6681], [172.2471, -41.6842], [172.2597, -41.6944], [172.2514, -41.7027], [172.2329, -41.6915], [172.2127, -41.6892], [172.2087, -41.6999], [172.188, -41.6925], [172.1745, -41.703], [172.1553, -41.6997], [172.1504, -41.7108], [172.129, -41.7141], [172.1191, -41.7254], [172.1159, -41.7321], [172.1246, -41.7382], [172.1179, -41.7562], [172.0973, -41.7743], [172.1052, -41.7894], [172.1163, -41.7892], [172.1157, -41.8684], [172.0938, -41.8744], [172.0929, -41.8919], [172.0654, -41.8944], [172.0774, -41.9205], [172.0506, -41.9519], [172.07, -41.9645], [172.0766, -41.9875], [172.071, -41.9985], [172.081, -42.0077], [172.12, -42.0146], [172.1049, -42.0489], [172.1165, -42.0756], [172.1325, -42.0806], [172.1352, -42.104], [172.1873, -42.1056], [172.2067, -42.0983], [172.215, -42.1091], [172.2056, -42.1145], [172.218, -42.1149], [172.221, -42.1316], [172.2477, -42.1324], [172.2515, -42.1503], [172.3335, -42.1491], [172.3451, -42.1758], [172.3397, -42.1977], [172.3494, -42.2223], [172.3334, -42.2387], [172.3544, -42.2561], [172.3565, -42.2674], [172.3479, -42.2767], [172.4309, -42.3056], [172.4536, -42.2748], [172.479, -42.277], [172.4764, -42.2946], [172.4617, -42.3075], [172.4661, -42.3195], [172.4487, -42.3286], [172.4455, -42.364], [172.4168, -42.3838], [172.3934, -42.3779], [172.3472, -42.3918], [172.3248, -42.4164], [172.2998, -42.4217], [172.2933, -42.4404], [172.2788, -42.4499], [172.2357, -42.4565], [172.2271, -42.4795], [172.1869, -42.5039], [172.1783, -42.5355], [172.1558, -42.5531], [172.1329, -42.5553], [172.1085, -42.5805], [172.0985, -42.5934], [172.1027, -42.6061], [172.0939, -42.6209], [172.0285, -42.6368], [172.0155, -42.6318], [171.975, -42.639], [171.9723, -42.6535], [171.9257, -42.6664], [171.908, -42.7047], [171.8851, -42.7187], [171.8844, -42.7497], [171.8637, -42.7505], [171.8433, -42.7748], [171.8125, -42.7838], [171.8126, -42.79], [171.7891, -42.7828], [171.764, -42.7915], [171.7545, -42.8188], [171.7627, -42.8371], [171.733, -42.8534], [171.7336, -42.8645], [171.7464, -42.8741], [171.7108, -42.8958], [171.7101, -42.9038], [171.6869, -42.9061], [171.6903, -42.8999], [171.6652, -42.8863], [171.6341, -42.9026], [171.5869, -42.8957], [171.5172, -42.9142], [171.491, -42.8959], [171.4688, -42.9142], [171.4423, -42.9137], [171.4344, -42.9214], [171.4375, -42.9357], [171.4258, -42.9354], [171.396, -42.9593], [171.3932, -42.9426], [171.3818, -42.946], [171.3622, -42.9372], [171.3452, -42.9497], [171.3361, -42.9433], [171.3142, -42.9481], [171.3031, -42.9581], [171.3084, -42.9662], [171.2822, -42.9731], [171.2377, -43.0025], [171.2407, -43.031], [171.2227, -43.0433], [171.2196, -43.0647], [171.1981, -43.0743], [171.1842, -43.0644], [171.1459, -43.0888], [171.1305, -43.0813], [171.1172, -43.0857], [171.1054, -43.1121], [171.0952, -43.1008], [171.0797, -43.102], [171.0766, -43.1119], [171.0633, -43.1153], [171.0676, -43.1283], [171.0374, -43.1459], [171.0473, -43.1636], [171.02, -43.1745], [170.9917, -43.2176], [170.9485, -43.2273], [170.9482, -43.206], [170.9287, -43.2065], [170.9068, -43.2287], [170.8731, -43.2458], [170.8652, -43.2648], [170.8707, -43.2725], [170.8603, -43.2814], [170.8312, -43.2831], [170.8199, -43.2997], [170.8057, -43.3045], [170.7928, -43.2991], [170.7598, -43.3183], [170.7053, -43.3188], [170.7161, -43.3432], [170.6774, -43.3476], [170.6467, -43.3693], [170.6576, -43.3774], [170.6566, -43.3869], [170.6329, -43.3968], [170.6156, -43.418], [170.6151, -43.4319], [170.5913, -43.434], [170.5807, -43.43], [170.5802, -43.4185], [170.5567, -43.4242], [170.53, -43.4099], [170.5113, -43.4284], [170.4755, -43.433], [170.4592, -43.4613], [170.4338, -43.4658], [170.395, -43.4982], [170.3566, -43.5063], [170.3348, -43.498], [170.3287, -43.4816], [170.3214, -43.4917], [170.2759, -43.5103], [170.2382, -43.5139], [170.2029, -43.5412], [170.1985, -43.5532], [170.1586, -43.5644], [170.1398, -43.5894], [170.1155, -43.5889], [170.0932, -43.5996], [170.0929, -43.6254], [170.1012, -43.6387], [170.0951, -43.6556], [170.0285, -43.6908], [170.0229, -43.7061], [170.0305, -43.7232], [170.0062, -43.7408], [169.9788, -43.7471], [169.9847, -43.7594], [169.9705, -43.773], [169.9752, -43.7816], [169.9672, -43.7912], [169.9436, -43.7891], [169.9333, -43.8005], [169.9, -43.813], [169.8943, -43.8337], [169.8584, -43.837], [169.8379, -43.8542], [169.8379, -43.8666], [169.809, -43.8747], [169.7931, -43.8926], [169.7709, -43.8993], [169.7583, -43.9337], [169.7459, -43.9313], [169.72, -43.9599], [169.7026, -43.9639], [169.6691, -43.9555], [169.6329, -43.9638], [169.6233, -43.957], [169.5928, -43.9581], [169.5826, -43.9805], [169.592, -43.9913], [169.592, -44.0102], [169.579, -44.0341], [169.5411, -44.0333], [169.5067, -44.0592], [169.4626, -44.0593], [169.4285, -44.0965], [169.3871, -44.1187], [169.3387, -44.1025], [169.321, -44.0641], [169.309, -44.0606], [169.2908, -44.0627], [169.2795, -44.0938], [169.2573, -44.1081], [169.1597, -44.1049], [169.1459, -44.0799], [169.0814, -44.097], [169.0736, -44.1096], [169.038, -44.1182], [169.0134, -44.1148], [169.0159, -44.1308], [168.9751, -44.144], [168.9874, -44.1689], [168.9652, -44.1738], [168.9592, -44.2058], [168.9109, -44.2098], [168.9048, -44.2182], [168.8772, -44.2228], [168.871, -44.2389], [168.8494, -44.2461], [168.8573, -44.2697], [168.8427, -44.2833], [168.8323, -44.3508], [168.7779, -44.3879], [168.7534, -44.3922], [168.7413, -44.4054], [168.7425, -44.421], [168.7238, -44.4174], [168.6867, -44.3919], [168.6416, -44.4166], [168.6255, -44.4339], [168.5935, -44.4418], [168.5861, -44.4538], [168.5574, -44.4517], [168.5235, -44.4604], [168.4609, -44.4954], [168.3345, -44.4968], [168.3369, -44.4759], [168.3529, -44.4605], [168.3487, -44.4519], [168.3661, -44.4244], [168.3518, -44.4042], [168.3838, -44.3884], [168.3855, -44.3788], [168.4049, -44.3771], [168.4117, -44.3637], [168.3684, -44.3545], [168.3814, -44.3381], [168.367, -44.3405], [168.3482, -44.3291], [168.3536, -44.3053], [168.3454, -44.2821], [168.3067, -44.2796], [168.2804, -44.2601], [168.2612, -44.2627], [168.2503, -44.2551], [168.2258, -44.2564], [168.1955, -44.2741], [168.1577, -44.2822], [168.0521, -44.2586], [168.0722, -44.2466], [168.1038, -44.2432], [168.146, -44.2159], [168.1534, -44.2022], [168.1985, -44.1821], [168.2255, -44.1603], [168.2514, -44.1542], [168.2855, -44.1026], [168.3258, -44.084], [168.3264, -44.0509], [168.3614, -44.0313], [168.3704, -44.0163], [168.3668, -44.0087], [168.3893, -44.0025], [168.4349, -44.0085], [168.513, -44.0018], [168.5467, -43.9926], [168.5688, -43.9725], [168.5949, -43.9732], [168.5899, -43.9647], [168.6169, -43.9578], [168.6238, -43.9597], [168.6154, -43.9769], [168.6495, -43.9955], [168.7094, -43.9943], [168.8048, -43.9719], [168.8538, -43.9423], [168.887, -43.9062], [168.9842, -43.8719], [169.0349, -43.8334], [169.0887, -43.8067], [169.1528, -43.7514], [169.239, -43.7061], [169.3462, -43.6701], [169.3707, -43.643], [169.4265, -43.6253], [169.4369, -43.6327], [169.4825, -43.6212], [169.501, -43.6271], [169.5401, -43.6044], [169.5549, -43.5863], [169.5706, -43.6024], [169.6086, -43.5921], [169.6492, -43.5535], [169.6676, -43.5566], [169.6897, -43.5446], [169.7937, -43.4214], [169.8108, -43.4206], [169.8419, -43.3954], [169.9172, -43.3903], [169.974, -43.3624], [170.0205, -43.3265], [170.0551, -43.2842], [170.0842, -43.2745], [170.134, -43.2308], [170.1671, -43.22], [170.187, -43.2271], [170.1844, -43.2343], [170.1907, -43.236], [170.191, -43.2244], [170.2054, -43.2265], [170.2126, -43.2168], [170.2085, -43.2086], [170.2286, -43.2014], [170.2267, -43.1937], [170.2441, -43.1837], [170.2507, -43.1895], [170.2512, -43.1785], [170.2611, -43.1735], [170.2732, -43.1759], [170.2575, -43.1565], [170.2264, -43.1609], [170.224, -43.1553], [170.2319, -43.165], [170.2176, -43.1649], [170.2233, -43.1704], [170.219, -43.1786], [170.2115, -43.1736], [170.2127, -43.1898], [170.1933, -43.1952], [170.1664, -43.2184], [170.2279, -43.1448], [170.2481, -43.1325], [170.2601, -43.1081], [170.2875, -43.1089], [170.3489, -43.0937], [170.4109, -43.0416], [170.4582, -43.0228], [170.5244, -43.0174], [170.5715, -43.0036], [170.7208, -42.9302], [170.791, -42.8863], [170.8678, -42.8228], [170.9477, -42.7235], [171.0218, -42.6639], [171.0484, -42.6529], [171.0778, -42.6241], [171.155, -42.5276], [171.1834, -42.4742], [171.1898, -42.44], [171.1983, -42.4523], [171.2003, -42.4453], [171.2181, -42.4477], [171.1916, -42.4385], [171.2028, -42.4313], [171.2186, -42.3797], [171.2405, -42.3733], [171.3036, -42.2707], [171.3258, -42.1139], [171.3411, -42.1008], [171.3415, -42.0839], [171.3605, -42.0722], [171.3656, -42.0349], [171.3834, -42.0306]]], [[[170.3669, -43.085], [170.3244, -43.106], [170.3659, -43.1064], [170.3806, -43.0928], [170.3697, -43.1071], [170.3884, -43.1101], [170.3854, -43.0881], [170.3669, -43.085]]]]}, "properties": {"name": "West Coast", "icps": 422, "kW": 169.0, "pct": 1.76}}, {"type": "Feature", "geometry": {"type": "MultiPolygon", "coordinates": [[[[172.7547, -43.6197], [172.7553, -43.6203], [172.7541, -43.6212], [172.7547, -43.6197]]], [[[172.8319, -43.6489], [172.8324, -43.6492], [172.8296, -43.6517], [172.8319, -43.6489]]], [[[173.0768, -43.0606], [173.0817, -43.0641], [173.0762, -43.0628], [173.0768, -43.0606]]], [[[172.6916, -43.6227], [172.6998, -43.6305], [172.6833, -43.6302], [172.6916, -43.6227]]], [[[172.6921, -42.1065], [172.7215, -42.1035], [172.726, -42.1348], [172.7188, -42.1491], [172.7292, -42.1654], [172.7496, -42.1724], [172.7938, -42.1617], [172.7958, -42.1796], [172.8069, -42.1895], [172.8321, -42.1845], [172.8227, -42.2087], [172.8266, -42.2482], [172.8635, -42.2562], [172.8423, -42.2896], [172.847, -42.3081], [172.8695, -42.3177], [172.915, -42.3093], [172.9196, -42.3459], [172.9438, -42.3513], [172.9414, -42.3778], [172.9745, -42.3953], [173.0029, -42.3933], [172.9695, -42.4487], [172.9991, -42.4524], [173.0145, -42.4463], [173.0333, -42.4583], [173.0358, -42.4835], [173.0542, -42.4881], [173.0692, -42.4807], [173.0761, -42.4609], [173.0958, -42.4608], [173.1063, -42.4477], [173.1523, -42.4496], [173.1643, -42.4185], [173.1901, -42.4104], [173.2091, -42.3831], [173.2207, -42.3801], [173.2238, -42.3567], [173.2433, -42.3561], [173.2259, -42.3463], [173.1807, -42.3464], [173.1832, -42.3368], [173.205, -42.334], [173.2072, -42.3171], [173.2445, -42.3031], [173.2959, -42.2658], [173.302, -42.2563], [173.2965, -42.248], [173.3333, -42.2466], [173.3415, -42.2279], [173.3511, -42.2427], [173.3732, -42.2368], [173.3682, -42.2246], [173.3839, -42.2171], [173.3975, -42.2211], [173.4222, -42.209], [173.437, -42.2142], [173.4434, -42.2021], [173.4645, -42.1957], [173.464, -42.1798], [173.4843, -42.1813], [173.4631, -42.1178], [173.4865, -42.1104], [173.484, -42.0994], [173.4991, -42.0787], [173.5177, -42.0694], [173.5468, -42.0698], [173.5551, -42.0459], [173.5713, -42.033], [173.5945, -42.0293], [173.6097, -42.0045], [173.6381, -42.0094], [173.6628, -41.9959], [173.6632, -41.9821], [173.7202, -41.9608], [173.7143, -41.9405], [173.7368, -41.9113], [173.7621, -41.9119], [173.754, -41.9145], [173.7669, -41.9218], [173.7895, -41.9582], [173.8173, -41.933], [173.8512, -41.9331], [173.9146, -41.9152], [173.9306, -41.9208], [173.9591, -41.9085], [173.9653, -41.9229], [173.9794, -41.9256], [173.9772, -41.9334], [174.0036, -41.9321], [174.0196, -41.9395], [174.0292, -41.9312], [174.0634, -41.9347], [174.0575, -41.9392], [174.0603, -41.9544], [173.9693, -42.0439], [173.9375, -42.0889], [173.9243, -42.1302], [173.9395, -42.158], [173.9377, -42.1678], [173.8846, -42.1947], [173.8735, -42.2144], [173.8577, -42.2192], [173.8308, -42.2482], [173.8104, -42.2551], [173.8069, -42.2655], [173.7616, -42.2847], [173.7475, -42.3003], [173.7486, -42.3211], [173.6931, -42.3568], [173.6816, -42.398], [173.6914, -42.4142], [173.7028, -42.413], [173.7162, -42.4244], [173.6911, -42.4346], [173.6914, -42.4256], [173.6814, -42.4264], [173.665, -42.4122], [173.6127, -42.4222], [173.5909, -42.4312], [173.5832, -42.4477], [173.5473, -42.4594], [173.5288, -42.4786], [173.5023, -42.5264], [173.5017, -42.5483], [173.5172, -42.5557], [173.4785, -42.5918], [173.3759, -42.7729], [173.3684, -42.7988], [173.3132, -42.8521], [173.3083, -42.8672], [173.3187, -42.8844], [173.2395, -42.9543], [173.1397, -42.9896], [173.0806, -43.0507], [173.0439, -43.0467], [172.9592, -43.0839], [172.888, -43.0981], [172.8447, -43.1318], [172.8169, -43.1333], [172.7771, -43.1779], [172.7398, -43.2415], [172.7125, -43.3223], [172.7112, -43.3904], [172.702, -43.3908], [172.701, -43.4186], [172.7061, -43.4287], [172.71, -43.4237], [172.7044, -43.3919], [172.7113, -43.3914], [172.7226, -43.4801], [172.754, -43.5562], [172.7458, -43.5606], [172.7417, -43.5397], [172.7243, -43.5251], [172.7202, -43.5416], [172.7029, -43.5545], [172.7376, -43.556], [172.7442, -43.5662], [172.7758, -43.569], [172.7781, -43.5847], [172.7981, -43.5812], [172.8081, -43.5873], [172.7914, -43.596], [172.7514, -43.5975], [172.7336, -43.6105], [172.7144, -43.604], [172.7059, -43.6128], [172.6908, -43.6056], [172.6542, -43.6198], [172.65, -43.6406], [172.6683, -43.6309], [172.6586, -43.6444], [172.6607, -43.6674], [172.6679, -43.6601], [172.6744, -43.6644], [172.6818, -43.6365], [172.6888, -43.6398], [172.6881, -43.6536], [172.6991, -43.656], [172.712, -43.6433], [172.7115, -43.6336], [172.7208, -43.6334], [172.7199, -43.6242], [172.7435, -43.6221], [172.7497, -43.6386], [172.7547, -43.6212], [172.775, -43.6157], [172.7828, -43.6225], [172.8044, -43.6116], [172.8155, -43.6173], [172.8252, -43.6041], [172.8305, -43.6075], [172.8234, -43.6411], [172.8109, -43.6586], [172.8219, -43.6633], [172.8363, -43.6516], [172.8342, -43.6363], [172.8494, -43.6083], [172.8605, -43.6026], [172.8664, -43.6133], [172.8794, -43.6091], [172.8725, -43.62], [172.8808, -43.6246], [172.8929, -43.6136], [172.9034, -43.6183], [172.9036, -43.6325], [172.9114, -43.624], [172.8959, -43.6626], [172.8848, -43.6718], [172.8949, -43.689], [172.932, -43.6229], [172.9468, -43.6309], [172.9469, -43.6388], [172.9605, -43.6341], [172.9608, -43.6483], [172.9781, -43.6332], [172.9992, -43.6449], [172.9901, -43.6598], [173.0076, -43.654], [172.9934, -43.6756], [173.0237, -43.6517], [173.0472, -43.6514], [173.0348, -43.6623], [173.0731, -43.6753], [173.0567, -43.6914], [173.0762, -43.6993], [173.0868, -43.6829], [173.1073, -43.7004], [173.1095, -43.7101], [173.0988, -43.72], [173.1183, -43.7271], [173.095, -43.7329], [173.0982, -43.7455], [173.1241, -43.7367], [173.1297, -43.747], [173.1273, -43.7765], [173.1084, -43.7747], [173.1132, -43.799], [173.0961, -43.8076], [173.1066, -43.8161], [173.094, -43.8222], [173.1026, -43.8333], [173.0852, -43.8325], [173.0787, -43.8529], [173.0573, -43.8376], [173.0628, -43.8505], [173.0404, -43.8547], [173.046, -43.8599], [173.0374, -43.8727], [173.0218, -43.8759], [173.0042, -43.8684], [173.0164, -43.8811], [172.9958, -43.8872], [172.9932, -43.8716], [172.9886, -43.8866], [172.9689, -43.888], [172.9673, -43.8733], [172.9491, -43.8682], [172.939, -43.8537], [172.9451, -43.8195], [172.9678, -43.8008], [172.949, -43.8002], [172.9425, -43.7877], [172.9662, -43.7842], [172.9487, -43.7745], [172.9629, -43.7648], [172.9426, -43.7636], [172.9435, -43.7555], [172.9327, -43.7505], [172.9263, -43.752], [172.9278, -43.7766], [172.9214, -43.7588], [172.9105, -43.762], [172.9162, -43.7675], [172.9073, -43.7801], [172.9217, -43.7845], [172.9167, -43.7879], [172.9252, -43.7961], [172.9168, -43.796], [172.9198, -43.8082], [172.9044, -43.8149], [172.9032, -43.8227], [172.9157, -43.8507], [172.9124, -43.8626], [172.9423, -43.8825], [172.9493, -43.8954], [172.9304, -43.9017], [172.9081, -43.8902], [172.8833, -43.898], [172.8683, -43.8945], [172.8711, -43.8858], [172.8578, -43.8884], [172.8571, -43.8765], [172.8477, -43.8896], [172.8266, -43.8885], [172.8403, -43.8751], [172.8123, -43.88], [172.8242, -43.8691], [172.8223, -43.8592], [172.8066, -43.8737], [172.8005, -43.8719], [172.8032, -43.8623], [172.7821, -43.8681], [172.7854, -43.8505], [172.7717, -43.86], [172.7702, -43.8523], [172.7645, -43.857], [172.7564, -43.8477], [172.745, -43.8538], [172.7405, -43.832], [172.7323, -43.8356], [172.7293, -43.827], [172.5876, -43.8333], [172.3166, -43.8671], [172.0134, -43.9642], [171.6401, -44.1199], [171.4471, -44.2188], [171.3334, -44.2952], [171.2449, -44.3815], [171.2618, -44.3862], [171.2565, -44.3942], [171.27, -44.3876], [171.2564, -44.4269], [171.2616, -44.4433], [171.1959, -44.5247], [171.1629, -44.6028], [171.1741, -44.8292], [171.1669, -44.8803], [171.1442, -44.9404], [171.1158, -44.9295], [171.0001, -44.9212], [170.8824, -44.891], [170.8411, -44.8914], [170.8411, -44.9035], [170.6806, -44.9049], [170.6833, -44.9112], [170.6725, -44.918], [170.6589, -44.9092], [170.6375, -44.9178], [170.6275, -44.9346], [170.6369, -44.9513], [170.6146, -44.9667], [170.5794, -44.9655], [170.5752, -44.9779], [170.5382, -44.9879], [170.481, -45.0473], [170.4648, -45.0452], [170.4358, -45.0719], [170.3884, -45.0792], [170.3494, -45.0217], [170.3473, -44.9896], [170.3698, -44.9723], [170.3734, -44.9524], [170.3656, -44.9401], [170.3491, -44.9431], [170.35, -44.9077], [170.3194, -44.903], [170.3017, -44.9195], [170.2907, -44.9141], [170.2723, -44.9217], [170.252, -44.9188], [170.2421, -44.9307], [170.1645, -44.946], [170.1309, -44.9407], [170.1113, -44.9469], [170.0941, -44.94], [170.0848, -44.9274], [170.0687, -44.9232], [170.0819, -44.9121], [170.0638, -44.8836], [170.0309, -44.8701], [169.9978, -44.8247], [169.9937, -44.7865], [169.9702, -44.7441], [169.9442, -44.654], [169.8913, -44.6443], [169.8362, -44.6689], [169.8056, -44.6613], [169.7549, -44.6389], [169.7572, -44.6121], [169.7306, -44.5651], [169.7186, -44.5735], [169.7085, -44.601], [169.6853, -44.6061], [169.6818, -44.5979], [169.641, -44.596], [169.6407, -44.5648], [169.6634, -44.5372], [169.6477, -44.5311], [169.6502, -44.521], [169.6343, -44.5018], [169.6475, -44.4812], [169.6419, -44.4664], [169.5739, -44.4623], [169.5425, -44.4486], [169.5562, -44.4376], [169.5459, -44.4227], [169.5656, -44.4023], [169.5567, -44.381], [169.5788, -44.3401], [169.5684, -44.3194], [169.5806, -44.2523], [169.5705, -44.2367], [169.5485, -44.2276], [169.5432, -44.2078], [169.5607, -44.2055], [169.5711, -44.1772], [169.6058, -44.1585], [169.5989, -44.1503], [169.6204, -44.14], [169.625, -44.1225], [169.6387, -44.1199], [169.6392, -44.1018], [169.6612, -44.0915], [169.6576, -44.0776], [169.665, -44.0677], [169.682, -44.0684], [169.686, -44.0419], [169.7194, -44.0367], [169.7076, -44.0171], [169.7115, -43.9972], [169.6991, -43.9797], [169.6993, -43.9635], [169.72, -43.9599], [169.7459, -43.9313], [169.7583, -43.9337], [169.7709, -43.8993], [169.7931, -43.8926], [169.809, -43.8747], [169.8379, -43.8666], [169.8379, -43.8542], [169.8584, -43.837], [169.8943, -43.8337], [169.9, -43.813], [169.9333, -43.8005], [169.9436, -43.7891], [169.9727, -43.7873], [169.9705, -43.773], [169.9847, -43.7594], [169.9788, -43.7471], [170.0062, -43.7408], [170.0305, -43.7232], [170.0229, -43.7061], [170.0285, -43.6908], [170.0951, -43.6556], [170.1012, -43.6387], [170.0922, -43.6017], [170.0981, -43.5955], [170.1398, -43.5894], [170.1469, -43.5736], [170.1985, -43.5532], [170.2288, -43.519], [170.2992, -43.5017], [170.3287, -43.4816], [170.3348, -43.498], [170.3566, -43.5063], [170.395, -43.4982], [170.4338, -43.4658], [170.4592, -43.4613], [170.4755, -43.433], [170.5113, -43.4284], [170.53, -43.4099], [170.5567, -43.4242], [170.5802, -43.4185], [170.5807, -43.43], [170.5913, -43.434], [170.6151, -43.4319], [170.6156, -43.418], [170.6329, -43.3968], [170.6566, -43.3869], [170.6576, -43.3774], [170.6467, -43.3693], [170.6774, -43.3476], [170.7161, -43.3432], [170.7053, -43.3188], [170.7598, -43.3183], [170.7928, -43.2991], [170.8057, -43.3045], [170.8199, -43.2997], [170.8312, -43.2831], [170.8603, -43.2814], [170.8707, -43.2725], [170.8652, -43.2648], [170.8731, -43.2458], [170.9068, -43.2287], [170.9287, -43.2065], [170.9482, -43.206], [170.9485, -43.2273], [170.9917, -43.2176], [171.02, -43.1745], [171.0473, -43.1636], [171.0374, -43.1459], [171.0676, -43.1283], [171.0633, -43.1153], [171.0766, -43.1119], [171.0797, -43.102], [171.0952, -43.1008], [171.1054, -43.1121], [171.1172, -43.0857], [171.1305, -43.0813], [171.1459, -43.0888], [171.1842, -43.0644], [171.1981, -43.0743], [171.2196, -43.0647], [171.2227, -43.0433], [171.2407, -43.031], [171.2377, -43.0025], [171.2822, -42.9731], [171.3084, -42.9662], [171.3031, -42.9581], [171.3142, -42.9481], [171.3361, -42.9433], [171.3452, -42.9497], [171.3622, -42.9372], [171.3818, -42.946], [171.3932, -42.9426], [171.396, -42.9593], [171.4258, -42.9354], [171.4375, -42.9357], [171.4344, -42.9214], [171.4423, -42.9137], [171.4688, -42.9142], [171.491, -42.8959], [171.5172, -42.9142], [171.5869, -42.8957], [171.6341, -42.9026], [171.6652, -42.8863], [171.6903, -42.8999], [171.6869, -42.9061], [171.7101, -42.9038], [171.7108, -42.8958], [171.7464, -42.8741], [171.7336, -42.8645], [171.733, -42.8534], [171.7627, -42.8371], [171.7545, -42.8188], [171.764, -42.7915], [171.7891, -42.7828], [171.8126, -42.79], [171.8125, -42.7838], [171.8433, -42.7748], [171.8637, -42.7505], [171.8844, -42.7497], [171.8851, -42.7187], [171.908, -42.7047], [171.9257, -42.6664], [171.9723, -42.6535], [171.9742, -42.6392], [172.0155, -42.6318], [172.0285, -42.6368], [172.0939, -42.6209], [172.1027, -42.6061], [172.0985, -42.5934], [172.1085, -42.5805], [172.1329, -42.5553], [172.1558, -42.5531], [172.1783, -42.5355], [172.1869, -42.5039], [172.2271, -42.4795], [172.2357, -42.4565], [172.2788, -42.4499], [172.2933, -42.4404], [172.2998, -42.4217], [172.3248, -42.4164], [172.3472, -42.3918], [172.3934, -42.3779], [172.4168, -42.3838], [172.4436, -42.3668], [172.4487, -42.3286], [172.4661, -42.3195], [172.4617, -42.3075], [172.4764, -42.2946], [172.4784, -42.273], [172.5152, -42.264], [172.5594, -42.22], [172.5888, -42.2154], [172.6161, -42.1943], [172.6097, -42.1658], [172.6197, -42.148], [172.6409, -42.1329], [172.6317, -42.1219], [172.6356, -42.1024], [172.6784, -42.0879], [172.6921, -42.1065]]], [[[172.7091, -43.5585], [172.6913, -43.5545], [172.7025, -43.5657], [172.7091, -43.5585]]]]}, "properties": {"name": "Canterbury", "icps": 14105, "kW": 43963.7, "pct": 4.51}}, {"type": "Feature", "geometry": {"type": "MultiPolygon", "coordinates": [[[[170.8678, -45.3969], [170.8687, -45.3975], [170.8682, -45.3979], [170.8678, -45.3969]]], [[[170.6408, -45.8377], [170.6413, -45.8385], [170.64, -45.8387], [170.6408, -45.8377]]], [[[170.715, -45.8791], [170.7159, -45.8807], [170.7137, -45.8796], [170.715, -45.8791]]], [[[169.6832, -46.4816], [169.6851, -46.483], [169.6834, -46.4834], [169.6832, -46.4816]]], [[[170.626, -45.8226], [170.6265, -45.826], [170.6249, -45.8245], [170.626, -45.8226]]], [[[170.2188, -46.0557], [170.2165, -46.0601], [170.2164, -46.0578], [170.2188, -46.0557]]], [[[170.6319, -45.826], [170.638, -45.829], [170.6323, -45.8304], [170.6319, -45.826]]], [[[170.5978, -45.8663], [170.6025, -45.8456], [170.6156, -45.8493], [170.6505, -45.8396], [170.6434, -45.8241], [170.6575, -45.8376], [170.6719, -45.8331], [170.6702, -45.8135], [170.721, -45.7982], [170.7283, -45.7722], [170.7477, -45.7872], [170.7411, -45.7963], [170.7509, -45.8046], [170.7338, -45.8231], [170.7323, -45.845], [170.6955, -45.8381], [170.6802, -45.8462], [170.6909, -45.8546], [170.7485, -45.8459], [170.7416, -45.8622], [170.7507, -45.8678], [170.7392, -45.8793], [170.7098, -45.8751], [170.6805, -45.8813], [170.6739, -45.8721], [170.6875, -45.8694], [170.6867, -45.8621], [170.6606, -45.851], [170.658, -45.8649], [170.6872, -45.892], [170.6631, -45.9038], [170.6093, -45.8973], [170.5673, -45.9095], [170.4982, -45.9107], [170.4397, -45.9242], [170.4323, -45.9323], [170.4029, -45.9306], [170.342, -45.9427], [170.2947, -45.9641], [170.2447, -46.0088], [170.2124, -46.0516], [170.1923, -46.0527], [170.1994, -46.0557], [170.2003, -46.0919], [170.1709, -46.1531], [170.1222, -46.1862], [170.0096, -46.238], [169.9728, -46.272], [169.9337, -46.2848], [169.9239, -46.2984], [169.8407, -46.3292], [169.7981, -46.3547], [169.7833, -46.3736], [169.7803, -46.3976], [169.7999, -46.4122], [169.7942, -46.4347], [169.8191, -46.4498], [169.8012, -46.4458], [169.7811, -46.4525], [169.7817, -46.4651], [169.7585, -46.466], [169.7534, -46.4832], [169.7478, -46.4763], [169.7194, -46.4792], [169.7071, -46.4725], [169.6875, -46.479], [169.6542, -46.4668], [169.6152, -46.4798], [169.6295, -46.4902], [169.6635, -46.4713], [169.6831, -46.4849], [169.6953, -46.4845], [169.705, -46.4734], [169.7229, -46.4903], [169.7089, -46.4941], [169.7089, -46.5062], [169.6928, -46.51], [169.6978, -46.5204], [169.6601, -46.5282], [169.6524, -46.539], [169.6169, -46.5403], [169.612, -46.558], [169.5876, -46.5658], [169.5851, -46.5783], [169.5627, -46.5613], [169.4768, -46.5611], [169.4793, -46.5678], [169.4677, -46.5807], [169.4541, -46.5767], [169.4342, -46.5902], [169.4309, -46.6001], [169.4473, -46.6058], [169.438, -46.6128], [169.4204, -46.6028], [169.3988, -46.6135], [169.3793, -46.607], [169.356, -46.6199], [169.3653, -46.6314], [169.3601, -46.6373], [169.3212, -46.6273], [169.3109, -46.6342], [169.3047, -46.6247], [169.2696, -46.6184], [169.2653, -46.6155], [169.2741, -46.6113], [169.2616, -46.5986], [169.2649, -46.5859], [169.1905, -46.5569], [169.2256, -46.5498], [169.2499, -46.5127], [169.1777, -46.4899], [169.178, -46.4776], [169.1614, -46.4669], [169.1651, -46.4557], [169.1968, -46.4388], [169.1881, -46.4274], [169.1993, -46.4199], [169.196, -46.4044], [169.175, -46.3864], [169.1341, -46.3754], [169.1463, -46.3591], [169.1424, -46.3535], [169.1907, -46.3264], [169.1774, -46.3219], [169.1969, -46.3043], [169.1769, -46.2857], [169.189, -46.2799], [169.1857, -46.2548], [169.1962, -46.2376], [169.1863, -46.2233], [169.1981, -46.2127], [169.1983, -46.2004], [169.1819, -46.1957], [169.1858, -46.1893], [169.167, -46.1919], [169.1704, -46.1828], [169.1596, -46.1757], [169.1692, -46.161], [169.161, -46.1522], [169.1298, -46.1478], [169.1376, -46.1273], [169.1632, -46.1171], [169.1579, -46.1067], [169.1633, -46.0958], [169.1356, -46.0854], [169.1579, -46.0684], [169.1533, -46.0487], [169.1036, -46.0368], [169.0799, -46.0091], [169.0797, -46.0027], [169.1278, -46.0031], [169.1082, -45.9951], [169.0727, -46.0016], [169.0666, -45.9853], [169.0997, -45.948], [169.0972, -45.9386], [169.0734, -45.9247], [169.0848, -45.9167], [169.0991, -45.8844], [169.0745, -45.8711], [169.0805, -45.8582], [169.0566, -45.8501], [169.0504, -45.864], [169.0052, -45.8635], [169.0055, -45.8479], [169.0289, -45.8089], [169.0035, -45.7958], [169.0046, -45.7496], [168.9934, -45.7285], [169.0031, -45.7271], [169.0054, -45.6984], [169.0189, -45.6898], [169.0247, -45.6596], [169.0587, -45.6411], [169.0736, -45.6044], [169.099, -45.5807], [169.1117, -45.5418], [169.1302, -45.5245], [169.1472, -45.4506], [169.1601, -45.4397], [169.1996, -45.4343], [169.2109, -45.4172], [169.2093, -45.4024], [169.1644, -45.3708], [169.1484, -45.339], [169.1295, -45.3376], [169.0993, -45.3199], [169.0902, -45.2861], [169.0677, -45.269], [169.0128, -45.3035], [168.9596, -45.3591], [168.9068, -45.4495], [168.8869, -45.4628], [168.8588, -45.452], [168.854, -45.4321], [168.8305, -45.4376], [168.8252, -45.4461], [168.7962, -45.4334], [168.7787, -45.4366], [168.7687, -45.4031], [168.7747, -45.3652], [168.7516, -45.3676], [168.6922, -45.3397], [168.6978, -45.3119], [168.6901, -45.2726], [168.6805, -45.2597], [168.6834, -45.2477], [168.6741, -45.2431], [168.6493, -45.2457], [168.6076, -45.2778], [168.5668, -45.2861], [168.5394, -45.3093], [168.4608, -45.3251], [168.3233, -45.3275], [168.3003, -45.2939], [168.307, -45.2604], [168.2882, -45.2449], [168.2996, -45.2212], [168.2515, -45.1995], [168.2549, -45.1852], [168.236, -45.1668], [168.2394, -45.1544], [168.217, -45.1444], [168.2842, -45.1062], [168.2846, -45.0846], [168.2986, -45.0522], [168.2914, -45.0405], [168.3097, -45.026], [168.2959, -45.0138], [168.2753, -45.0258], [168.246, -45.027], [168.2249, -45.0192], [168.2204, -45.0059], [168.1746, -44.981], [168.1763, -44.9666], [168.1645, -44.9552], [168.1323, -44.9398], [168.1283, -44.9309], [168.1361, -44.9268], [168.1307, -44.9223], [168.1372, -44.9135], [168.1274, -44.8852], [168.1165, -44.8812], [168.1274, -44.8286], [168.1676, -44.8283], [168.2053, -44.7463], [168.1994, -44.7402], [168.1819, -44.7452], [168.1692, -44.7213], [168.175, -44.6977], [168.1925, -44.6807], [168.1847, -44.6695], [168.1911, -44.6559], [168.185, -44.6461], [168.1973, -44.6433], [168.2144, -44.6035], [168.2257, -44.5981], [168.2248, -44.583], [168.2369, -44.5758], [168.2346, -44.543], [168.2748, -44.5204], [168.2897, -44.4964], [168.4609, -44.4954], [168.5235, -44.4604], [168.5574, -44.4517], [168.5861, -44.4538], [168.5935, -44.4418], [168.6255, -44.4339], [168.6416, -44.4166], [168.6867, -44.3919], [168.7238, -44.4174], [168.7433, -44.4207], [168.7413, -44.4054], [168.7534, -44.3922], [168.7779, -44.3879], [168.8323, -44.3508], [168.8427, -44.2833], [168.8573, -44.2697], [168.8494, -44.2461], [168.871, -44.2389], [168.8772, -44.2228], [168.9048, -44.2182], [168.9109, -44.2098], [168.9592, -44.2058], [168.9652, -44.1738], [168.9874, -44.1689], [168.9751, -44.144], [169.0159, -44.1308], [169.0134, -44.1148], [169.038, -44.1182], [169.0736, -44.1096], [169.0814, -44.097], [169.1459, -44.0799], [169.1597, -44.1049], [169.2573, -44.1081], [169.2795, -44.0938], [169.2908, -44.0627], [169.309, -44.0606], [169.321, -44.0641], [169.3387, -44.1025], [169.3871, -44.1187], [169.4285, -44.0965], [169.4626, -44.0593], [169.5067, -44.0592], [169.5411, -44.0333], [169.579, -44.0341], [169.592, -44.0102], [169.592, -43.9913], [169.5826, -43.9805], [169.5928, -43.9581], [169.6233, -43.957], [169.6329, -43.9638], [169.6691, -43.9555], [169.6935, -43.9585], [169.711, -43.9948], [169.7076, -44.0171], [169.7194, -44.0367], [169.686, -44.0419], [169.682, -44.0684], [169.665, -44.0677], [169.6576, -44.0776], [169.6612, -44.0915], [169.6392, -44.1018], [169.6387, -44.1199], [169.625, -44.1225], [169.6204, -44.14], [169.5989, -44.1503], [169.6058, -44.1585], [169.5711, -44.1772], [169.5607, -44.2055], [169.5432, -44.2078], [169.5485, -44.2276], [169.5705, -44.2367], [169.5806, -44.2523], [169.5684, -44.3194], [169.5788, -44.3401], [169.5567, -44.381], [169.5656, -44.4023], [169.5459, -44.4227], [169.5562, -44.4376], [169.5425, -44.4486], [169.5739, -44.4623], [169.6419, -44.4664], [169.6475, -44.4812], [169.6343, -44.5018], [169.6502, -44.521], [169.6477, -44.5311], [169.6634, -44.5372], [169.6407, -44.5648], [169.641, -44.596], [169.6818, -44.5979], [169.6853, -44.6061], [169.7085, -44.601], [169.7186, -44.5735], [169.7306, -44.5651], [169.7572, -44.6121], [169.7549, -44.6389], [169.8056, -44.6613], [169.8362, -44.6689], [169.8913, -44.6443], [169.9442, -44.654], [169.9702, -44.7441], [169.9937, -44.7865], [169.9978, -44.8247], [170.0309, -44.8701], [170.0638, -44.8836], [170.0819, -44.9121], [170.0687, -44.9232], [170.1113, -44.9469], [170.1309, -44.9407], [170.1645, -44.946], [170.2421, -44.9307], [170.252, -44.9188], [170.2723, -44.9217], [170.2907, -44.9141], [170.3017, -44.9195], [170.3194, -44.903], [170.35, -44.9077], [170.3491, -44.9431], [170.3656, -44.9401], [170.3734, -44.9524], [170.3698, -44.9723], [170.3473, -44.9896], [170.3494, -45.0217], [170.3855, -45.0779], [170.3978, -45.0809], [170.4472, -45.066], [170.4648, -45.0452], [170.481, -45.0473], [170.5318, -44.9929], [170.5752, -44.9779], [170.5794, -44.9655], [170.6146, -44.9667], [170.6369, -44.9513], [170.6275, -44.9346], [170.6375, -44.9178], [170.6589, -44.9092], [170.6725, -44.918], [170.6833, -44.9112], [170.6806, -44.9049], [170.8411, -44.9035], [170.8411, -44.8914], [170.8824, -44.891], [171.0001, -44.9212], [171.1158, -44.9295], [171.1442, -44.9404], [171.0816, -45.0208], [170.9797, -45.0922], [170.9726, -45.1021], [170.978, -45.106], [170.9722, -45.1054], [170.9807, -45.1057], [170.9826, -45.1214], [170.9559, -45.1297], [170.9191, -45.1572], [170.9045, -45.174], [170.9013, -45.1945], [170.8866, -45.2047], [170.8887, -45.216], [170.8642, -45.2384], [170.8607, -45.27], [170.8361, -45.2967], [170.8242, -45.3271], [170.8359, -45.3593], [170.8631, -45.3575], [170.8689, -45.3899], [170.8682, -45.3968], [170.8633, -45.3908], [170.8463, -45.3951], [170.8186, -45.4237], [170.8096, -45.4567], [170.8313, -45.4734], [170.755, -45.5348], [170.7268, -45.5693], [170.7252, -45.5959], [170.7072, -45.6114], [170.6936, -45.6189], [170.6741, -45.5984], [170.6709, -45.6077], [170.6824, -45.6123], [170.664, -45.6239], [170.6629, -45.6399], [170.646, -45.6217], [170.6594, -45.6417], [170.6743, -45.6402], [170.6543, -45.6508], [170.6528, -45.671], [170.6101, -45.6965], [170.6009, -45.7108], [170.6021, -45.7281], [170.5966, -45.7308], [170.5896, -45.7126], [170.5712, -45.7219], [170.5696, -45.7458], [170.5971, -45.7416], [170.5982, -45.733], [170.6165, -45.7338], [170.6297, -45.7487], [170.6178, -45.7495], [170.6249, -45.7631], [170.6334, -45.7518], [170.627, -45.7417], [170.6385, -45.7385], [170.6613, -45.7602], [170.6882, -45.7613], [170.6922, -45.7554], [170.7062, -45.7737], [170.72, -45.7706], [170.7083, -45.7789], [170.7174, -45.7871], [170.7078, -45.7811], [170.6286, -45.7964], [170.6226, -45.8076], [170.6292, -45.8194], [170.6184, -45.8275], [170.6114, -45.8195], [170.6023, -45.8309], [170.5938, -45.8277], [170.5669, -45.8626], [170.5068, -45.8791], [170.5185, -45.8936], [170.5281, -45.8812], [170.5736, -45.8792], [170.5978, -45.8663]]], [[[170.5282, -45.8926], [170.5215, -45.891], [170.5189, -45.8938], [170.5282, -45.8926]]], [[[170.5853, -45.7527], [170.5796, -45.7471], [170.5787, -45.7521], [170.5853, -45.7527]]]]}, "properties": {"name": "Otago", "icps": 5365, "kW": 14403.0, "pct": 4.65}}, {"type": "Feature", "geometry": {"type": "MultiPolygon", "coordinates": [[[[167.5545, -47.1217], [167.5544, -47.1216], [167.5545, -47.1216], [167.5545, -47.1217]]], [[[167.6365, -47.2029], [167.6364, -47.2029], [167.6365, -47.2029], [167.6365, -47.2029]]], [[[168.1448, -47.1179], [168.1447, -47.1179], [168.1448, -47.1178], [168.1448, -47.1179]]], [[[168.5964, -46.7519], [168.5962, -46.7519], [168.5962, -46.7518], [168.5964, -46.7519]]], [[[168.5997, -46.7555], [168.5996, -46.7553], [168.5998, -46.7553], [168.5997, -46.7555]]], [[[167.6504, -46.7891], [167.6502, -46.789], [167.6503, -46.7889], [167.6504, -46.7891]]], [[[167.6362, -47.2028], [167.636, -47.2027], [167.6362, -47.2027], [167.6362, -47.2028]]], [[[167.5648, -47.135], [167.5646, -47.1351], [167.5647, -47.135], [167.5648, -47.135]]], [[[168.5967, -46.7524], [168.5966, -46.7523], [168.5967, -46.7523], [168.5967, -46.7524]]], [[[167.5462, -47.1618], [167.5461, -47.1618], [167.5462, -47.1617], [167.5462, -47.1618]]], [[[168.598, -46.7544], [168.5978, -46.7542], [168.598, -46.7543], [168.598, -46.7544]]], [[[168.1627, -46.9158], [168.1626, -46.9157], [168.1628, -46.9157], [168.1627, -46.9158]]], [[[168.598, -46.7531], [168.5979, -46.7529], [168.5981, -46.753], [168.598, -46.7531]]], [[[167.5626, -47.1343], [167.5624, -47.1343], [167.5626, -47.1342], [167.5626, -47.1343]]], [[[168.5973, -46.7526], [168.597, -46.7525], [168.5974, -46.7526], [168.5973, -46.7526]]], [[[167.3752, -47.2229], [167.3752, -47.2229], [167.3753, -47.2227], [167.3752, -47.2229]]], [[[167.5555, -47.1203], [167.5553, -47.1202], [167.5555, -47.1201], [167.5555, -47.1203]]], [[[167.8054, -46.6727], [167.8052, -46.6727], [167.8052, -46.6726], [167.8054, -46.6727]]], [[[168.165, -46.966], [168.1649, -46.966], [168.1649, -46.9658], [168.165, -46.966]]], [[[168.1367, -47.1108], [168.1364, -47.1109], [168.1367, -47.1107], [168.1367, -47.1108]]], [[[168.5899, -46.7498], [168.5899, -46.7496], [168.59, -46.7497], [168.5899, -46.7498]]], [[[167.5507, -47.1229], [167.5505, -47.123], [167.5505, -47.1229], [167.5507, -47.1229]]], [[[167.5529, -47.1159], [167.5527, -47.1159], [167.5529, -47.1158], [167.5529, -47.1159]]], [[[167.6365, -47.2026], [167.6366, -47.2027], [167.6363, -47.2027], [167.6365, -47.2026]]], [[[168.5971, -46.7532], [168.5969, -46.753], [168.5971, -46.7531], [168.5971, -46.7532]]], [[[167.6516, -46.7892], [167.6515, -46.7891], [167.6516, -46.789], [167.6516, -46.7892]]], [[[168.1656, -46.9659], [168.1654, -46.9659], [168.1655, -46.9657], [168.1656, -46.9659]]], [[[167.3825, -47.2225], [167.3822, -47.2225], [167.3824, -47.2224], [167.3825, -47.2225]]], [[[167.7108, -46.6985], [167.7107, -46.6983], [167.7109, -46.6984], [167.7108, -46.6985]]], [[[168.1536, -47.0671], [168.1537, -47.0673], [168.1535, -47.0672], [168.1536, -47.0671]]], [[[168.5993, -46.7543], [168.5992, -46.7543], [168.5992, -46.7541], [168.5993, -46.7543]]], [[[168.5902, -46.7495], [168.59, -46.7493], [168.5902, -46.7493], [168.5902, -46.7495]]], [[[167.5471, -47.1615], [167.5469, -47.1614], [167.5472, -47.1613], [167.5471, -47.1615]]], [[[167.5541, -47.1221], [167.5541, -47.1219], [167.5543, -47.122], [167.5541, -47.1221]]], [[[168.1177, -46.9249], [168.1175, -46.9248], [168.1177, -46.9247], [168.1177, -46.9249]]], [[[168.1294, -47.1061], [168.1293, -47.106], [168.1295, -47.1058], [168.1294, -47.1061]]], [[[167.5984, -46.7634], [167.5982, -46.7634], [167.5984, -46.7632], [167.5984, -46.7634]]], [[[167.804, -46.6726], [167.8037, -46.6726], [167.804, -46.6725], [167.804, -46.6726]]], [[[167.5907, -46.7518], [167.5906, -46.7517], [167.5908, -46.7517], [167.5907, -46.7518]]], [[[168.1105, -46.9246], [168.1104, -46.9245], [168.1107, -46.9245], [168.1105, -46.9246]]], [[[168.1379, -46.985], [168.1378, -46.9849], [168.1382, -46.9849], [168.1379, -46.985]]], [[[167.6369, -47.2028], [167.6369, -47.2026], [167.6371, -47.2027], [167.6369, -47.2028]]], [[[168.12, -46.9324], [168.1199, -46.9324], [168.1202, -46.9322], [168.12, -46.9324]]], [[[168.5542, -46.793], [168.5539, -46.7929], [168.5542, -46.7928], [168.5542, -46.793]]], [[[167.5624, -47.1342], [167.5622, -47.134], [167.5625, -47.134], [167.5624, -47.1342]]], [[[167.6492, -46.7896], [167.6491, -46.7895], [167.6494, -46.7894], [167.6492, -46.7896]]], [[[167.5551, -47.1208], [167.555, -47.1207], [167.5552, -47.1206], [167.5551, -47.1208]]], [[[167.5702, -47.1338], [167.57, -47.1337], [167.5701, -47.1336], [167.5702, -47.1338]]], [[[168.596, -46.7523], [168.5958, -46.752], [168.596, -46.7521], [168.596, -46.7523]]], [[[168.1652, -46.9385], [168.1651, -46.9387], [168.1651, -46.9385], [168.1652, -46.9385]]], [[[168.1318, -46.9862], [168.1316, -46.9862], [168.1319, -46.986], [168.1318, -46.9862]]], [[[167.5645, -47.1342], [167.5643, -47.134], [167.5645, -47.134], [167.5645, -47.1342]]], [[[168.1076, -47.1025], [168.1073, -47.1024], [168.1075, -47.1023], [168.1076, -47.1025]]], [[[167.6485, -46.7903], [167.6486, -46.7901], [167.6488, -46.7901], [167.6485, -46.7903]]], [[[167.5222, -47.1371], [167.522, -47.1371], [167.522, -47.137], [167.5222, -47.1371]]], [[[168.1281, -47.1159], [168.1281, -47.1156], [168.1282, -47.1157], [168.1281, -47.1159]]], [[[167.8077, -46.6699], [167.8075, -46.6698], [167.8078, -46.6696], [167.8077, -46.6699]]], [[[168.119, -46.969], [168.1188, -46.969], [168.1191, -46.9688], [168.119, -46.969]]], [[[168.5981, -46.7541], [168.5979, -46.754], [168.5981, -46.754], [168.5981, -46.7541]]], [[[167.7129, -46.6996], [167.7128, -46.6995], [167.713, -46.6994], [167.7129, -46.6996]]], [[[167.611, -47.214], [167.6109, -47.2138], [167.6111, -47.2138], [167.611, -47.214]]], [[[168.4664, -46.8207], [168.4661, -46.8206], [168.4664, -46.8206], [168.4664, -46.8207]]], [[[168.1071, -46.9923], [168.1074, -46.9924], [168.1068, -46.9924], [168.1071, -46.9923]]], [[[167.4315, -47.2178], [167.4314, -47.2176], [167.4316, -47.2177], [167.4315, -47.2178]]], [[[167.6109, -47.2143], [167.6108, -47.2141], [167.611, -47.2141], [167.6109, -47.2143]]], [[[167.6892, -47.1865], [167.689, -47.1864], [167.6893, -47.1863], [167.6892, -47.1865]]], [[[167.5905, -46.7528], [167.5903, -46.7527], [167.5905, -46.7525], [167.5905, -46.7528]]], [[[168.4466, -46.8235], [168.4465, -46.8233], [168.4468, -46.8233], [168.4466, -46.8235]]], [[[167.6082, -47.224], [167.608, -47.2239], [167.6084, -47.2238], [167.6082, -47.224]]], [[[167.628, -47.2056], [167.6279, -47.2053], [167.6281, -47.2054], [167.628, -47.2056]]], [[[167.709, -46.7061], [167.7091, -46.7058], [167.7092, -46.7059], [167.709, -46.7061]]], [[[168.0205, -46.8953], [168.0203, -46.8952], [168.0204, -46.8951], [168.0205, -46.8953]]], [[[167.6737, -47.1949], [167.6735, -47.1947], [167.6739, -47.1947], [167.6737, -47.1949]]], [[[167.4345, -47.2171], [167.4347, -47.2168], [167.4348, -47.2168], [167.4345, -47.2171]]], [[[167.5349, -47.1306], [167.5347, -47.1304], [167.535, -47.1304], [167.5349, -47.1306]]], [[[167.6667, -47.2065], [167.6663, -47.2064], [167.6666, -47.2064], [167.6667, -47.2065]]], [[[168.131, -46.8994], [168.1309, -46.8993], [168.1312, -46.8992], [168.131, -46.8994]]], [[[168.137, -46.9853], [168.1372, -46.9851], [168.1373, -46.9853], [168.137, -46.9853]]], [[[167.569, -47.1303], [167.5688, -47.1303], [167.569, -47.1301], [167.569, -47.1303]]], [[[168.5538, -46.7932], [168.5534, -46.7932], [168.5539, -46.7931], [168.5538, -46.7932]]], [[[168.1342, -46.8993], [168.1342, -46.8992], [168.1344, -46.899], [168.1342, -46.8993]]], [[[167.5346, -47.1306], [167.5342, -47.1306], [167.5344, -47.1305], [167.5346, -47.1306]]], [[[168.0946, -46.9727], [168.0947, -46.9728], [168.0944, -46.9729], [168.0946, -46.9727]]], [[[167.8042, -46.6699], [167.8042, -46.6696], [167.8043, -46.6698], [167.8042, -46.6699]]], [[[167.6086, -47.2234], [167.6084, -47.2233], [167.6087, -47.2232], [167.6086, -47.2234]]], [[[168.1192, -46.9307], [168.1193, -46.931], [168.1191, -46.9309], [168.1192, -46.9307]]], [[[168.1409, -46.977], [168.1407, -46.9768], [168.1409, -46.9766], [168.1409, -46.977]]], [[[168.1416, -46.8955], [168.1414, -46.8953], [168.1416, -46.8952], [168.1416, -46.8955]]], [[[168.1251, -46.9898], [168.125, -46.9897], [168.1253, -46.9897], [168.1251, -46.9898]]], [[[168.1326, -46.9392], [168.1324, -46.9391], [168.1328, -46.939], [168.1326, -46.9392]]], [[[168.0763, -46.9829], [168.0763, -46.9826], [168.0765, -46.9828], [168.0763, -46.9829]]], [[[167.8021, -46.6728], [167.8019, -46.6728], [167.8021, -46.6725], [167.8021, -46.6728]]], [[[167.5531, -47.1163], [167.553, -47.1163], [167.5533, -47.1161], [167.5531, -47.1163]]], [[[167.5068, -47.1702], [167.5065, -47.1702], [167.5067, -47.1699], [167.5068, -47.1702]]], [[[168.4658, -46.8209], [168.4656, -46.8208], [168.4661, -46.8206], [168.4658, -46.8209]]], [[[168.1248, -46.9916], [168.1246, -46.9914], [168.125, -46.9915], [168.1248, -46.9916]]], [[[168.0258, -46.9027], [168.0256, -46.9025], [168.0258, -46.9024], [168.0258, -46.9027]]], [[[168.1756, -47.0554], [168.1756, -47.0551], [168.1758, -47.0553], [168.1756, -47.0554]]], [[[168.1659, -46.9402], [168.1658, -46.9401], [168.1662, -46.94], [168.1659, -46.9402]]], [[[168.1633, -46.9384], [168.1633, -46.9381], [168.1635, -46.9382], [168.1633, -46.9384]]], [[[168.2574, -46.9164], [168.257, -46.9163], [168.2572, -46.9161], [168.2574, -46.9164]]], [[[168.167, -46.9576], [168.1668, -46.9575], [168.167, -46.9573], [168.167, -46.9576]]], [[[168.1088, -46.9267], [168.1085, -46.9266], [168.1088, -46.9265], [168.1088, -46.9267]]], [[[167.3726, -47.2252], [167.3723, -47.225], [167.3726, -47.225], [167.3726, -47.2252]]], [[[167.6271, -47.2054], [167.6268, -47.2053], [167.6273, -47.2053], [167.6271, -47.2054]]], [[[168.5523, -46.7926], [168.5522, -46.7924], [168.5526, -46.7923], [168.5523, -46.7926]]], [[[167.598, -46.7637], [167.5978, -46.7636], [167.5981, -46.7635], [167.598, -46.7637]]], [[[167.6045, -46.7895], [167.6043, -46.7894], [167.6045, -46.7892], [167.6045, -46.7895]]], [[[168.1081, -46.9317], [168.1079, -46.9316], [168.108, -46.9314], [168.1081, -46.9317]]], [[[167.3722, -47.2242], [167.3722, -47.2239], [167.3724, -47.2241], [167.3722, -47.2242]]], [[[167.6692, -47.2138], [167.6691, -47.2136], [167.6692, -47.2134], [167.6692, -47.2138]]], [[[168.1323, -46.8951], [168.1321, -46.895], [168.1324, -46.8948], [168.1323, -46.8951]]], [[[168.1236, -46.9058], [168.1231, -46.906], [168.1232, -46.9058], [168.1236, -46.9058]]], [[[167.539, -47.1309], [167.5388, -47.1308], [167.5391, -47.1306], [167.539, -47.1309]]], [[[168.1989, -47.1015], [168.1987, -47.1014], [168.1992, -47.1012], [168.1989, -47.1015]]], [[[168.4599, -46.8215], [168.4597, -46.8213], [168.4602, -46.8212], [168.4599, -46.8215]]], [[[168.199, -47.1019], [168.1988, -47.1017], [168.1991, -47.1016], [168.199, -47.1019]]], [[[168.1035, -46.9311], [168.1033, -46.931], [168.1037, -46.9308], [168.1035, -46.9311]]], [[[167.8047, -46.6727], [167.8044, -46.6726], [167.8048, -46.6724], [167.8047, -46.6727]]], [[[167.6356, -47.2171], [167.6354, -47.2172], [167.6357, -47.2168], [167.6356, -47.2171]]], [[[167.558, -47.2335], [167.5579, -47.2337], [167.5576, -47.2335], [167.558, -47.2335]]], [[[167.5466, -47.1227], [167.5463, -47.1225], [167.5466, -47.1225], [167.5466, -47.1227]]], [[[167.7078, -46.6965], [167.7076, -46.6964], [167.7078, -46.6961], [167.7078, -46.6965]]], [[[167.645, -46.7535], [167.6449, -46.7533], [167.6453, -46.7532], [167.645, -46.7535]]], [[[168.1089, -46.9263], [168.1085, -46.9262], [168.1089, -46.9261], [168.1089, -46.9263]]], [[[166.6445, -45.5721], [166.6444, -45.572], [166.6447, -45.5718], [166.6445, -45.5721]]], [[[168.205, -46.8872], [168.2048, -46.887], [168.2051, -46.8869], [168.205, -46.8872]]], [[[167.6693, -47.1958], [167.669, -47.1956], [167.6694, -47.1956], [167.6693, -47.1958]]], [[[168.122, -46.9239], [168.1217, -46.9238], [168.1221, -46.9237], [168.122, -46.9239]]], [[[167.629, -47.2043], [167.6288, -47.2043], [167.6291, -47.204], [167.629, -47.2043]]], [[[168.1626, -46.9383], [168.1624, -46.9382], [168.1624, -46.938], [168.1626, -46.9383]]], [[[168.1097, -46.9705], [168.1095, -46.9703], [168.1098, -46.9701], [168.1097, -46.9705]]], [[[167.5323, -47.1296], [167.5321, -47.1294], [167.5325, -47.1294], [167.5323, -47.1296]]], [[[168.1454, -46.8699], [168.145, -46.8698], [168.1455, -46.8697], [168.1454, -46.8699]]], [[[168.0854, -46.9084], [168.0851, -46.9083], [168.0853, -46.908], [168.0854, -46.9084]]], [[[167.6544, -46.788], [167.6542, -46.7881], [167.6543, -46.7877], [167.6544, -46.788]]], [[[167.4336, -47.2181], [167.4331, -47.2179], [167.4336, -47.2179], [167.4336, -47.2181]]], [[[167.6258, -46.796], [167.6256, -46.7959], [167.6259, -46.7956], [167.6258, -46.796]]], [[[167.7125, -46.7001], [167.7122, -46.7], [167.7124, -46.6997], [167.7125, -46.7001]]], [[[166.6355, -45.5935], [166.6355, -45.5932], [166.6358, -45.5933], [166.6355, -45.5935]]], [[[168.1573, -47.0686], [168.1571, -47.0683], [168.1575, -47.0684], [168.1573, -47.0686]]], [[[167.7831, -47.1939], [167.7828, -47.1936], [167.783, -47.1936], [167.7831, -47.1939]]], [[[167.7086, -46.698], [167.7085, -46.6979], [167.709, -46.6977], [167.7086, -46.698]]], [[[168.1705, -46.8953], [168.17, -46.8952], [168.1704, -46.8951], [168.1705, -46.8953]]], [[[167.5962, -46.7526], [167.596, -46.7524], [167.5966, -46.7523], [167.5962, -46.7526]]], [[[167.5173, -47.1658], [167.517, -47.1656], [167.5172, -47.1654], [167.5173, -47.1658]]], [[[167.573, -47.2366], [167.5729, -47.2363], [167.5732, -47.2365], [167.573, -47.2366]]], [[[168.4654, -46.8206], [168.465, -46.8205], [168.4655, -46.8204], [168.4654, -46.8206]]], [[[167.6705, -47.1965], [167.6704, -47.1964], [167.6709, -47.1961], [167.6705, -47.1965]]], [[[168.1646, -46.9657], [168.1644, -46.9662], [168.1643, -46.9658], [168.1646, -46.9657]]], [[[168.085, -46.9072], [168.0845, -46.9069], [168.085, -46.9069], [168.085, -46.9072]]], [[[168.4664, -46.818], [168.4663, -46.8182], [168.4658, -46.818], [168.4664, -46.818]]], [[[166.6546, -45.5996], [166.6542, -45.5995], [166.6547, -45.5993], [166.6546, -45.5996]]], [[[168.2187, -47.0618], [168.2187, -47.0614], [168.2189, -47.0616], [168.2187, -47.0618]]], [[[167.7326, -47.1851], [167.7325, -47.1846], [167.7328, -47.1848], [167.7326, -47.1851]]], [[[167.5559, -47.1162], [167.5556, -47.116], [167.556, -47.1159], [167.5559, -47.1162]]], [[[168.1586, -46.9653], [168.158, -46.965], [168.1585, -46.9651], [168.1586, -46.9653]]], [[[167.5338, -47.1307], [167.5333, -47.1306], [167.5336, -47.1304], [167.5338, -47.1307]]], [[[168.1192, -46.9327], [168.1189, -46.9325], [168.1195, -46.9324], [168.1192, -46.9327]]], [[[168.4734, -46.8167], [168.4729, -46.8168], [168.4734, -46.8164], [168.4734, -46.8167]]], [[[167.69, -47.1875], [167.6897, -47.1873], [167.6898, -47.1871], [167.69, -47.1875]]], [[[168.2099, -47.008], [168.2096, -47.008], [168.2098, -47.0076], [168.2099, -47.008]]], [[[167.3773, -47.2212], [167.3773, -47.2213], [167.3766, -47.2214], [167.3773, -47.2212]]], [[[167.5218, -47.137], [167.5214, -47.1373], [167.5214, -47.137], [167.5218, -47.137]]], [[[168.4591, -46.8215], [168.4593, -46.8211], [168.4595, -46.8213], [168.4591, -46.8215]]], [[[167.5963, -46.7531], [167.5962, -46.7529], [167.5967, -46.7527], [167.5963, -46.7531]]], [[[168.1323, -47.122], [168.1318, -47.1223], [168.1318, -47.122], [168.1323, -47.122]]], [[[167.6077, -46.7881], [167.6075, -46.788], [167.6078, -46.7877], [167.6077, -46.7881]]], [[[168.4765, -46.8198], [168.476, -46.8197], [168.4763, -46.8195], [168.4765, -46.8198]]], [[[167.3594, -47.2297], [167.3593, -47.2295], [167.3598, -47.2292], [167.3594, -47.2297]]], [[[167.432, -47.2174], [167.4318, -47.2176], [167.4314, -47.2173], [167.432, -47.2174]]], [[[167.5172, -47.1651], [167.5168, -47.1648], [167.517, -47.1647], [167.5172, -47.1651]]], [[[168.1142, -46.9257], [168.114, -46.9255], [168.1143, -46.9253], [168.1142, -46.9257]]], [[[167.6385, -46.7504], [167.6383, -46.75], [167.6386, -46.7501], [167.6385, -46.7504]]], [[[167.6062, -46.7887], [167.6059, -46.7885], [167.6063, -46.7883], [167.6062, -46.7887]]], [[[167.6669, -46.7786], [167.6666, -46.7783], [167.6672, -46.7783], [167.6669, -46.7786]]], [[[168.5583, -46.7874], [168.5583, -46.7869], [168.5586, -46.7871], [168.5583, -46.7874]]], [[[168.5985, -46.7551], [168.5979, -46.7549], [168.5987, -46.7549], [168.5985, -46.7551]]], [[[168.314, -46.5919], [168.3133, -46.5916], [168.3138, -46.5916], [168.314, -46.5919]]], [[[167.5504, -47.1228], [167.5501, -47.1228], [167.5504, -47.1223], [167.5504, -47.1228]]], [[[167.6696, -47.1983], [167.6692, -47.1983], [167.6694, -47.1979], [167.6696, -47.1983]]], [[[168.0845, -46.9067], [168.084, -46.9064], [168.0842, -46.9062], [168.0845, -46.9067]]], [[[167.7135, -46.7002], [167.7129, -46.7], [167.713, -46.6998], [167.7135, -46.7002]]], [[[167.6378, -47.1953], [167.6384, -47.1956], [167.6376, -47.1957], [167.6378, -47.1953]]], [[[166.6277, -45.5934], [166.6273, -45.5931], [166.6278, -45.5932], [166.6277, -45.5934]]], [[[167.9783, -46.9264], [167.9777, -46.9262], [167.9785, -46.9262], [167.9783, -46.9264]]], [[[167.6254, -47.2048], [167.6252, -47.2044], [167.6257, -47.2046], [167.6254, -47.2048]]], [[[168.4465, -46.8236], [168.447, -46.8239], [168.4464, -46.8239], [168.4465, -46.8236]]], [[[168.205, -47.1053], [168.2046, -47.1053], [168.2045, -47.105], [168.205, -47.1053]]], [[[168.1119, -46.9295], [168.1116, -46.9294], [168.1118, -46.9289], [168.1119, -46.9295]]], [[[167.6844, -47.1999], [167.6846, -47.2003], [167.6841, -47.2003], [167.6844, -47.1999]]], [[[166.5811, -45.7303], [166.581, -45.7298], [166.5814, -45.73], [166.5811, -45.7303]]], [[[168.2553, -46.9146], [168.2548, -46.9147], [168.255, -46.9143], [168.2553, -46.9146]]], [[[168.4749, -46.8201], [168.4744, -46.8198], [168.4753, -46.8199], [168.4749, -46.8201]]], [[[167.6662, -47.2086], [167.6661, -47.2084], [167.6666, -47.2082], [167.6662, -47.2086]]], [[[168.0841, -46.9086], [168.0836, -46.9082], [168.0838, -46.908], [168.0841, -46.9086]]], [[[167.9611, -47.1654], [167.9607, -47.1651], [167.9609, -47.1647], [167.9611, -47.1654]]], [[[167.5956, -46.7645], [167.595, -46.7643], [167.5956, -46.7643], [167.5956, -46.7645]]], [[[167.5438, -47.1626], [167.543, -47.1625], [167.5436, -47.1623], [167.5438, -47.1626]]], [[[167.643, -47.2003], [167.6425, -47.2001], [167.6429, -47.1998], [167.643, -47.2003]]], [[[167.7188, -46.7048], [167.7185, -46.7044], [167.7189, -46.7042], [167.7188, -46.7048]]], [[[167.6007, -46.7556], [167.6002, -46.7552], [167.6008, -46.7554], [167.6007, -46.7556]]], [[[167.6987, -47.2086], [167.6986, -47.208], [167.6988, -47.208], [167.6987, -47.2086]]], [[[167.6598, -46.7839], [167.6595, -46.7836], [167.6599, -46.7834], [167.6598, -46.7839]]], [[[167.6251, -46.7955], [167.6247, -46.7953], [167.6253, -46.7951], [167.6251, -46.7955]]], [[[167.9183, -44.6756], [167.9179, -44.676], [167.9176, -44.6758], [167.9183, -44.6756]]], [[[168.2118, -47.0602], [168.2115, -47.06], [168.2118, -47.0596], [168.2118, -47.0602]]], [[[167.6387, -47.2028], [167.638, -47.2025], [167.6388, -47.2024], [167.6387, -47.2028]]], [[[168.0221, -46.904], [168.0213, -46.904], [168.0218, -46.9037], [168.0221, -46.904]]], [[[167.7089, -46.7066], [167.7084, -46.7062], [167.7084, -46.7058], [167.7089, -46.7066]]], [[[168.1114, -46.9289], [168.1111, -46.9288], [168.1116, -46.9283], [168.1114, -46.9289]]], [[[167.7102, -46.6993], [167.7097, -46.6988], [167.71, -46.6986], [167.7102, -46.6993]]], [[[166.5195, -45.7494], [166.5187, -45.7494], [166.519, -45.749], [166.5195, -45.7494]]], [[[166.5138, -45.7434], [166.5134, -45.7431], [166.5143, -45.7431], [166.5138, -45.7434]]], [[[168.147, -47.1182], [168.1474, -47.1182], [168.1469, -47.1188], [168.147, -47.1182]]], [[[168.3093, -46.5892], [168.3088, -46.5896], [168.3088, -46.5892], [168.3093, -46.5892]]], [[[166.66, -45.7794], [166.6598, -45.7792], [166.6602, -45.7789], [166.66, -45.7794]]], [[[168.1709, -46.8586], [168.1706, -46.8581], [168.1711, -46.8579], [168.1709, -46.8586]]], [[[168.1124, -46.9262], [168.112, -46.9259], [168.1125, -46.9255], [168.1124, -46.9262]]], [[[166.5184, -45.7413], [166.5177, -45.7412], [166.5183, -45.741], [166.5184, -45.7413]]], [[[168.5556, -46.7865], [168.5549, -46.7863], [168.5554, -46.7861], [168.5556, -46.7865]]], [[[167.4175, -47.2512], [167.417, -47.2516], [167.4167, -47.251], [167.4175, -47.2512]]], [[[167.3315, -47.2224], [167.331, -47.2221], [167.3317, -47.222], [167.3315, -47.2224]]], [[[166.6306, -45.5819], [166.6301, -45.5816], [166.6308, -45.5817], [166.6306, -45.5819]]], [[[167.7072, -46.6969], [167.707, -46.6964], [167.7076, -46.6967], [167.7072, -46.6969]]], [[[167.5059, -47.1697], [167.506, -47.1693], [167.5067, -47.1695], [167.5059, -47.1697]]], [[[167.4385, -47.216], [167.4383, -47.2158], [167.4384, -47.2151], [167.4385, -47.216]]], [[[167.6664, -47.1661], [167.666, -47.1664], [167.6654, -47.1662], [167.6664, -47.1661]]], [[[168.0841, -46.9898], [168.0836, -46.9901], [168.083, -46.9899], [168.0841, -46.9898]]], [[[167.5096, -47.1693], [167.509, -47.169], [167.5097, -47.1688], [167.5096, -47.1693]]], [[[168.1578, -46.964], [168.1574, -46.9644], [168.157, -46.9641], [168.1578, -46.964]]], [[[166.6456, -45.5718], [166.6454, -45.5714], [166.6462, -45.5713], [166.6456, -45.5718]]], [[[168.1204, -46.9349], [168.12, -46.9346], [168.1207, -46.9343], [168.1204, -46.9349]]], [[[166.5136, -45.7414], [166.5131, -45.7408], [166.5138, -45.741], [166.5136, -45.7414]]], [[[167.5468, -47.1178], [167.5462, -47.1178], [167.5462, -47.1174], [167.5468, -47.1178]]], [[[167.7082, -46.6968], [167.7084, -46.6975], [167.7079, -46.697], [167.7082, -46.6968]]], [[[166.5184, -45.7693], [166.5184, -45.7687], [166.5191, -45.7686], [166.5184, -45.7693]]], [[[167.3792, -47.2232], [167.3788, -47.2232], [167.3786, -47.2223], [167.3792, -47.2232]]], [[[166.6446, -45.5716], [166.6441, -45.5714], [166.6446, -45.571], [166.6446, -45.5716]]], [[[166.5209, -45.7495], [166.5201, -45.7493], [166.5209, -45.749], [166.5209, -45.7495]]], [[[168.0237, -46.9027], [168.0226, -46.9027], [168.0239, -46.9023], [168.0237, -46.9027]]], [[[166.6469, -45.5732], [166.6467, -45.5729], [166.6475, -45.5724], [166.6469, -45.5732]]], [[[167.6058, -46.7887], [167.6059, -46.7891], [167.6051, -46.7892], [167.6058, -46.7887]]], [[[167.8051, -46.671], [167.8045, -46.671], [167.8054, -46.6704], [167.8051, -46.671]]], [[[168.3721, -46.6026], [168.3724, -46.6032], [168.3715, -46.6027], [168.3721, -46.6026]]], [[[166.5218, -45.7745], [166.5216, -45.7741], [166.522, -45.7736], [166.5218, -45.7745]]], [[[166.5142, -45.7703], [166.514, -45.7697], [166.5146, -45.7699], [166.5142, -45.7703]]], [[[166.504, -45.7766], [166.5038, -45.7762], [166.5046, -45.7761], [166.504, -45.7766]]], [[[167.2725, -45.0389], [167.2724, -45.0398], [167.2719, -45.0389], [167.2725, -45.0389]]], [[[167.7096, -46.6991], [167.7088, -46.6989], [167.7093, -46.6987], [167.7096, -46.6991]]], [[[167.7115, -46.6996], [167.7108, -46.6993], [167.711, -46.6988], [167.7115, -46.6996]]], [[[167.6439, -47.2034], [167.6433, -47.2028], [167.6442, -47.2031], [167.6439, -47.2034]]], [[[167.663, -46.7624], [167.6622, -46.762], [167.6626, -46.7619], [167.663, -46.7624]]], [[[168.1118, -46.9303], [168.1118, -46.9296], [168.1122, -46.9299], [168.1118, -46.9303]]], [[[167.3776, -47.2211], [167.3773, -47.2204], [167.378, -47.2207], [167.3776, -47.2211]]], [[[167.5562, -47.2319], [167.5567, -47.2319], [167.557, -47.2326], [167.5562, -47.2319]]], [[[168.4648, -46.8198], [168.4651, -46.8203], [168.464, -46.8198], [168.4648, -46.8198]]], [[[167.6685, -47.1981], [167.669, -47.1975], [167.6697, -47.1973], [167.6685, -47.1981]]], [[[166.5227, -45.7379], [166.5225, -45.7376], [166.5236, -45.7371], [166.5227, -45.7379]]], [[[168.4642, -46.8194], [168.4638, -46.8198], [168.4626, -46.8197], [168.4642, -46.8194]]], [[[167.6644, -46.7819], [167.6636, -46.7819], [167.6636, -46.7812], [167.6644, -46.7819]]], [[[167.5639, -47.1346], [167.5631, -47.1341], [167.5637, -47.134], [167.5639, -47.1346]]], [[[166.5337, -45.7623], [166.5328, -45.762], [166.5338, -45.7619], [166.5337, -45.7623]]], [[[167.3605, -47.2299], [167.3603, -47.2306], [167.3599, -47.23], [167.3605, -47.2299]]], [[[166.5256, -45.7717], [166.5253, -45.7713], [166.5262, -45.7712], [166.5256, -45.7717]]], [[[167.8044, -46.677], [167.8042, -46.6767], [167.805, -46.6763], [167.8044, -46.677]]], [[[166.6147, -45.7768], [166.6142, -45.7766], [166.6152, -45.7763], [166.6147, -45.7768]]], [[[168.1468, -46.9312], [168.1463, -46.9308], [168.1468, -46.9305], [168.1468, -46.9312]]], [[[167.8512, -46.4623], [167.8508, -46.4616], [167.8515, -46.462], [167.8512, -46.4623]]], [[[167.3712, -47.2236], [167.3716, -47.2244], [167.3708, -47.2239], [167.3712, -47.2236]]], [[[168.3311, -46.568], [168.3298, -46.5681], [168.3304, -46.5675], [168.3311, -46.568]]], [[[168.0812, -46.9108], [168.081, -46.91], [168.0816, -46.9104], [168.0812, -46.9108]]], [[[168.1312, -46.966], [168.1305, -46.9654], [168.1311, -46.9654], [168.1312, -46.966]]], [[[168.1347, -46.926], [168.1354, -46.9262], [168.1339, -46.9263], [168.1347, -46.926]]], [[[168.1102, -46.9308], [168.1093, -46.9303], [168.1096, -46.93], [168.1102, -46.9308]]], [[[166.5225, -45.7675], [166.5211, -45.7674], [166.5222, -45.7671], [166.5225, -45.7675]]], [[[167.6182, -47.2366], [167.6175, -47.2369], [167.6168, -47.2365], [167.6182, -47.2366]]], [[[166.5396, -45.7041], [166.5393, -45.7036], [166.5402, -45.7037], [166.5396, -45.7041]]], [[[168.2405, -46.8142], [168.2401, -46.8138], [168.2406, -46.8133], [168.2405, -46.8142]]], [[[167.6847, -46.7772], [167.684, -46.7766], [167.685, -46.7766], [167.6847, -46.7772]]], [[[166.635, -45.7692], [166.6344, -45.7697], [166.6338, -45.7691], [166.635, -45.7692]]], [[[167.3762, -47.2224], [167.3759, -47.2229], [167.3749, -47.2222], [167.3762, -47.2224]]], [[[166.5787, -45.7258], [166.5796, -45.7262], [166.5781, -45.7262], [166.5787, -45.7258]]], [[[166.6085, -45.773], [166.6076, -45.7729], [166.6093, -45.7726], [166.6085, -45.773]]], [[[167.8057, -46.6747], [167.8062, -46.674], [167.8068, -46.674], [167.8057, -46.6747]]], [[[167.4248, -47.2466], [167.425, -47.2473], [167.4242, -47.2468], [167.4248, -47.2466]]], [[[167.6607, -47.2049], [167.6594, -47.2055], [167.6599, -47.2048], [167.6607, -47.2049]]], [[[167.7078, -46.6971], [167.7067, -46.6977], [167.7068, -46.697], [167.7078, -46.6971]]], [[[168.3525, -46.5434], [168.353, -46.5435], [168.3519, -46.5443], [168.3525, -46.5434]]], [[[166.5277, -45.7471], [166.5269, -45.7469], [166.5274, -45.7463], [166.5277, -45.7471]]], [[[167.4343, -47.2171], [167.4346, -47.2176], [167.4334, -47.2172], [167.4343, -47.2171]]], [[[166.517, -45.7699], [166.5167, -45.7695], [166.5178, -45.7693], [166.517, -45.7699]]], [[[167.6618, -46.7842], [167.6603, -46.7847], [167.6607, -46.7842], [167.6618, -46.7842]]], [[[166.6533, -45.5901], [166.6537, -45.5908], [166.6531, -45.591], [166.6533, -45.5901]]], [[[167.3762, -47.2199], [167.3754, -47.2193], [167.3757, -47.2187], [167.3762, -47.2199]]], [[[167.63, -47.2333], [167.629, -47.2338], [167.6284, -47.2334], [167.63, -47.2333]]], [[[166.5546, -45.7097], [166.5546, -45.7103], [166.5535, -45.7095], [166.5546, -45.7097]]], [[[166.5536, -45.7425], [166.5538, -45.7412], [166.554, -45.7418], [166.5536, -45.7425]]], [[[166.5082, -45.7459], [166.507, -45.7452], [166.5082, -45.7452], [166.5082, -45.7459]]], [[[168.2065, -46.9133], [168.2052, -46.9129], [168.2062, -46.9125], [168.2065, -46.9133]]], [[[168.4753, -46.8196], [168.4742, -46.8192], [168.4753, -46.8189], [168.4753, -46.8196]]], [[[167.5568, -47.2354], [167.5546, -47.235], [167.5558, -47.2348], [167.5568, -47.2354]]], [[[166.5438, -45.709], [166.5446, -45.7093], [166.5429, -45.7095], [166.5438, -45.709]]], [[[168.2838, -46.8817], [168.2831, -46.8812], [168.2836, -46.8805], [168.2838, -46.8817]]], [[[167.6387, -47.2172], [167.6396, -47.2175], [167.6382, -47.2177], [167.6387, -47.2172]]], [[[168.1096, -46.9074], [168.1088, -46.9066], [168.1098, -46.9068], [168.1096, -46.9074]]], [[[166.6626, -45.6045], [166.6633, -45.6051], [166.6617, -45.6049], [166.6626, -45.6045]]], [[[168.4562, -46.8223], [168.4544, -46.8223], [168.4558, -46.8218], [168.4562, -46.8223]]], [[[168.112, -46.9074], [168.1118, -46.9059], [168.1123, -46.9064], [168.112, -46.9074]]], [[[167.6518, -46.7901], [167.651, -46.7907], [167.6502, -46.7902], [167.6518, -46.7901]]], [[[167.5953, -46.7529], [167.5945, -46.7522], [167.596, -46.7523], [167.5953, -46.7529]]], [[[166.5646, -45.7698], [166.5631, -45.7699], [166.5645, -45.7693], [166.5646, -45.7698]]], [[[168.2557, -46.9043], [168.2558, -46.9036], [168.2567, -46.9035], [168.2557, -46.9043]]], [[[166.5665, -45.7684], [166.5655, -45.7691], [166.5645, -45.7687], [166.5665, -45.7684]]], [[[166.5198, -45.7755], [166.519, -45.7752], [166.5205, -45.7743], [166.5198, -45.7755]]], [[[168.4742, -46.7469], [168.4726, -46.7469], [168.4731, -46.7462], [168.4742, -46.7469]]], [[[167.3689, -47.2264], [167.3687, -47.2271], [167.3679, -47.226], [167.3689, -47.2264]]], [[[168.1774, -47.0565], [168.1786, -47.0574], [168.1777, -47.0575], [168.1774, -47.0565]]], [[[167.3542, -47.2302], [167.3531, -47.2297], [167.3536, -47.2291], [167.3542, -47.2302]]], [[[166.6509, -45.6024], [166.652, -45.6028], [166.6502, -45.6033], [166.6509, -45.6024]]], [[[167.5504, -47.117], [167.5485, -47.1175], [167.5501, -47.1164], [167.5504, -47.117]]], [[[168.4335, -46.5795], [168.4323, -46.5803], [168.4314, -46.5802], [168.4335, -46.5795]]], [[[167.716, -46.8358], [167.7161, -46.835], [167.7174, -46.8349], [167.716, -46.8358]]], [[[167.5966, -46.7635], [167.5974, -46.7642], [167.5962, -46.7644], [167.5966, -46.7635]]], [[[168.1102, -46.9057], [168.1087, -46.9057], [168.1098, -46.9049], [168.1102, -46.9057]]], [[[166.6059, -45.7566], [166.6059, -45.7559], [166.6071, -45.7556], [166.6059, -45.7566]]], [[[167.5899, -47.2357], [167.588, -47.2362], [167.5881, -47.2356], [167.5899, -47.2357]]], [[[168.3244, -46.5691], [168.323, -46.5702], [168.3233, -46.5691], [168.3244, -46.5691]]], [[[168.1489, -47.12], [168.1498, -47.1187], [168.1501, -47.1196], [168.1489, -47.12]]], [[[168.154, -47.1188], [168.154, -47.1191], [168.1515, -47.1196], [168.154, -47.1188]]], [[[167.9201, -44.6755], [167.918, -44.6764], [167.9187, -44.6755], [167.9201, -44.6755]]], [[[167.6038, -47.2131], [167.603, -47.2124], [167.6044, -47.2122], [167.6038, -47.2131]]], [[[168.4584, -46.8211], [168.4581, -46.8217], [168.4559, -46.8215], [168.4584, -46.8211]]], [[[168.0746, -46.901], [168.0727, -46.9008], [168.0735, -46.9003], [168.0746, -46.901]]], [[[166.5568, -45.7581], [166.5567, -45.7589], [166.5555, -45.7585], [166.5568, -45.7581]]], [[[166.5167, -45.7712], [166.517, -45.7704], [166.5185, -45.7701], [166.5167, -45.7712]]], [[[167.4388, -47.2415], [167.4378, -47.2416], [167.4393, -47.2403], [167.4388, -47.2415]]], [[[167.3562, -47.2295], [167.3556, -47.2306], [167.3552, -47.2299], [167.3562, -47.2295]]], [[[167.706, -46.6958], [167.7058, -46.6972], [167.7051, -46.6967], [167.706, -46.6958]]], [[[168.4642, -46.8217], [168.4626, -46.8217], [168.4636, -46.821], [168.4642, -46.8217]]], [[[168.5551, -46.7915], [168.5546, -46.7925], [168.5535, -46.7923], [168.5551, -46.7915]]], [[[167.6445, -47.2046], [167.6428, -47.2037], [167.6442, -47.2035], [167.6445, -47.2046]]], [[[166.6099, -45.7716], [166.6079, -45.7724], [166.6084, -45.7717], [166.6099, -45.7716]]], [[[166.7724, -45.7328], [166.7713, -45.7323], [166.7728, -45.7318], [166.7724, -45.7328]]], [[[167.605, -47.2135], [167.6047, -47.2144], [167.6037, -47.2136], [167.605, -47.2135]]], [[[168.1278, -46.9487], [168.1275, -46.9497], [168.1264, -46.9488], [168.1278, -46.9487]]], [[[167.71, -47.1623], [167.7088, -47.1641], [167.7086, -47.1624], [167.71, -47.1623]]], [[[166.5362, -45.7384], [166.5355, -45.7379], [166.5375, -45.7369], [166.5362, -45.7384]]], [[[168.2578, -46.9148], [168.2577, -46.9158], [168.2567, -46.9153], [168.2578, -46.9148]]], [[[168.0026, -47.1328], [168.0015, -47.1323], [168.0025, -47.1317], [168.0026, -47.1328]]], [[[166.5281, -45.7104], [166.5268, -45.7115], [166.5262, -45.7107], [166.5281, -45.7104]]], [[[167.6096, -47.2126], [167.6105, -47.2137], [167.6093, -47.2141], [167.6096, -47.2126]]], [[[168.1408, -46.8594], [168.1407, -46.8583], [168.1423, -46.8578], [168.1408, -46.8594]]], [[[166.5295, -45.7708], [166.529, -45.7702], [166.5301, -45.7693], [166.5295, -45.7708]]], [[[168.2032, -47.1081], [168.202, -47.1072], [168.2035, -47.1071], [168.2032, -47.1081]]], [[[167.3515, -47.23], [167.3507, -47.2317], [167.3503, -47.2305], [167.3515, -47.23]]], [[[166.5272, -45.7683], [166.5244, -45.7687], [166.5265, -45.7676], [166.5272, -45.7683]]], [[[168.1633, -46.9654], [168.1642, -46.9665], [168.1622, -46.9665], [168.1633, -46.9654]]], [[[167.6272, -47.2136], [167.6255, -47.2135], [167.6252, -47.2126], [167.6272, -47.2136]]], [[[167.6613, -46.7631], [167.661, -46.7642], [167.66, -46.7639], [167.6613, -46.7631]]], [[[166.5665, -45.7422], [166.5653, -45.7415], [166.5665, -45.7413], [166.5665, -45.7422]]], [[[168.2127, -47.008], [168.2104, -47.008], [168.2115, -47.0072], [168.2127, -47.008]]], [[[168.1082, -46.9332], [168.1082, -46.9336], [168.1052, -46.9338], [168.1082, -46.9332]]], [[[167.5171, -47.1668], [167.5149, -47.1666], [167.5169, -47.1659], [167.5171, -47.1668]]], [[[168.4721, -46.817], [168.4709, -46.8164], [168.473, -46.8161], [168.4721, -46.817]]], [[[166.5448, -45.6983], [166.5431, -45.6984], [166.5439, -45.6972], [166.5448, -45.6983]]], [[[166.6627, -45.6042], [166.6611, -45.6039], [166.6622, -45.6033], [166.6627, -45.6042]]], [[[168.2059, -47.1071], [168.2067, -47.1083], [168.2055, -47.108], [168.2059, -47.1071]]], [[[167.4805, -47.2111], [167.4782, -47.2109], [167.4808, -47.2101], [167.4805, -47.2111]]], [[[167.3764, -47.2215], [167.3779, -47.2221], [167.378, -47.223], [167.3764, -47.2215]]], [[[167.3904, -47.2669], [167.3901, -47.2682], [167.3884, -47.2673], [167.3904, -47.2669]]], [[[168.3889, -46.7957], [168.3882, -46.7964], [168.3869, -46.7953], [168.3889, -46.7957]]], [[[166.4986, -45.7773], [166.4979, -45.7783], [166.4961, -45.7783], [166.4986, -45.7773]]], [[[166.6327, -45.7693], [166.633, -45.77], [166.6311, -45.7702], [166.6327, -45.7693]]], [[[167.554, -47.1557], [167.554, -47.1547], [167.5554, -47.1536], [167.554, -47.1557]]], [[[168.47, -46.8157], [168.4695, -46.8166], [168.468, -46.8159], [168.47, -46.8157]]], [[[167.6084, -47.2115], [167.6069, -47.2122], [167.6065, -47.2114], [167.6084, -47.2115]]], [[[167.4471, -47.2118], [167.4452, -47.2116], [167.4471, -47.2109], [167.4471, -47.2118]]], [[[166.5681, -45.7129], [166.5669, -45.7124], [166.568, -45.7112], [166.5681, -45.7129]]], [[[167.6237, -47.238], [167.6232, -47.2366], [167.6246, -47.2363], [167.6237, -47.238]]], [[[168.26, -46.8644], [168.2629, -46.8658], [168.2623, -46.8663], [168.26, -46.8644]]], [[[167.5075, -47.1703], [167.5073, -47.169], [167.5088, -47.169], [167.5075, -47.1703]]], [[[166.6244, -45.5775], [166.6225, -45.5773], [166.6245, -45.5761], [166.6244, -45.5775]]], [[[167.4395, -47.2368], [167.4382, -47.2369], [167.4377, -47.2356], [167.4395, -47.2368]]], [[[168.2102, -47.1216], [168.2097, -47.1196], [168.2106, -47.1195], [168.2102, -47.1216]]], [[[168.5969, -46.7498], [168.5972, -46.7508], [168.5955, -46.7491], [168.5969, -46.7498]]], [[[168.2276, -47.0222], [168.2273, -47.0238], [168.2263, -47.0228], [168.2276, -47.0222]]], [[[166.5319, -45.7703], [166.5318, -45.7688], [166.5331, -45.7689], [166.5319, -45.7703]]], [[[167.9397, -47.137], [167.9402, -47.1382], [167.9381, -47.1369], [167.9397, -47.137]]], [[[167.4841, -47.2076], [167.483, -47.2087], [167.4818, -47.2078], [167.4841, -47.2076]]], [[[167.7, -47.0472], [167.6982, -47.0467], [167.6997, -47.0461], [167.7, -47.0472]]], [[[167.9197, -47.1546], [167.9178, -47.1527], [167.9188, -47.1528], [167.9197, -47.1546]]], [[[168.4645, -46.581], [168.4668, -46.5823], [168.4638, -46.5815], [168.4645, -46.581]]], [[[168.5558, -46.7526], [168.5551, -46.7531], [168.5533, -46.7514], [168.5558, -46.7526]]], [[[167.6087, -47.2557], [167.6068, -47.2557], [167.6077, -47.2546], [167.6087, -47.2557]]], [[[167.4997, -47.2882], [167.4991, -47.2893], [167.4973, -47.2887], [167.4997, -47.2882]]], [[[166.5229, -45.7742], [166.5226, -45.7732], [166.5247, -45.7723], [166.5229, -45.7742]]], [[[168.4046, -46.821], [168.4039, -46.8226], [168.4033, -46.8212], [168.4046, -46.821]]], [[[166.6372, -45.5924], [166.6359, -45.5931], [166.6365, -45.5909], [166.6372, -45.5924]]], [[[166.5707, -45.7835], [166.5692, -45.7836], [166.5691, -45.7821], [166.5707, -45.7835]]], [[[167.4185, -47.2495], [167.4197, -47.2503], [167.4168, -47.2499], [167.4185, -47.2495]]], [[[168.002, -46.9013], [168.0021, -46.9028], [168.0005, -46.9018], [168.002, -46.9013]]], [[[166.5028, -45.7769], [166.5001, -45.778], [166.5015, -45.7766], [166.5028, -45.7769]]], [[[167.7833, -47.1905], [167.7823, -47.1898], [167.7832, -47.1886], [167.7833, -47.1905]]], [[[166.5146, -45.7721], [166.5138, -45.7712], [166.5162, -45.7703], [166.5146, -45.7721]]], [[[166.6796, -46.0715], [166.6805, -46.07], [166.6825, -46.0697], [166.6796, -46.0715]]], [[[167.4376, -47.2156], [167.4348, -47.2168], [167.4359, -47.2153], [167.4376, -47.2156]]], [[[166.5465, -45.7246], [166.5456, -45.7256], [166.5433, -45.7248], [166.5465, -45.7246]]], [[[166.5102, -45.7735], [166.5126, -45.7714], [166.5136, -45.772], [166.5102, -45.7735]]], [[[167.5364, -47.1772], [167.5359, -47.1763], [167.5387, -47.1762], [167.5364, -47.1772]]], [[[167.7842, -47.1937], [167.7825, -47.1924], [167.783, -47.1917], [167.7842, -47.1937]]], [[[168.1978, -47.1088], [168.2, -47.1094], [168.1979, -47.1103], [168.1978, -47.1088]]], [[[168.4976, -46.794], [168.4952, -46.7934], [168.4971, -46.7928], [168.4976, -46.794]]], [[[167.5931, -47.2522], [167.5918, -47.2513], [167.5939, -47.2502], [167.5931, -47.2522]]], [[[167.5768, -47.2735], [167.5787, -47.2754], [167.5766, -47.2747], [167.5768, -47.2735]]], [[[167.7481, -46.8748], [167.75, -46.8748], [167.7484, -46.876], [167.7481, -46.8748]]], [[[167.3673, -47.2274], [167.3679, -47.2286], [167.3653, -47.2288], [167.3673, -47.2274]]], [[[167.7514, -46.877], [167.7497, -46.8784], [167.7482, -46.8777], [167.7514, -46.877]]], [[[167.5937, -46.7512], [167.5938, -46.7524], [167.591, -46.7522], [167.5937, -46.7512]]], [[[168.5023, -46.8071], [168.5027, -46.8053], [168.5041, -46.8054], [168.5023, -46.8071]]], [[[166.4989, -45.7803], [166.4992, -45.7789], [166.5012, -45.7784], [166.4989, -45.7803]]], [[[166.5459, -45.708], [166.5479, -45.7083], [166.5452, -45.7091], [166.5459, -45.708]]], [[[166.5127, -45.7735], [166.5117, -45.7747], [166.5094, -45.7744], [166.5127, -45.7735]]], [[[168.5053, -46.8006], [168.5083, -46.8012], [168.5057, -46.8015], [168.5053, -46.8006]]], [[[166.6835, -46.0863], [166.6833, -46.0874], [166.6798, -46.0875], [166.6835, -46.0863]]], [[[168.3507, -46.5429], [168.3476, -46.5445], [168.3498, -46.5418], [168.3507, -46.5429]]], [[[168.4665, -46.767], [168.4663, -46.7682], [168.4639, -46.7679], [168.4665, -46.767]]], [[[167.4373, -47.224], [167.4375, -47.2252], [167.4346, -47.2239], [167.4373, -47.224]]], [[[167.0077, -45.3069], [167.007, -45.3081], [167.0046, -45.3072], [167.0077, -45.3069]]], [[[166.5737, -45.7841], [166.5714, -45.7829], [166.5746, -45.7828], [166.5737, -45.7841]]], [[[166.543, -45.7377], [166.5438, -45.7392], [166.5409, -45.7382], [166.543, -45.7377]]], [[[166.5796, -45.7502], [166.5805, -45.7515], [166.5763, -45.7512], [166.5796, -45.7502]]], [[[166.5391, -45.7091], [166.5396, -45.7106], [166.537, -45.7104], [166.5391, -45.7091]]], [[[167.7009, -47.1593], [167.7028, -47.1605], [167.6994, -47.1602], [167.7009, -47.1593]]], [[[168.556, -46.7884], [168.5547, -46.7874], [168.5574, -46.7864], [168.556, -46.7884]]], [[[166.6936, -46.0716], [166.6921, -46.0701], [166.6936, -46.069], [166.6936, -46.0716]]], [[[166.6644, -46.08], [166.6637, -46.079], [166.6665, -46.0779], [166.6644, -46.08]]], [[[166.5543, -45.7786], [166.5528, -45.778], [166.554, -45.7758], [166.5543, -45.7786]]], [[[168.2658, -46.8672], [168.263, -46.8656], [168.2636, -46.8645], [168.2658, -46.8672]]], [[[168.2684, -46.8693], [168.2671, -46.8655], [168.2693, -46.8665], [168.2684, -46.8693]]], [[[168.2215, -46.5153], [168.2198, -46.5166], [168.2181, -46.5151], [168.2215, -46.5153]]], [[[168.4336, -46.5786], [168.4406, -46.5786], [168.435, -46.5797], [168.4336, -46.5786]]], [[[167.3732, -47.2277], [167.3711, -47.2257], [167.374, -47.2264], [167.3732, -47.2277]]], [[[166.6915, -46.0683], [166.6901, -46.0659], [166.6924, -46.0667], [166.6915, -46.0683]]], [[[166.5621, -45.7443], [166.5599, -45.7444], [166.5613, -45.7412], [166.5621, -45.7443]]], [[[166.6824, -45.5978], [166.6851, -45.5989], [166.6802, -45.5995], [166.6824, -45.5978]]], [[[167.349, -47.2316], [167.3464, -47.2334], [167.3469, -47.2312], [167.349, -47.2316]]], [[[166.9088, -45.2968], [166.9128, -45.298], [166.907, -45.2972], [166.9088, -45.2968]]], [[[168.1358, -46.982], [168.1384, -46.9821], [168.1385, -46.9842], [168.1358, -46.982]]], [[[166.8721, -45.247], [166.8684, -45.2468], [166.8701, -45.2445], [166.8721, -45.247]]], [[[166.5345, -45.7022], [166.5358, -45.7039], [166.5307, -45.7023], [166.5345, -45.7022]]], [[[166.5211, -45.7343], [166.5218, -45.7362], [166.5182, -45.7356], [166.5211, -45.7343]]], [[[167.5182, -47.139], [167.5144, -47.1392], [167.5179, -47.1375], [167.5182, -47.139]]], [[[168.1815, -46.948], [168.1815, -46.9501], [168.178, -46.9488], [168.1815, -46.948]]], [[[166.6034, -45.7945], [166.5992, -45.7972], [166.6006, -45.7951], [166.6034, -45.7945]]], [[[166.6739, -45.5984], [166.6691, -45.5993], [166.67, -45.598], [166.6739, -45.5984]]], [[[167.539, -47.1292], [167.5373, -47.1308], [167.5347, -47.1299], [167.539, -47.1292]]], [[[166.5597, -45.7402], [166.5589, -45.7425], [166.5563, -45.7412], [166.5597, -45.7402]]], [[[167.4021, -47.1405], [167.3987, -47.1418], [167.401, -47.1381], [167.4021, -47.1405]]], [[[166.5942, -46.032], [166.5931, -46.0359], [166.5918, -46.0302], [166.5942, -46.032]]], [[[167.1413, -45.0966], [167.1433, -45.097], [167.1424, -45.1006], [167.1413, -45.0966]]], [[[166.8853, -45.2685], [166.8875, -45.2719], [166.8852, -45.2717], [166.8853, -45.2685]]], [[[168.1229, -46.9062], [168.1238, -46.908], [168.1199, -46.9076], [168.1229, -46.9062]]], [[[167.3636, -47.2266], [167.3608, -47.2299], [167.3602, -47.2276], [167.3636, -47.2266]]], [[[166.4982, -45.7764], [166.4967, -45.7749], [166.502, -45.7739], [166.4982, -45.7764]]], [[[168.1436, -46.9518], [168.1479, -46.9543], [168.1418, -46.9526], [168.1436, -46.9518]]], [[[166.7727, -45.5807], [166.77, -45.5803], [166.7713, -45.5773], [166.7727, -45.5807]]], [[[168.2367, -46.8143], [168.2405, -46.8157], [168.2411, -46.8191], [168.2367, -46.8143]]], [[[168.2183, -47.0595], [168.2177, -47.0619], [168.2134, -47.0607], [168.2183, -47.0595]]], [[[168.4538, -46.82], [168.4527, -46.8227], [168.4495, -46.8233], [168.4538, -46.82]]], [[[168.1354, -46.9501], [168.1341, -46.9523], [168.1302, -46.9508], [168.1354, -46.9501]]], [[[166.5612, -45.763], [166.5584, -45.7655], [166.5558, -45.7646], [166.5612, -45.763]]], [[[168.5065, -46.8022], [168.5088, -46.8038], [168.5043, -46.8053], [168.5065, -46.8022]]], [[[166.6444, -45.5895], [166.6456, -45.591], [166.6425, -45.5929], [166.6444, -45.5895]]], [[[166.8516, -46.5685], [166.8533, -46.5713], [166.8497, -46.5703], [166.8516, -46.5685]]], [[[167.7197, -46.7054], [167.7238, -46.7082], [167.7178, -46.7066], [167.7197, -46.7054]]], [[[168.2468, -46.8249], [168.2435, -46.8248], [168.2446, -46.822], [168.2468, -46.8249]]], [[[166.5788, -45.7923], [166.5741, -45.7925], [166.5776, -45.7903], [166.5788, -45.7923]]], [[[166.4792, -45.7791], [166.4782, -45.7824], [166.4745, -45.782], [166.4792, -45.7791]]], [[[166.545, -46.0165], [166.54, -46.0168], [166.5419, -46.0144], [166.545, -46.0165]]], [[[166.545, -45.7651], [166.5395, -45.7676], [166.5411, -45.7648], [166.545, -45.7651]]], [[[168.2005, -47.1123], [168.2028, -47.1152], [168.1975, -47.1133], [168.2005, -47.1123]]], [[[167.4173, -47.1379], [167.4154, -47.1421], [167.4141, -47.139], [167.4173, -47.1379]]], [[[168.141, -46.9562], [168.1462, -46.9582], [168.1397, -46.9578], [168.141, -46.9562]]], [[[166.8107, -45.566], [166.8019, -45.5668], [166.8038, -45.5654], [166.8107, -45.566]]], [[[167.455, -47.2013], [167.4539, -47.2043], [167.4502, -47.2033], [167.455, -47.2013]]], [[[166.8913, -45.2689], [166.8986, -45.2714], [166.8962, -45.2727], [166.8913, -45.2689]]], [[[168.3959, -46.5644], [168.3912, -46.5704], [168.3857, -46.5709], [168.3959, -46.5644]]], [[[167.135, -45.0031], [167.1337, -45.0067], [167.1292, -45.0047], [167.135, -45.0031]]], [[[166.6158, -45.7854], [166.6112, -45.7885], [166.6095, -45.7858], [166.6158, -45.7854]]], [[[167.1025, -45.3901], [167.1046, -45.3958], [167.1012, -45.393], [167.1025, -45.3901]]], [[[167.5697, -47.1318], [167.569, -47.1351], [167.5646, -47.1346], [167.5697, -47.1318]]], [[[168.1283, -46.9519], [168.1321, -46.9542], [168.127, -46.9547], [168.1283, -46.9519]]], [[[166.8752, -45.9581], [166.8706, -45.9632], [166.8697, -45.9606], [166.8752, -45.9581]]], [[[166.5587, -45.6875], [166.5563, -45.6896], [166.5503, -45.6876], [166.5587, -45.6875]]], [[[166.4851, -45.7767], [166.4879, -45.7787], [166.4808, -45.779], [166.4851, -45.7767]]], [[[166.5273, -45.7694], [166.5211, -45.7734], [166.5163, -45.7733], [166.5273, -45.7694]]], [[[167.3318, -47.2172], [167.3302, -47.222], [167.3261, -47.2187], [167.3318, -47.2172]]], [[[168.314, -46.5514], [168.3129, -46.5554], [168.308, -46.5522], [168.314, -46.5514]]], [[[166.7336, -45.6607], [166.7343, -45.6646], [166.7303, -45.662], [166.7336, -45.6607]]], [[[166.5687, -45.7639], [166.5724, -45.7674], [166.5634, -45.7666], [166.5687, -45.7639]]], [[[168.322, -46.569], [168.3147, -46.5744], [168.3181, -46.5688], [168.322, -46.569]]], [[[167.6622, -47.2377], [167.6634, -47.2406], [167.6581, -47.242], [167.6622, -47.2377]]], [[[168.4077, -46.6482], [168.4151, -46.6532], [168.4051, -46.6503], [168.4077, -46.6482]]], [[[166.6387, -45.9657], [166.6454, -45.9664], [166.6386, -45.9696], [166.6387, -45.9657]]], [[[168.2073, -47.1144], [168.2086, -47.1201], [168.2042, -47.1168], [168.2073, -47.1144]]], [[[167.1357, -45.2652], [167.1407, -45.2662], [167.1405, -45.2707], [167.1357, -45.2652]]], [[[166.6755, -45.5995], [166.6738, -45.5937], [166.6783, -45.5958], [166.6755, -45.5995]]], [[[166.5467, -45.7753], [166.5372, -45.7797], [166.5382, -45.7765], [166.5467, -45.7753]]], [[[168.2183, -47.0723], [168.2283, -47.0749], [168.2158, -47.0754], [168.2183, -47.0723]]], [[[166.5229, -45.7388], [166.5132, -45.7424], [166.5158, -45.7385], [166.5229, -45.7388]]], [[[167.568, -47.1545], [167.5602, -47.1604], [167.5603, -47.1562], [167.568, -47.1545]]], [[[167.5555, -47.1164], [167.5535, -47.1222], [167.5489, -47.1219], [167.5555, -47.1164]]], [[[168.1399, -46.9633], [168.1314, -46.9628], [168.1351, -46.9597], [168.1399, -46.9633]]], [[[168.2024, -47.1024], [168.203, -47.1066], [168.1965, -47.1046], [168.2024, -47.1024]]], [[[167.5251, -47.1353], [167.5313, -47.1359], [167.52, -47.1387], [167.5251, -47.1353]]], [[[166.6604, -45.5988], [166.6637, -45.602], [166.654, -45.6024], [166.6604, -45.5988]]], [[[166.5805, -45.7291], [166.5709, -45.7299], [166.5795, -45.7263], [166.5805, -45.7291]]], [[[166.5939, -45.9741], [166.5875, -45.9789], [166.5854, -45.9752], [166.5939, -45.9741]]], [[[166.6482, -45.9676], [166.6506, -45.9705], [166.6429, -45.972], [166.6482, -45.9676]]], [[[168.2301, -46.864], [168.2312, -46.8691], [168.2215, -46.8686], [168.2301, -46.864]]], [[[168.4235, -46.7653], [168.4271, -46.7712], [168.4194, -46.7691], [168.4235, -46.7653]]], [[[166.684, -46.0709], [166.6848, -46.0737], [166.671, -46.0779], [166.684, -46.0709]]], [[[167.4369, -47.2189], [167.4385, -47.2228], [167.4289, -47.2214], [167.4369, -47.2189]]], [[[167.7174, -46.7013], [167.7088, -46.7081], [167.7128, -46.7009], [167.7174, -46.7013]]], [[[168.211, -46.8465], [168.2171, -46.8493], [168.2066, -46.8507], [168.211, -46.8465]]], [[[166.8592, -45.6358], [166.8532, -45.6388], [166.8455, -45.6374], [166.8592, -45.6358]]], [[[168.1511, -47.1214], [168.1609, -47.128], [168.1492, -47.125], [168.1511, -47.1214]]], [[[167.3959, -47.2641], [167.3996, -47.2684], [167.3935, -47.2705], [167.3959, -47.2641]]], [[[167.3294, -47.2218], [167.3267, -47.2286], [167.3202, -47.2245], [167.3294, -47.2218]]], [[[166.7069, -45.5932], [166.6991, -45.5994], [166.6989, -45.5936], [166.7069, -45.5932]]], [[[166.5349, -45.7047], [166.5369, -45.7097], [166.5282, -45.7099], [166.5349, -45.7047]]], [[[166.7865, -45.5752], [166.7891, -45.5697], [166.7998, -45.567], [166.7865, -45.5752]]], [[[166.7709, -45.7435], [166.7796, -45.7477], [166.7668, -45.7482], [166.7709, -45.7435]]], [[[168.2217, -46.829], [168.2189, -46.8418], [168.2155, -46.8288], [168.2217, -46.829]]], [[[166.7714, -45.5867], [166.7633, -45.5865], [166.769, -45.5816], [166.7714, -45.5867]]], [[[168.4358, -46.5757], [168.4689, -46.5818], [168.4482, -46.5819], [168.4358, -46.5757]]], [[[166.6669, -46.09], [166.6677, -46.1009], [166.6573, -46.0978], [166.6669, -46.09]]], [[[168.1541, -46.9106], [168.1619, -46.9167], [168.1488, -46.9169], [168.1465, -46.9109], [168.1541, -46.9106]]], [[[167.1168, -45.4081], [167.1263, -45.4301], [167.121, -45.4264], [167.1168, -45.4081]]], [[[166.5573, -45.7053], [166.5707, -45.7101], [166.5484, -45.7083], [166.5573, -45.7053]]], [[[167.6831, -46.9395], [167.6806, -46.9462], [167.6648, -46.9472], [167.6831, -46.9395]]], [[[168.5762, -46.7647], [168.5807, -46.7719], [168.5664, -46.771], [168.5762, -46.7647]]], [[[166.9044, -46.587], [166.8924, -46.5767], [166.903, -46.575], [166.9044, -46.587]]], [[[167.6717, -46.9499], [167.6783, -46.9619], [167.6715, -46.9699], [167.6726, -46.9568], [167.6636, -46.9559], [167.6717, -46.9499]]], [[[167.4066, -47.1395], [167.4102, -47.1489], [167.3989, -47.1584], [167.3985, -47.145], [167.4066, -47.1395]]], [[[167.8429, -46.4515], [167.8548, -46.4599], [167.835, -46.456], [167.8429, -46.4515]]], [[[166.6939, -46.0853], [166.6965, -46.1053], [166.6878, -46.0911], [166.6939, -46.0853]]], [[[167.6799, -47.1991], [167.6782, -47.2117], [167.661, -47.2057], [167.6799, -47.1991]]], [[[167.3901, -47.2104], [167.399, -47.217], [167.3752, -47.2174], [167.3901, -47.2104]]], [[[166.6407, -45.5712], [166.6474, -45.5856], [166.6214, -45.5819], [166.6407, -45.5712]]], [[[167.6574, -47.2074], [167.6689, -47.2127], [167.669, -47.2241], [167.6532, -47.2155], [167.6574, -47.2074]]], [[[166.5979, -45.7724], [166.59, -45.7831], [166.5736, -45.7818], [166.5979, -45.7724]]], [[[168.2417, -46.9021], [168.2506, -46.9152], [168.2279, -46.9137], [168.2417, -46.9021]]], [[[166.5323, -46.0175], [166.549, -46.0218], [166.5452, -46.0324], [166.5247, -46.0257], [166.5323, -46.0175]]], [[[168.1253, -46.925], [168.1562, -46.9364], [168.125, -46.9381], [168.1092, -46.9267], [168.1253, -46.925]]], [[[166.9124, -45.2812], [166.9435, -45.2939], [166.9477, -45.3038], [166.885, -45.2881], [166.8915, -45.2797], [166.9124, -45.2812]]], [[[166.5219, -46.0385], [166.5476, -46.0446], [166.5369, -46.0466], [166.5332, -46.0654], [166.5071, -46.0528], [166.5104, -46.0396], [166.5219, -46.0385]]], [[[167.7006, -47.1779], [167.7248, -47.1901], [167.7056, -47.2095], [167.6905, -47.1891], [167.7006, -47.1779]]], [[[166.5831, -45.9797], [166.5874, -45.9826], [166.5662, -46.0073], [166.5347, -46.0027], [166.5478, -45.9916], [166.5428, -45.988], [166.5831, -45.9797]]], [[[167.4336, -47.2246], [167.4394, -47.2348], [167.4027, -47.2531], [167.4002, -47.2612], [167.3875, -47.2519], [167.3794, -47.2559], [167.3785, -47.2478], [167.3967, -47.2326], [167.4336, -47.2246]]], [[[166.5382, -45.7416], [166.563, -45.7465], [166.5668, -45.754], [166.5023, -45.7727], [166.4826, -45.7696], [166.4892, -45.7501], [166.5273, -45.7535], [166.5307, -45.7465], [166.5234, -45.7442], [166.5382, -45.7416]]], [[[166.6328, -46.0959], [166.6573, -46.1037], [166.6551, -46.1142], [166.6075, -46.1396], [166.603, -46.1122], [166.6328, -46.0959]]], [[[168.5347, -46.736], [168.5489, -46.7525], [168.5382, -46.7658], [168.5443, -46.7714], [168.5167, -46.7851], [168.5115, -46.7996], [168.5047, -46.7947], [168.5067, -46.7801], [168.4824, -46.7804], [168.4709, -46.7718], [168.4758, -46.7662], [168.4998, -46.7691], [168.4797, -46.7533], [168.5114, -46.7578], [168.5302, -46.7451], [168.5266, -46.7366], [168.5347, -46.736]]], [[[167.6142, -46.75], [167.6184, -46.7576], [167.6395, -46.7512], [167.6423, -46.7633], [167.6607, -46.7653], [167.663, -46.7835], [167.6406, -46.7967], [167.6065, -46.7894], [167.6146, -46.7843], [167.6122, -46.775], [167.5979, -46.7668], [167.6142, -46.75]]], [[[166.8327, -45.7191], [166.8732, -45.7234], [166.8814, -45.7272], [166.8739, -45.7313], [166.8874, -45.7347], [166.8303, -45.7505], [166.7905, -45.7459], [166.8067, -45.7421], [166.7929, -45.7405], [166.7904, -45.7312], [166.8081, -45.7207], [166.8327, -45.7191]]], [[[166.7443, -45.7436], [166.7646, -45.7485], [166.7059, -45.7717], [166.6249, -45.7819], [166.6109, -45.7747], [166.6378, -45.7718], [166.6496, -45.7598], [166.6757, -45.7624], [166.7072, -45.7481], [166.7443, -45.7436]]], [[[166.9609, -45.1449], [166.9707, -45.1661], [166.9521, -45.1851], [166.9493, -45.2031], [166.9867, -45.2557], [166.988, -45.2753], [167.0028, -45.2963], [166.9978, -45.2998], [166.9713, -45.3023], [166.9473, -45.2941], [166.8688, -45.2406], [166.8781, -45.2271], [166.8729, -45.2244], [166.8984, -45.2108], [166.9057, -45.1909], [166.9609, -45.1449]]], [[[166.5526, -45.6512], [166.5424, -45.68], [166.4515, -45.7439], [166.4444, -45.7392], [166.4517, -45.7161], [166.4993, -45.6824], [166.5106, -45.6602], [166.5199, -45.6618], [166.5216, -45.6412], [166.5461, -45.6245], [166.5538, -45.6315], [166.5532, -45.6493], [166.5677, -45.6215], [166.5829, -45.6115], [166.5933, -45.6171], [166.6057, -45.603], [166.6335, -45.6114], [166.6546, -45.6048], [166.6716, -45.6092], [166.6784, -45.6003], [166.7067, -45.6126], [166.7166, -45.6247], [166.7159, -45.6879], [166.7237, -45.6983], [166.7178, -45.725], [166.6854, -45.7479], [166.6637, -45.7524], [166.6477, -45.7143], [166.6472, -45.7397], [166.5906, -45.7545], [166.5935, -45.7448], [166.5763, -45.7403], [166.5804, -45.7325], [166.6094, -45.7359], [166.5938, -45.7314], [166.5884, -45.7207], [166.5627, -45.7155], [166.5774, -45.7104], [166.5711, -45.7018], [166.5828, -45.6961], [166.5455, -45.6985], [166.5474, -45.6918], [166.5809, -45.6908], [166.5547, -45.6832], [166.5526, -45.6512]]], [[[167.751, -46.874], [167.7582, -46.8685], [167.7507, -46.848], [167.7248, -46.8314], [167.73, -46.8277], [167.7242, -46.8118], [167.7002, -46.7958], [167.7191, -46.7853], [167.7039, -46.7545], [167.7076, -46.745], [167.7192, -46.7423], [167.7238, -46.7104], [167.7425, -46.715], [167.7391, -46.7097], [167.7526, -46.6957], [167.7868, -46.6874], [167.8359, -46.7029], [167.869, -46.6835], [167.9054, -46.6998], [167.9254, -46.7001], [167.9594, -46.7207], [167.9774, -46.7209], [167.9845, -46.7604], [167.991, -46.7703], [168.0037, -46.7724], [168.0045, -46.7904], [168.0192, -46.8015], [168.0335, -46.7998], [168.0392, -46.818], [168.0909, -46.832], [168.0935, -46.8385], [168.082, -46.8381], [168.0835, -46.8521], [168.0764, -46.8541], [168.0973, -46.8515], [168.1098, -46.8632], [168.1317, -46.8546], [168.1447, -46.8611], [168.142, -46.872], [168.126, -46.8753], [168.1313, -46.8819], [168.1501, -46.8797], [168.1457, -46.8887], [168.1231, -46.8932], [168.1308, -46.9002], [168.1639, -46.8959], [168.1434, -46.9024], [168.1404, -46.9122], [168.1235, -46.9034], [168.0933, -46.9081], [168.0892, -46.9011], [168.0714, -46.908], [168.0781, -46.901], [168.0684, -46.8951], [168.058, -46.8991], [168.0692, -46.8994], [168.0607, -46.9012], [168.0671, -46.9071], [168.042, -46.9023], [168.0483, -46.9077], [168.0387, -46.9103], [168.0631, -46.9174], [168.0465, -46.9196], [168.0119, -46.9026], [168.0322, -46.8978], [168.0187, -46.8939], [168.0076, -46.8695], [167.9908, -46.8707], [168.003, -46.8737], [167.9961, -46.8866], [168.0023, -46.8949], [167.9758, -46.8908], [167.9784, -46.8984], [167.9627, -46.8991], [167.9404, -46.8825], [167.963, -46.8948], [167.9498, -46.8964], [167.9714, -46.9015], [167.965, -46.909], [167.9732, -46.9084], [167.9787, -46.9294], [167.9501, -46.9383], [167.9148, -46.9717], [167.8868, -46.9844], [167.9636, -46.9544], [167.9658, -46.9419], [167.9826, -46.9401], [167.9867, -46.929], [168.0136, -46.9242], [168.028, -46.9392], [168.0226, -46.9512], [168.062, -46.9463], [168.0759, -46.9562], [168.131, -46.9587], [168.0727, -46.9835], [168.075, -46.9914], [168.1393, -46.9907], [168.1433, -46.9694], [168.1737, -46.9711], [168.1674, -46.9582], [168.1747, -46.9461], [168.1678, -46.9383], [168.1735, -46.9286], [168.1874, -46.9293], [168.1941, -46.9213], [168.1997, -46.9266], [168.19, -46.9266], [168.192, -46.939], [168.1768, -46.9422], [168.1735, -46.952], [168.1858, -46.9603], [168.1779, -46.9741], [168.2047, -46.9946], [168.2162, -46.9937], [168.2028, -47.0047], [168.209, -47.015], [168.2293, -47.016], [168.2016, -47.028], [168.2188, -47.0351], [168.1977, -47.0517], [168.2106, -47.0663], [168.1614, -47.0416], [168.1727, -47.047], [168.1758, -47.0581], [168.1512, -47.0673], [168.1704, -47.0673], [168.1847, -47.082], [168.207, -47.0789], [168.2203, -47.097], [168.1995, -47.0993], [168.1918, -47.083], [168.1792, -47.0863], [168.1703, -47.0781], [168.1531, -47.0869], [168.141, -47.0782], [168.1425, -47.092], [168.1571, -47.1071], [168.1462, -47.1177], [168.1285, -47.1081], [168.1316, -47.103], [168.124, -47.107], [168.0904, -47.0928], [168.0747, -47.0942], [168.069, -47.0763], [168.0553, -47.0762], [168.0738, -47.0886], [168.0715, -47.0939], [168.1117, -47.1043], [168.1083, -47.1103], [168.1186, -47.1062], [168.1349, -47.1172], [168.1304, -47.1224], [168.071, -47.103], [168.0682, -47.1102], [168.0592, -47.1056], [168.0646, -47.1184], [168.0583, -47.1218], [168.039, -47.1124], [168.043, -47.1288], [168.0209, -47.1269], [168.0115, -47.1182], [168.0035, -47.1222], [167.9875, -47.1121], [167.9968, -47.1247], [167.9821, -47.1344], [167.9609, -47.1396], [167.9498, -47.1282], [167.9357, -47.1346], [167.9276, -47.1525], [167.9125, -47.1498], [167.8973, -47.1704], [167.8775, -47.1752], [167.8662, -47.1681], [167.8658, -47.1813], [167.8465, -47.1788], [167.8203, -47.1924], [167.7954, -47.1882], [167.791, -47.1792], [167.7673, -47.1838], [167.7579, -47.1708], [167.7221, -47.1823], [167.7146, -47.1692], [167.7196, -47.1664], [167.6974, -47.1512], [167.6983, -47.1633], [167.6864, -47.171], [167.6698, -47.169], [167.6668, -47.1599], [167.6606, -47.1656], [167.6755, -47.1741], [167.6612, -47.1821], [167.6729, -47.1805], [167.6746, -47.1943], [167.6518, -47.2045], [167.645, -47.2042], [167.645, -47.1956], [167.6364, -47.1975], [167.6556, -47.1875], [167.598, -47.1961], [167.6365, -47.1955], [167.6364, -47.2101], [167.6232, -47.2106], [167.6316, -47.2049], [167.626, -47.2022], [167.6167, -47.2139], [167.606, -47.2101], [167.5969, -47.218], [167.6091, -47.2251], [167.5861, -47.2267], [167.5776, -47.2371], [167.5529, -47.2329], [167.5678, -47.2433], [167.6079, -47.2346], [167.6213, -47.2381], [167.6206, -47.2448], [167.6407, -47.2343], [167.6306, -47.2344], [167.6384, -47.2214], [167.6511, -47.2214], [167.6576, -47.2252], [167.6506, -47.2292], [167.6624, -47.2292], [167.6367, -47.2494], [167.6567, -47.2443], [167.6459, -47.2638], [167.6096, -47.2713], [167.6091, -47.2559], [167.6173, -47.2479], [167.5938, -47.2452], [167.578, -47.2575], [167.5903, -47.2609], [167.5652, -47.2727], [167.5729, -47.2787], [167.5495, -47.2804], [167.5397, -47.2898], [167.516, -47.2822], [167.4904, -47.2853], [167.4917, -47.2701], [167.4759, -47.281], [167.4572, -47.2795], [167.4549, -47.2668], [167.4471, -47.2667], [167.449, -47.2578], [167.4618, -47.2533], [167.4594, -47.2355], [167.4706, -47.2236], [167.4665, -47.2163], [167.4919, -47.2093], [167.4862, -47.2064], [167.4984, -47.1976], [167.5185, -47.2039], [167.5313, -47.1913], [167.5217, -47.189], [167.5446, -47.1767], [167.5675, -47.1771], [167.576, -47.1662], [167.5727, -47.1477], [167.5549, -47.1556], [167.5826, -47.1346], [167.5732, -47.1289], [167.581, -47.1247], [167.5775, -47.1179], [167.5903, -47.1139], [167.5676, -47.1131], [167.5597, -47.0906], [167.5949, -47.0732], [167.6004, -47.0583], [167.6205, -47.0417], [167.6499, -47.0365], [167.6924, -47.0506], [167.7133, -47.0438], [167.7277, -47.0491], [167.7223, -47.0564], [167.7284, -47.0528], [167.7135, -47.0487], [167.7042, -47.0322], [167.6919, -47.0338], [167.698, -47.0261], [167.6865, -47.0145], [167.7004, -47.0033], [167.6802, -46.9977], [167.6855, -46.9788], [167.6693, -46.9771], [167.679, -46.9647], [167.6938, -46.9683], [167.7333, -46.9574], [167.7707, -46.9229], [167.7662, -46.8863], [167.751, -46.874]]], [[[168.3006, -46.5481], [168.3062, -46.5883], [168.3312, -46.5958], [168.3226, -46.588], [168.3314, -46.5886], [168.3396, -46.5943], [168.3315, -46.5959], [168.3472, -46.598], [168.3602, -46.6119], [168.3501, -46.6227], [168.3278, -46.6244], [168.3162, -46.618], [168.3105, -46.594], [168.2751, -46.5847], [168.2677, -46.5567], [168.2303, -46.5527], [168.2369, -46.5418], [168.2243, -46.517], [168.2889, -46.5128], [168.2778, -46.5401], [168.2974, -46.5332], [168.2861, -46.524], [168.2945, -46.5082], [168.3191, -46.5098], [168.3613, -46.4961], [168.3565, -46.4916], [168.3745, -46.4817], [168.3824, -46.4845], [168.3741, -46.4746], [168.3637, -46.4781], [168.3543, -46.4672], [168.3516, -46.4737], [168.3467, -46.4701], [168.3534, -46.4591], [168.3472, -46.4527], [168.3499, -46.4319], [168.3422, -46.4283], [168.3449, -46.4349], [168.3372, -46.4185], [168.3236, -46.4241], [168.3218, -46.4562], [168.2714, -46.46], [168.2652, -46.4544], [168.2684, -46.4417], [168.267, -46.4604], [168.3031, -46.464], [168.2945, -46.4706], [168.3055, -46.4904], [168.2706, -46.5006], [168.2593, -46.4928], [168.2033, -46.4001], [168.1569, -46.3625], [168.082, -46.3394], [168.0551, -46.342], [168.0224, -46.358], [168.0116, -46.3538], [168.0182, -46.3283], [168.0154, -46.3333], [167.9969, -46.3273], [168.0012, -46.3383], [167.9617, -46.3328], [167.9492, -46.3235], [167.95, -46.3078], [167.9468, -46.3238], [167.9592, -46.3401], [167.9766, -46.3371], [167.9812, -46.3462], [168.0222, -46.3596], [168.038, -46.3846], [167.998, -46.3816], [167.9481, -46.3618], [167.9135, -46.3574], [167.8799, -46.3693], [167.8873, -46.3816], [167.8838, -46.3916], [167.8304, -46.3688], [167.783, -46.3889], [167.7574, -46.3685], [167.7358, -46.3648], [167.7312, -46.3546], [167.7393, -46.3432], [167.7258, -46.3435], [167.7305, -46.3346], [167.6984, -46.3324], [167.6865, -46.3219], [167.6917, -46.311], [167.7291, -46.2986], [167.7316, -46.2818], [167.7186, -46.2637], [167.608, -46.1921], [167.5183, -46.1567], [167.4506, -46.1486], [167.4033, -46.1525], [167.3923, -46.1789], [167.3529, -46.1947], [167.3638, -46.2282], [167.3431, -46.2512], [167.3176, -46.2547], [167.2698, -46.2452], [167.2169, -46.2626], [167.1297, -46.2502], [167.1062, -46.2579], [167.0186, -46.2272], [166.9561, -46.2296], [166.955, -46.2237], [166.9321, -46.2248], [166.9255, -46.2167], [166.8812, -46.2182], [166.8732, -46.21], [166.8095, -46.2129], [166.7803, -46.2308], [166.7771, -46.2192], [166.7652, -46.2145], [166.7296, -46.2131], [166.7188, -46.2056], [166.6864, -46.2117], [166.6736, -46.2077], [166.6777, -46.2006], [166.6614, -46.2045], [166.6443, -46.1945], [166.6475, -46.1879], [166.6388, -46.179], [166.6504, -46.1741], [166.6391, -46.1774], [166.628, -46.1608], [166.6086, -46.1577], [166.6188, -46.1434], [166.6861, -46.1138], [166.7165, -46.1112], [166.708, -46.0917], [166.7247, -46.0715], [166.7334, -46.0907], [166.7405, -46.0858], [166.737, -46.064], [166.7716, -46.0582], [166.7713, -46.0488], [166.7815, -46.046], [166.7684, -46.0192], [166.7737, -46.0013], [166.8549, -45.9812], [166.8937, -45.944], [166.9182, -45.9329], [166.9178, -45.922], [166.8622, -45.9527], [166.8503, -45.969], [166.7747, -45.9779], [166.7864, -45.9867], [166.7543, -45.9959], [166.7352, -46.0194], [166.7476, -46.0214], [166.7661, -46.0411], [166.7651, -46.0514], [166.7506, -46.0591], [166.7384, -46.0592], [166.7484, -46.041], [166.739, -46.0384], [166.7163, -46.0753], [166.7054, -46.0749], [166.7082, -46.0578], [166.697, -46.0552], [166.7354, -46.0221], [166.724, -46.0182], [166.6846, -46.0517], [166.6925, -46.0602], [166.6873, -46.0644], [166.6736, -46.0518], [166.6453, -46.0833], [166.6415, -46.0693], [166.629, -46.0728], [166.6328, -46.0657], [166.6131, -46.0604], [166.6048, -46.0743], [166.587, -46.0789], [166.5888, -46.0893], [166.5759, -46.092], [166.5675, -46.0892], [166.5645, -46.0719], [166.584, -46.0625], [166.5834, -46.0402], [166.59, -46.0336], [166.602, -46.0547], [166.609, -46.0529], [166.609, -46.035], [166.6004, -46.0306], [166.6052, -46.0184], [166.599, -46.0159], [166.6189, -45.9875], [166.6837, -45.9695], [166.7488, -45.9633], [166.7714, -45.968], [166.7541, -45.9538], [166.7704, -45.9496], [166.767, -45.9446], [166.742, -45.9438], [166.7054, -45.9571], [166.6473, -45.949], [166.6454, -45.94], [166.6581, -45.9232], [166.6828, -45.9072], [166.6883, -45.8765], [166.7104, -45.8684], [166.7079, -45.8583], [166.7018, -45.8671], [166.6819, -45.8688], [166.6659, -45.903], [166.6442, -45.914], [166.6175, -45.9544], [166.5957, -45.9705], [166.5558, -45.9746], [166.5278, -45.9939], [166.4991, -46.0017], [166.4732, -45.9957], [166.4719, -46.0118], [166.4499, -45.9985], [166.4513, -45.9413], [166.443, -45.9143], [166.4261, -45.9047], [166.4402, -45.883], [166.4333, -45.8757], [166.4396, -45.8615], [166.43, -45.8578], [166.4331, -45.8417], [166.4515, -45.8293], [166.4549, -45.8133], [166.4736, -45.8165], [166.4853, -45.8035], [166.5284, -45.7931], [166.543, -45.7988], [166.5707, -45.7887], [166.5785, -45.7982], [166.5963, -45.7953], [166.5709, -45.8164], [166.6217, -45.7911], [166.7804, -45.7618], [166.8258, -45.7615], [166.8344, -45.7743], [166.8563, -45.7746], [166.8578, -45.7678], [166.8388, -45.7691], [166.8377, -45.7636], [166.8833, -45.738], [166.9512, -45.7332], [166.9807, -45.7176], [166.9477, -45.7198], [166.9628, -45.7005], [166.9528, -45.6955], [166.935, -45.7236], [166.9001, -45.725], [166.8228, -45.7044], [166.7284, -45.7274], [166.7376, -45.6805], [166.7514, -45.6679], [166.938, -45.6307], [166.9697, -45.6044], [166.9264, -45.627], [166.8679, -45.6347], [166.8566, -45.6295], [166.7884, -45.6529], [166.7344, -45.6609], [166.7307, -45.6149], [166.7231, -45.6024], [166.7291, -45.5959], [166.7681, -45.5939], [166.7863, -45.5771], [166.8702, -45.5524], [166.8832, -45.5638], [166.8838, -45.5573], [166.9242, -45.5638], [166.9577, -45.552], [166.9866, -45.5639], [166.9958, -45.5539], [166.9821, -45.5592], [166.9628, -45.5461], [166.8947, -45.5562], [166.8836, -45.5495], [166.8849, -45.5397], [166.9466, -45.5245], [167.0147, -45.4866], [166.8981, -45.5277], [166.8636, -45.52], [166.874, -45.5395], [166.8529, -45.5498], [166.8114, -45.5542], [166.8072, -45.5474], [166.8016, -45.5561], [166.7707, -45.559], [166.771, -45.568], [166.7396, -45.5796], [166.6942, -45.5837], [166.6763, -45.5782], [166.6694, -45.5577], [166.6831, -45.5143], [166.6933, -45.4997], [166.7177, -45.5048], [166.7285, -45.4966], [166.7277, -45.503], [166.7298, -45.496], [166.7109, -45.4857], [166.711, -45.4709], [166.7219, -45.4687], [166.7316, -45.4473], [166.7255, -45.4406], [166.7341, -45.4384], [166.7362, -45.4195], [166.7566, -45.3989], [166.8024, -45.3953], [166.8481, -45.4201], [166.8721, -45.4203], [166.8848, -45.4403], [166.9065, -45.4328], [166.8908, -45.4363], [166.8723, -45.4183], [166.8647, -45.3822], [166.8587, -45.3856], [166.8652, -45.4052], [166.8526, -45.4139], [166.8273, -45.3945], [166.8077, -45.3906], [166.8042, -45.3808], [166.7719, -45.3788], [166.7739, -45.3609], [166.7681, -45.3596], [166.8071, -45.3111], [166.8308, -45.3009], [166.8418, -45.2767], [166.8538, -45.2771], [166.8671, -45.2918], [166.9502, -45.3176], [166.9165, -45.3353], [166.8942, -45.337], [166.8972, -45.3441], [166.9618, -45.3205], [167.0279, -45.352], [167.0185, -45.3661], [166.9992, -45.3717], [167.0138, -45.375], [167.0207, -45.4007], [167.0159, -45.4067], [166.9789, -45.3991], [166.919, -45.4177], [166.917, -45.4245], [166.9822, -45.4058], [167.0189, -45.4152], [167.0318, -45.4036], [167.021, -45.3781], [167.037, -45.3543], [167.068, -45.3622], [167.1156, -45.4313], [167.1142, -45.4494], [167.0722, -45.4766], [167.0748, -45.485], [167.0568, -45.5067], [167.0795, -45.4903], [167.0884, -45.4723], [167.1163, -45.4612], [167.1347, -45.4429], [167.1632, -45.471], [167.165, -45.4625], [167.1291, -45.4315], [167.1328, -45.4167], [167.125, -45.4166], [167.0847, -45.3601], [167.0418, -45.3456], [167.0071, -45.3174], [167.0342, -45.2932], [167.1239, -45.2826], [167.1439, -45.288], [167.1481, -45.3044], [167.1677, -45.3184], [167.1914, -45.3199], [167.1961, -45.3156], [167.1617, -45.3075], [167.1435, -45.2778], [167.1715, -45.2497], [167.1629, -45.2491], [167.1461, -45.2657], [167.1186, -45.2606], [167.1212, -45.2686], [167.1106, -45.2768], [167.0268, -45.2859], [167.0113, -45.2801], [167.0028, -45.2654], [167.006, -45.2483], [166.976, -45.2186], [166.976, -45.1948], [166.9672, -45.1925], [166.9783, -45.1897], [166.9832, -45.1672], [166.994, -45.166], [166.9742, -45.1384], [167.0023, -45.1256], [167.0124, -45.1062], [167.0293, -45.1095], [167.052, -45.1245], [167.103, -45.1851], [167.1344, -45.175], [167.149, -45.1778], [167.1342, -45.17], [167.106, -45.1764], [167.0579, -45.1117], [167.0265, -45.1027], [167.0432, -45.0777], [167.0786, -45.0513], [167.0846, -45.0597], [167.0872, -45.0528], [167.1143, -45.0931], [167.1316, -45.1005], [167.1325, -45.1307], [167.1663, -45.1533], [167.1684, -45.1429], [167.1428, -45.134], [167.1397, -45.1035], [167.1586, -45.0992], [167.2225, -45.1074], [167.1982, -45.0959], [167.1369, -45.0947], [167.1091, -45.0718], [167.0919, -45.0371], [167.1045, -45.0305], [167.0922, -45.026], [167.125, -45.0118], [167.1243, -45.0045], [167.137, -45.0081], [167.1405, -45.0179], [167.1908, -45.0221], [167.2304, -45.0415], [167.306, -45.0509], [167.3077, -45.0448], [167.2974, -45.0413], [167.2325, -45.0349], [167.2072, -45.0152], [167.1767, -45.0063], [167.1491, -45.0097], [167.1355, -44.9904], [167.1461, -44.9755], [167.1761, -44.9643], [167.1748, -44.9585], [167.1973, -44.9625], [167.1898, -44.9497], [167.2185, -44.9235], [167.2421, -44.928], [167.2383, -44.9203], [167.2213, -44.9185], [167.2488, -44.9022], [167.2442, -44.8972], [167.2573, -44.8926], [167.2713, -44.8698], [167.2997, -44.8642], [167.3268, -44.8445], [167.3396, -44.8445], [167.3466, -44.8753], [167.3634, -44.887], [167.3764, -44.9099], [167.3676, -44.9433], [167.3575, -44.947], [167.3933, -44.9499], [167.403, -44.9626], [167.4039, -44.9696], [167.3779, -44.987], [167.3816, -44.9979], [167.4123, -44.9728], [167.4423, -44.9837], [167.4102, -44.9488], [167.383, -44.9346], [167.3905, -44.9257], [167.4073, -44.9314], [167.3934, -44.9208], [167.3858, -44.8849], [167.3566, -44.8478], [167.3553, -44.8247], [167.3805, -44.8097], [167.397, -44.814], [167.3971, -44.801], [167.417, -44.7964], [167.4421, -44.776], [167.489, -44.7774], [167.5115, -44.7947], [167.5385, -44.8011], [167.4892, -44.8467], [167.4956, -44.8657], [167.5312, -44.8816], [167.5003, -44.8528], [167.5143, -44.8463], [167.548, -44.8022], [167.5293, -44.7941], [167.5073, -44.7711], [167.5062, -44.7592], [167.4939, -44.7529], [167.5268, -44.7314], [167.5933, -44.7391], [167.6112, -44.7551], [167.6211, -44.7837], [167.6319, -44.7827], [167.6203, -44.7482], [167.5854, -44.7379], [167.5791, -44.7258], [167.5606, -44.7179], [167.5692, -44.6954], [167.5653, -44.685], [167.6134, -44.6599], [167.6411, -44.6721], [167.6527, -44.6859], [167.6632, -44.6848], [167.6665, -44.6763], [167.6333, -44.6421], [167.6612, -44.6374], [167.7077, -44.6063], [167.7381, -44.6034], [167.75, -44.581], [167.7825, -44.5721], [167.7872, -44.5865], [167.8029, -44.5912], [167.8062, -44.6031], [167.8515, -44.6127], [167.8723, -44.6254], [167.9078, -44.6655], [167.9134, -44.6859], [167.9286, -44.6828], [167.9285, -44.6764], [167.9126, -44.6712], [167.9287, -44.6719], [167.9151, -44.6523], [167.9131, -44.6234], [167.8958, -44.6279], [167.8619, -44.6052], [167.8172, -44.5991], [167.8308, -44.5282], [167.8285, -44.5086], [167.8156, -44.4957], [167.8439, -44.4847], [167.8722, -44.4348], [167.9313, -44.3901], [167.9569, -44.3817], [167.9733, -44.3866], [167.9871, -44.3779], [168.0022, -44.3372], [168.0006, -44.3681], [168.0142, -44.3719], [168.015, -44.384], [168.0365, -44.4113], [168.0287, -44.4205], [168.0309, -44.4367], [168.0495, -44.451], [168.0555, -44.511], [168.0758, -44.5186], [168.0798, -44.51], [168.07, -44.4888], [168.0681, -44.4483], [168.0562, -44.4315], [168.058, -44.4123], [168.0364, -44.3895], [168.0179, -44.3839], [168.0205, -44.3706], [168.0046, -44.366], [168.0069, -44.3379], [167.9942, -44.3286], [168.0541, -44.3246], [168.0904, -44.3312], [168.1196, -44.2909], [168.0835, -44.268], [168.0521, -44.2586], [168.1577, -44.2822], [168.1955, -44.2741], [168.2258, -44.2564], [168.2804, -44.2601], [168.3052, -44.2791], [168.3454, -44.2821], [168.3536, -44.3053], [168.3482, -44.3291], [168.367, -44.3405], [168.3814, -44.3381], [168.3684, -44.3545], [168.4114, -44.3616], [168.4049, -44.3771], [168.3855, -44.3788], [168.3838, -44.3884], [168.3518, -44.4042], [168.3661, -44.4244], [168.3487, -44.4519], [168.3529, -44.4605], [168.3369, -44.4759], [168.3366, -44.4956], [168.2897, -44.4964], [168.2748, -44.5204], [168.2346, -44.543], [168.2369, -44.5758], [168.2248, -44.583], [168.2257, -44.5981], [168.2144, -44.6035], [168.1973, -44.6433], [168.185, -44.6461], [168.1911, -44.6559], [168.1847, -44.6695], [168.1925, -44.6807], [168.175, -44.6977], [168.1692, -44.7213], [168.1819, -44.7452], [168.1994, -44.7402], [168.2053, -44.7463], [168.1676, -44.8283], [168.1274, -44.8286], [168.1166, -44.8762], [168.1274, -44.8852], [168.1372, -44.9135], [168.131, -44.938], [168.1761, -44.9663], [168.1746, -44.981], [168.2204, -45.0059], [168.2212, -45.0164], [168.2357, -45.0243], [168.2753, -45.0258], [168.2959, -45.0138], [168.3097, -45.026], [168.2914, -45.0405], [168.2986, -45.0522], [168.2846, -45.0846], [168.2842, -45.1062], [168.217, -45.1444], [168.2394, -45.1544], [168.236, -45.1668], [168.2549, -45.1852], [168.2515, -45.1995], [168.2996, -45.2212], [168.2882, -45.2449], [168.307, -45.2604], [168.3003, -45.2939], [168.3233, -45.3275], [168.4608, -45.3251], [168.5394, -45.3093], [168.5668, -45.2861], [168.6076, -45.2778], [168.6493, -45.2457], [168.6741, -45.2431], [168.6834, -45.2477], [168.6805, -45.2597], [168.6901, -45.2726], [168.6978, -45.3119], [168.6922, -45.3397], [168.7516, -45.3676], [168.7747, -45.3652], [168.7687, -45.4031], [168.7787, -45.4366], [168.7962, -45.4334], [168.8252, -45.4461], [168.8305, -45.4376], [168.854, -45.4321], [168.8588, -45.452], [168.8869, -45.4628], [168.9068, -45.4495], [168.9596, -45.3591], [169.0128, -45.3035], [169.0677, -45.269], [169.0902, -45.2861], [169.0993, -45.3199], [169.1295, -45.3376], [169.1484, -45.339], [169.1644, -45.3708], [169.1828, -45.3892], [169.1964, -45.3883], [169.2113, -45.4118], [169.1996, -45.4343], [169.1601, -45.4397], [169.1472, -45.4506], [169.1302, -45.5245], [169.1117, -45.5418], [169.099, -45.5807], [169.0736, -45.6044], [169.0587, -45.6411], [169.0247, -45.6596], [169.0189, -45.6898], [169.0054, -45.6984], [169.0031, -45.7271], [168.9934, -45.7285], [169.0046, -45.7496], [169.0035, -45.7958], [169.0289, -45.8089], [169.0055, -45.8479], [169.0052, -45.8635], [169.0504, -45.864], [169.0566, -45.8501], [169.0805, -45.8582], [169.0745, -45.8711], [169.0991, -45.8844], [169.0848, -45.9167], [169.0734, -45.9247], [169.0972, -45.9386], [169.0997, -45.948], [169.0666, -45.9853], [169.0727, -46.0016], [169.1082, -45.9951], [169.1278, -46.0031], [169.0797, -46.0027], [169.0799, -46.0091], [169.1036, -46.0368], [169.1533, -46.0487], [169.1579, -46.0684], [169.1356, -46.0854], [169.1633, -46.0958], [169.1579, -46.1067], [169.1632, -46.1171], [169.1376, -46.1273], [169.1298, -46.1478], [169.161, -46.1522], [169.1692, -46.161], [169.1596, -46.1757], [169.1704, -46.1828], [169.167, -46.1919], [169.1858, -46.1893], [169.1819, -46.1957], [169.1983, -46.2004], [169.1981, -46.2127], [169.1863, -46.2233], [169.1962, -46.2376], [169.1857, -46.2548], [169.189, -46.2799], [169.1769, -46.2857], [169.1969, -46.3043], [169.1774, -46.3219], [169.1907, -46.3264], [169.1424, -46.3535], [169.1463, -46.3591], [169.1341, -46.3754], [169.175, -46.3864], [169.196, -46.4044], [169.1993, -46.4199], [169.1881, -46.4274], [169.1968, -46.4388], [169.1651, -46.4557], [169.1614, -46.4669], [169.178, -46.4776], [169.1777, -46.4899], [169.2499, -46.5127], [169.2256, -46.5498], [169.1905, -46.5569], [169.2649, -46.5859], [169.2616, -46.5986], [169.2741, -46.6113], [169.2654, -46.6157], [169.2784, -46.6239], [169.2519, -46.633], [169.254, -46.6406], [169.2396, -46.636], [169.2374, -46.6442], [169.2039, -46.662], [169.1942, -46.6523], [169.1697, -46.6574], [169.136, -46.6455], [169.151, -46.6461], [169.1501, -46.6336], [169.1706, -46.6237], [169.1289, -46.603], [169.1283, -46.6138], [169.1415, -46.6303], [169.1316, -46.6331], [169.1397, -46.6375], [169.1267, -46.6395], [169.1427, -46.6421], [169.112, -46.6443], [169.1022, -46.6544], [169.1067, -46.6628], [169.0568, -46.6718], [169.0526, -46.6616], [169.0398, -46.6605], [169.0015, -46.6742], [168.9893, -46.6648], [168.9633, -46.6697], [168.9383, -46.6575], [168.8471, -46.6611], [168.8236, -46.6256], [168.8293, -46.6062], [168.7982, -46.5828], [168.7689, -46.575], [168.6812, -46.57], [168.5874, -46.5877], [168.6002, -46.5683], [168.6319, -46.5763], [168.6736, -46.5699], [168.6609, -46.569], [168.6549, -46.5541], [168.6605, -46.5693], [168.6218, -46.564], [168.6031, -46.5526], [168.5485, -46.5573], [168.5651, -46.5672], [168.5606, -46.5722], [168.5698, -46.5769], [168.569, -46.5682], [168.5882, -46.5846], [168.5639, -46.586], [168.566, -46.5922], [168.5858, -46.5879], [168.4923, -46.6098], [168.4285, -46.6066], [168.386, -46.5948], [168.3714, -46.6025], [168.3607, -46.5979], [168.3773, -46.5827], [168.4061, -46.5815], [168.4176, -46.5711], [168.4137, -46.5791], [168.4296, -46.5853], [168.454, -46.5813], [168.4513, -46.5867], [168.5217, -46.5984], [168.5295, -46.5918], [168.5156, -46.5743], [168.4155, -46.5598], [168.3743, -46.5693], [168.378, -46.5741], [168.3625, -46.5555], [168.3742, -46.548], [168.3499, -46.5356], [168.3343, -46.551], [168.325, -46.5443], [168.3006, -46.5481]]]]}, "properties": {"name": "Southland", "icps": 1215, "kW": 892.2, "pct": 1.87}}, {"type": "Feature", "geometry": {"type": "MultiPolygon", "coordinates": [[[[173.0656, -40.9293], [173.0654, -40.9292], [173.0654, -40.929], [173.0656, -40.9293]]], [[[173.0691, -40.9578], [173.069, -40.9577], [173.0691, -40.9575], [173.0691, -40.9578]]], [[[172.6651, -40.5056], [172.6649, -40.5055], [172.6651, -40.5053], [172.6651, -40.5056]]], [[[173.064, -40.8906], [173.0636, -40.8906], [173.0636, -40.8904], [173.064, -40.8906]]], [[[173.0687, -40.8884], [173.0684, -40.8885], [173.0682, -40.8883], [173.0687, -40.8884]]], [[[173.0708, -40.9726], [173.071, -40.9723], [173.071, -40.9725], [173.0708, -40.9726]]], [[[172.665, -40.5064], [172.6646, -40.5061], [172.665, -40.5062], [172.665, -40.5064]]], [[[172.6675, -40.506], [172.6675, -40.5057], [172.6679, -40.5059], [172.6675, -40.506]]], [[[173.0217, -41.0433], [173.0214, -41.0431], [173.0215, -41.0428], [173.0217, -41.0433]]], [[[173.0645, -40.9295], [173.0643, -40.9291], [173.0648, -40.9293], [173.0645, -40.9295]]], [[[173.0658, -40.9286], [173.0655, -40.9283], [173.0661, -40.9279], [173.0658, -40.9286]]], [[[173.0677, -40.9263], [173.0676, -40.926], [173.0682, -40.9254], [173.0677, -40.9263]]], [[[172.6312, -40.5127], [172.6318, -40.5131], [172.6315, -40.5134], [172.6312, -40.5127]]], [[[173.0024, -41.0601], [173.0039, -41.0611], [173.0023, -41.0604], [173.0024, -41.0601]]], [[[173.0238, -41.026], [173.0229, -41.0254], [173.0235, -41.0253], [173.0238, -41.026]]], [[[172.6698, -40.5001], [172.6693, -40.4995], [172.6698, -40.4987], [172.6698, -40.5001]]], [[[173.0651, -40.927], [173.0645, -40.9265], [173.065, -40.9258], [173.0651, -40.927]]], [[[172.6715, -40.6752], [172.6698, -40.675], [172.6717, -40.6735], [172.6715, -40.6752]]], [[[172.6761, -40.5002], [172.6751, -40.5001], [172.6747, -40.4991], [172.6761, -40.5002]]], [[[172.9115, -40.804], [172.9121, -40.8043], [172.9108, -40.8055], [172.9115, -40.804]]], [[[173.023, -41.0358], [173.0239, -41.0368], [173.022, -41.0366], [173.023, -41.0358]]], [[[173.1087, -41.2663], [173.1101, -41.2671], [173.1085, -41.2674], [173.1087, -41.2663]]], [[[172.9143, -40.8], [172.9121, -40.802], [172.9119, -40.8013], [172.9143, -40.8]]], [[[173.1004, -41.2644], [173.0991, -41.2634], [173.1008, -41.2626], [173.1004, -41.2644]]], [[[172.6725, -40.501], [172.6706, -40.4999], [172.6712, -40.4989], [172.6725, -40.501]]], [[[172.6235, -40.5183], [172.6242, -40.5193], [172.6223, -40.5204], [172.6235, -40.5183]]], [[[173.1489, -41.2948], [173.1532, -41.2976], [173.1477, -41.2956], [173.1489, -41.2948]]], [[[172.68, -40.5008], [172.6783, -40.4997], [172.6802, -40.4984], [172.68, -40.5008]]], [[[172.8929, -40.5199], [172.8988, -40.5219], [172.8901, -40.5202], [172.8929, -40.5199]]], [[[173.013, -41.0724], [173.0059, -41.0636], [173.0111, -41.0682], [173.013, -41.0724]]], [[[173.0498, -40.9915], [173.0527, -40.9942], [173.0481, -40.994], [173.0498, -40.9915]]], [[[173.0685, -40.8895], [173.0678, -40.892], [173.0643, -40.8903], [173.0685, -40.8895]]], [[[172.9326, -40.5268], [172.9408, -40.5282], [172.9462, -40.5308], [172.9326, -40.5268]]], [[[172.6706, -40.6759], [172.6781, -40.6781], [172.6662, -40.6791], [172.6706, -40.6759]]], [[[173.0254, -41.1385], [173.0394, -41.1573], [173.0303, -41.154], [173.0254, -41.1385]]], [[[173.0585, -40.9748], [173.0687, -40.9764], [173.0555, -40.9861], [173.0585, -40.9748]]], [[[173.1451, -41.2868], [173.159, -41.2909], [173.1647, -41.3009], [173.1451, -41.2868]]], [[[173.1491, -41.2843], [173.1786, -41.2876], [173.1798, -41.2986], [173.1491, -41.2843]]], [[[173.1121, -41.267], [173.1406, -41.2821], [173.1157, -41.2766], [173.1121, -41.267]]], [[[173.127, -41.2568], [173.2006, -41.2841], [173.1421, -41.2803], [173.1043, -41.2633], [173.1136, -41.2581], [173.1048, -41.2568], [173.1102, -41.2524], [173.127, -41.2568]]], [[[173.2152, -41.3454], [173.23, -41.3688], [173.2496, -41.3646], [173.2564, -41.3822], [173.2722, -41.3787], [173.2974, -41.3931], [173.285, -41.4027], [173.2949, -41.4256], [173.2508, -41.4666], [173.3039, -41.5087], [173.2974, -41.5163], [173.2493, -41.5245], [173.2164, -41.5182], [173.1863, -41.5288], [173.1724, -41.5241], [173.1746, -41.5425], [173.1516, -41.5855], [173.1321, -41.5897], [173.1215, -41.608], [173.1035, -41.6103], [173.0893, -41.6242], [173.0588, -41.6256], [173.0574, -41.6685], [173.0038, -41.7248], [172.9579, -41.7495], [172.9306, -41.7438], [172.9262, -41.7577], [172.9358, -41.7713], [172.9444, -41.7661], [172.9391, -41.7726], [172.9457, -41.7809], [172.891, -41.8183], [172.8725, -41.844], [172.8677, -41.8666], [172.8476, -41.8743], [172.8447, -41.8909], [172.86, -41.8976], [172.8647, -41.9089], [172.8472, -41.9426], [172.8081, -41.9581], [172.803, -41.9852], [172.779, -41.9981], [172.7833, -42.0089], [172.7571, -42.036], [172.733, -42.0344], [172.7353, -42.0579], [172.7215, -42.1035], [172.691, -42.1066], [172.6784, -42.0879], [172.6356, -42.1024], [172.6317, -42.1219], [172.6409, -42.1329], [172.6118, -42.1581], [172.617, -42.1931], [172.5927, -42.2131], [172.5594, -42.22], [172.5152, -42.264], [172.4864, -42.2659], [172.479, -42.277], [172.4536, -42.2748], [172.4309, -42.3056], [172.3479, -42.2767], [172.3565, -42.2674], [172.3544, -42.2561], [172.3334, -42.2387], [172.3494, -42.2223], [172.3397, -42.1977], [172.3451, -42.1758], [172.3335, -42.1491], [172.2515, -42.1503], [172.2477, -42.1324], [172.221, -42.1316], [172.218, -42.1149], [172.2056, -42.1145], [172.215, -42.1091], [172.2067, -42.0983], [172.1873, -42.1056], [172.1352, -42.104], [172.1325, -42.0806], [172.1165, -42.0756], [172.1049, -42.0489], [172.12, -42.0146], [172.081, -42.0077], [172.071, -41.9985], [172.0766, -41.9875], [172.07, -41.9645], [172.0506, -41.9519], [172.0774, -41.9205], [172.0654, -41.8944], [172.0929, -41.8919], [172.0938, -41.8744], [172.1157, -41.8684], [172.1163, -41.7892], [172.1052, -41.7894], [172.0973, -41.7743], [172.124, -41.7423], [172.1175, -41.7276], [172.129, -41.7141], [172.1504, -41.7108], [172.1553, -41.6997], [172.1745, -41.703], [172.188, -41.6925], [172.2087, -41.6999], [172.2127, -41.6892], [172.2329, -41.6915], [172.2514, -41.7027], [172.2597, -41.6944], [172.2471, -41.6842], [172.2538, -41.6681], [172.2402, -41.6554], [172.2374, -41.6402], [172.2644, -41.6273], [172.291, -41.6348], [172.2931, -41.6239], [172.3276, -41.6035], [172.3345, -41.5836], [172.3268, -41.5603], [172.3447, -41.5552], [172.343, -41.5115], [172.4189, -41.4706], [172.4222, -41.4391], [172.4311, -41.429], [172.4161, -41.4124], [172.4612, -41.3944], [172.4653, -41.4056], [172.5124, -41.4128], [172.5524, -41.3983], [172.5599, -41.3828], [172.5843, -41.3763], [172.5816, -41.3437], [172.6003, -41.3009], [172.5862, -41.2888], [172.5746, -41.258], [172.6579, -41.2392], [172.6918, -41.209], [172.6916, -41.1989], [172.6731, -41.1882], [172.6642, -41.1946], [172.6289, -41.1948], [172.6185, -41.1604], [172.5814, -41.137], [172.5529, -41.1024], [172.5197, -41.0956], [172.5226, -41.0817], [172.5146, -41.0683], [172.4924, -41.0649], [172.486, -41.0546], [172.4961, -41.041], [172.4914, -41.0226], [172.4397, -41.0204], [172.4194, -41.0336], [172.3825, -41.0226], [172.3611, -41.0441], [172.3623, -41.0515], [172.3508, -41.0539], [172.3503, -41.0634], [172.3248, -41.0595], [172.3337, -41.035], [172.3109, -41.0112], [172.3298, -40.9869], [172.3577, -40.9793], [172.3863, -40.9493], [172.3758, -40.9344], [172.3281, -40.9363], [172.3166, -40.9245], [172.2976, -40.9225], [172.301, -40.9103], [172.2815, -40.8989], [172.29, -40.8777], [172.2665, -40.8703], [172.2625, -40.859], [172.251, -40.869], [172.2337, -40.8691], [172.229, -40.856], [172.2402, -40.8417], [172.2488, -40.8069], [172.2178, -40.7745], [172.2399, -40.7723], [172.2925, -40.7472], [172.3229, -40.7215], [172.3688, -40.698], [172.4425, -40.6325], [172.482, -40.6165], [172.5336, -40.5818], [172.5436, -40.5964], [172.5331, -40.6011], [172.5439, -40.6055], [172.5271, -40.6045], [172.5055, -40.6221], [172.5136, -40.6223], [172.5088, -40.6269], [172.5165, -40.6411], [172.523, -40.6388], [172.5163, -40.6256], [172.527, -40.6208], [172.5258, -40.6316], [172.5299, -40.6176], [172.5338, -40.6254], [172.535, -40.6173], [172.5565, -40.6062], [172.5639, -40.6073], [172.5521, -40.619], [172.5609, -40.6195], [172.5672, -40.6076], [172.5863, -40.6173], [172.5859, -40.6074], [172.5779, -40.6073], [172.5813, -40.5993], [172.5677, -40.6011], [172.5763, -40.5911], [172.6131, -40.5884], [172.6159, -40.6008], [172.6249, -40.6039], [172.6186, -40.5892], [172.6311, -40.5842], [172.6246, -40.5797], [172.6343, -40.5724], [172.6263, -40.5687], [172.6299, -40.5554], [172.6199, -40.5561], [172.6128, -40.5684], [172.6061, -40.5678], [172.6106, -40.5607], [172.5995, -40.5707], [172.5764, -40.5659], [172.5723, -40.5822], [172.5537, -40.5885], [172.5502, -40.5715], [172.6471, -40.5062], [172.688, -40.498], [172.7352, -40.5092], [172.81, -40.5037], [172.8862, -40.5116], [172.9785, -40.5298], [173.0102, -40.5455], [173.0162, -40.5511], [173.0116, -40.5542], [172.9772, -40.5372], [172.8929, -40.5195], [172.7524, -40.5163], [172.7288, -40.5292], [172.724, -40.5456], [172.6855, -40.5838], [172.6903, -40.5936], [172.6812, -40.6171], [172.682, -40.6605], [172.6776, -40.6437], [172.6695, -40.6501], [172.6698, -40.6385], [172.6494, -40.6548], [172.6642, -40.6639], [172.6616, -40.6726], [172.6723, -40.6721], [172.6615, -40.6744], [172.667, -40.6815], [172.6865, -40.6788], [172.6889, -40.7127], [172.6764, -40.7198], [172.6788, -40.7321], [172.6923, -40.7281], [172.6852, -40.7181], [172.6908, -40.7177], [172.7333, -40.7721], [172.7934, -40.7999], [172.7892, -40.807], [172.8094, -40.8191], [172.7998, -40.8218], [172.8083, -40.8229], [172.8038, -40.8279], [172.8094, -40.8326], [172.8176, -40.8318], [172.809, -40.8241], [172.8139, -40.8198], [172.84, -40.8331], [172.8902, -40.8314], [172.8929, -40.8211], [172.8989, -40.8239], [172.8941, -40.8203], [172.91, -40.8211], [172.9212, -40.8002], [172.9409, -40.8126], [172.9372, -40.8253], [172.9446, -40.8271], [172.9559, -40.8123], [172.9538, -40.805], [172.9437, -40.8085], [172.9548, -40.802], [172.9542, -40.7888], [172.9991, -40.7831], [172.9943, -40.7916], [173.0163, -40.8149], [173.0048, -40.8214], [173.0142, -40.8473], [173.0346, -40.8594], [173.0457, -40.8512], [173.0617, -40.8648], [173.0584, -40.8724], [173.0655, -40.8784], [173.0461, -40.8867], [173.0639, -40.9103], [173.0512, -40.9161], [173.0624, -40.9373], [173.0496, -40.9497], [173.0596, -40.9569], [173.0672, -40.9484], [173.0697, -40.9619], [173.0489, -40.9681], [173.0357, -40.9895], [173.0124, -40.9921], [173.0076, -41.0129], [173.0213, -41.0166], [173.0233, -41.0344], [173.0167, -41.0392], [173.0233, -41.0449], [173.0045, -41.0535], [173.0003, -41.0637], [173.0362, -41.0961], [173.0288, -41.0963], [173.0245, -41.1379], [173.0103, -41.1333], [173.0088, -41.1421], [173.0493, -41.1871], [173.0572, -41.1822], [173.037, -41.1587], [173.0658, -41.1838], [173.0849, -41.2117], [173.0848, -41.2303], [173.1074, -41.2488], [173.0978, -41.2486], [173.0996, -41.2614], [173.0717, -41.2535], [173.0789, -41.2583], [173.071, -41.2636], [173.0868, -41.2673], [173.0753, -41.2772], [173.1043, -41.2772], [173.0853, -41.2852], [173.0942, -41.2924], [173.1366, -41.2876], [173.1605, -41.3069], [173.1546, -41.3117], [173.1631, -41.3196], [173.1989, -41.3306], [173.2152, -41.3454]]], [[[173.0149, -41.1341], [173.0214, -41.1352], [173.019, -41.1246], [173.0149, -41.1341]]]]}, "properties": {"name": "Tasman", "icps": 2261, "kW": 10407.4, "pct": 7.83}}, {"type": "Feature", "geometry": {"type": "MultiPolygon", "coordinates": [[[[173.2572, -41.2714], [173.2571, -41.2714], [173.2571, -41.2713], [173.2572, -41.2714]]], [[[173.2013, -41.3106], [173.2011, -41.3105], [173.2017, -41.3102], [173.2013, -41.3106]]], [[[173.2006, -41.3078], [173.1992, -41.3073], [173.1997, -41.3072], [173.2006, -41.3078]]], [[[173.2031, -41.3013], [173.2007, -41.303], [173.1993, -41.3012], [173.2031, -41.3013]]], [[[173.2585, -41.2655], [173.2591, -41.2694], [173.2568, -41.2686], [173.2585, -41.2655]]], [[[173.1907, -41.3053], [173.1988, -41.3069], [173.1916, -41.3102], [173.1907, -41.3053]]], [[[173.232, -41.3627], [173.1989, -41.3306], [173.2093, -41.3262], [173.221, -41.3042], [173.2052, -41.3064], [173.2251, -41.3024], [173.2061, -41.2988], [173.2375, -41.2784], [173.2515, -41.2791], [173.2767, -41.2553], [173.2797, -41.2652], [173.2843, -41.2542], [173.2803, -41.2657], [173.3119, -41.2501], [173.33, -41.2182], [173.3232, -41.203], [173.4038, -41.1557], [173.4158, -41.1592], [173.4167, -41.1362], [173.4339, -41.1382], [173.4443, -41.1644], [173.4138, -41.1607], [173.4293, -41.1768], [173.4383, -41.1721], [173.4337, -41.1692], [173.4696, -41.1614], [173.4421, -41.1606], [173.4827, -41.1568], [173.5064, -41.1348], [173.514, -41.1044], [173.5472, -41.0966], [173.5589, -41.075], [173.5655, -41.0784], [173.571, -41.064], [173.5875, -41.0634], [173.5939, -41.0511], [173.5966, -41.0891], [173.5799, -41.1208], [173.5744, -41.1837], [173.5223, -41.1983], [173.5158, -41.2139], [173.4762, -41.2289], [173.4711, -41.2428], [173.4155, -41.2888], [173.4208, -41.3084], [173.4068, -41.331], [173.3607, -41.3532], [173.3375, -41.3855], [173.3046, -41.3933], [173.2722, -41.3787], [173.2564, -41.3822], [173.2496, -41.3646], [173.2356, -41.372], [173.232, -41.3627]]]]}, "properties": {"name": "Nelson", "icps": 1552, "kW": 6187.2, "pct": null}}, {"type": "Feature", "geometry": {"type": "MultiPolygon", "coordinates": [[[[173.9513, -40.7162], [173.9513, -40.7162], [173.9513, -40.7162], [173.9513, -40.7162]]], [[[173.9513, -40.7162], [173.9513, -40.7162], [173.9513, -40.7162], [173.9513, -40.7162]]], [[[173.9517, -40.7159], [173.9517, -40.7159], [173.9517, -40.7159], [173.9517, -40.7159]]], [[[173.9516, -40.7159], [173.9516, -40.716], [173.9516, -40.7159], [173.9516, -40.7159]]], [[[173.9507, -40.7171], [173.9506, -40.7171], [173.9506, -40.7171], [173.9507, -40.7171]]], [[[173.9139, -40.7419], [173.9138, -40.7419], [173.9138, -40.7419], [173.9139, -40.7419]]], [[[173.9131, -40.7427], [173.9131, -40.7427], [173.9131, -40.7427], [173.9131, -40.7427]]], [[[173.9712, -40.6816], [173.9712, -40.6816], [173.9712, -40.6816], [173.9712, -40.6816]]], [[[173.9736, -40.6942], [173.9736, -40.6942], [173.9736, -40.6942], [173.9736, -40.6942]]], [[[173.9732, -40.6945], [173.9732, -40.6945], [173.9732, -40.6944], [173.9732, -40.6945]]], [[[173.913, -40.744], [173.913, -40.744], [173.913, -40.7439], [173.913, -40.744]]], [[[173.9518, -40.7168], [173.9518, -40.7168], [173.9518, -40.7168], [173.9518, -40.7168]]], [[[173.9719, -40.6822], [173.9718, -40.6822], [173.9719, -40.6822], [173.9719, -40.6822]]], [[[173.9512, -40.7164], [173.9511, -40.7164], [173.9512, -40.7164], [173.9512, -40.7164]]], [[[173.9141, -40.7402], [173.914, -40.7401], [173.9141, -40.7401], [173.9141, -40.7402]]], [[[173.9149, -40.7441], [173.9149, -40.7441], [173.9149, -40.7441], [173.9149, -40.7441]]], [[[173.7626, -40.9205], [173.7626, -40.9205], [173.7627, -40.9205], [173.7626, -40.9205]]], [[[174.4301, -41.116], [174.43, -41.116], [174.4301, -41.116], [174.4301, -41.116]]], [[[174.4308, -41.1155], [174.4308, -41.1154], [174.4309, -41.1154], [174.4308, -41.1155]]], [[[173.9686, -40.7203], [173.9686, -40.7203], [173.9687, -40.7203], [173.9686, -40.7203]]], [[[173.7622, -40.9224], [173.7621, -40.9224], [173.7621, -40.9224], [173.7622, -40.9224]]], [[[174.4336, -41.1122], [174.4335, -41.1122], [174.4336, -41.1121], [174.4336, -41.1122]]], [[[173.8941, -40.7573], [173.8941, -40.7573], [173.8941, -40.7573], [173.8941, -40.7573]]], [[[174.441, -41.11], [174.4409, -41.1101], [174.4409, -41.11], [174.441, -41.11]]], [[[173.9141, -40.7427], [173.9141, -40.7427], [173.9141, -40.7426], [173.9141, -40.7427]]], [[[173.9144, -40.7448], [173.9143, -40.7448], [173.9144, -40.7447], [173.9144, -40.7448]]], [[[174.4411, -41.1099], [174.441, -41.1099], [174.4411, -41.1099], [174.4411, -41.1099]]], [[[173.9141, -40.7442], [173.914, -40.7442], [173.914, -40.7442], [173.9141, -40.7442]]], [[[173.9135, -40.7449], [173.9134, -40.7449], [173.9134, -40.7449], [173.9135, -40.7449]]], [[[173.9733, -40.6944], [173.9732, -40.6944], [173.9733, -40.6943], [173.9733, -40.6944]]], [[[174.4309, -41.1157], [174.4308, -41.1157], [174.4309, -41.1157], [174.4309, -41.1157]]], [[[173.9143, -40.7425], [173.9142, -40.7425], [173.9143, -40.7425], [173.9143, -40.7425]]], [[[173.9137, -40.7421], [173.9136, -40.7421], [173.9136, -40.742], [173.9137, -40.7421]]], [[[173.9125, -40.7392], [173.9124, -40.7392], [173.9124, -40.7392], [173.9125, -40.7392]]], [[[173.9124, -40.7405], [173.9124, -40.7405], [173.9124, -40.7405], [173.9124, -40.7405]]], [[[174.4312, -41.116], [174.4311, -41.116], [174.4312, -41.1159], [174.4312, -41.116]]], [[[174.4334, -41.1123], [174.4333, -41.1123], [174.4333, -41.1123], [174.4334, -41.1123]]], [[[174.4459, -41.1011], [174.4459, -41.1011], [174.4459, -41.101], [174.4459, -41.1011]]], [[[173.8939, -40.7573], [173.8939, -40.7573], [173.894, -40.7573], [173.8939, -40.7573]]], [[[174.4337, -41.1127], [174.4336, -41.1127], [174.4336, -41.1126], [174.4337, -41.1127]]], [[[173.8932, -40.7562], [173.8931, -40.7562], [173.8931, -40.7561], [173.8932, -40.7562]]], [[[173.951, -40.7162], [173.9509, -40.7162], [173.9509, -40.7161], [173.951, -40.7162]]], [[[173.9136, -40.7439], [173.9135, -40.7439], [173.9136, -40.7439], [173.9136, -40.7439]]], [[[173.9138, -40.7386], [173.9137, -40.7386], [173.9136, -40.7385], [173.9138, -40.7386]]], [[[174.44, -41.1095], [174.44, -41.1095], [174.4401, -41.1095], [174.44, -41.1095]]], [[[174.44, -41.1086], [174.4399, -41.1086], [174.44, -41.1086], [174.44, -41.1086]]], [[[173.9139, -40.7412], [173.9138, -40.7412], [173.9138, -40.7412], [173.9139, -40.7412]]], [[[173.9138, -40.7397], [173.9137, -40.7396], [173.9138, -40.7397], [173.9138, -40.7397]]], [[[173.914, -40.7391], [173.9139, -40.7392], [173.9139, -40.7391], [173.914, -40.7391]]], [[[173.9329, -40.7253], [173.9328, -40.7253], [173.9329, -40.7253], [173.9329, -40.7253]]], [[[173.9141, -40.7416], [173.9141, -40.7416], [173.9141, -40.7415], [173.9141, -40.7416]]], [[[174.4288, -41.1165], [174.4287, -41.1165], [174.4288, -41.1165], [174.4288, -41.1165]]], [[[173.8929, -40.7563], [173.8928, -40.7563], [173.8929, -40.7563], [173.8929, -40.7563]]], [[[173.9731, -40.6815], [173.973, -40.6815], [173.973, -40.6814], [173.9731, -40.6815]]], [[[173.7652, -40.9245], [173.7651, -40.9244], [173.7652, -40.9244], [173.7652, -40.9245]]], [[[173.9134, -40.7429], [173.9135, -40.7429], [173.9134, -40.743], [173.9134, -40.7429]]], [[[173.9147, -40.7442], [173.9147, -40.7442], [173.9148, -40.7441], [173.9147, -40.7442]]], [[[173.8422, -40.7503], [173.8422, -40.7502], [173.8423, -40.7502], [173.8422, -40.7503]]], [[[173.9729, -40.6815], [173.9728, -40.6814], [173.9729, -40.6814], [173.9729, -40.6815]]], [[[173.9139, -40.7413], [173.914, -40.7413], [173.914, -40.7414], [173.9139, -40.7413]]], [[[173.9127, -40.7423], [173.9127, -40.7422], [173.9127, -40.7422], [173.9127, -40.7423]]], [[[173.9144, -40.7414], [173.9144, -40.7414], [173.9145, -40.7413], [173.9144, -40.7414]]], [[[173.9139, -40.7428], [173.914, -40.7427], [173.914, -40.7428], [173.9139, -40.7428]]], [[[174.4408, -41.11], [174.4407, -41.11], [174.4408, -41.11], [174.4408, -41.11]]], [[[173.7653, -40.9242], [173.7652, -40.9242], [173.7653, -40.9242], [173.7653, -40.9242]]], [[[173.7616, -40.9168], [173.7615, -40.9168], [173.7616, -40.9167], [173.7616, -40.9168]]], [[[173.9134, -40.7429], [173.9134, -40.7428], [173.9135, -40.7428], [173.9134, -40.7429]]], [[[174.4468, -41.1003], [174.4468, -41.1002], [174.4468, -41.1002], [174.4468, -41.1003]]], [[[174.4406, -41.1022], [174.4406, -41.1022], [174.4407, -41.1022], [174.4406, -41.1022]]], [[[174.441, -41.102], [174.4408, -41.1021], [174.4408, -41.1021], [174.441, -41.102]]], [[[173.9729, -40.6954], [173.9728, -40.6954], [173.973, -40.6953], [173.9729, -40.6954]]], [[[173.914, -40.7417], [173.914, -40.7416], [173.9141, -40.7415], [173.914, -40.7417]]], [[[173.8437, -40.7503], [173.8436, -40.7502], [173.8437, -40.7502], [173.8437, -40.7503]]], [[[174.4407, -41.102], [174.4406, -41.102], [174.4407, -41.1019], [174.4407, -41.102]]], [[[173.9137, -40.7385], [173.9138, -40.7385], [173.9138, -40.7386], [173.9137, -40.7385]]], [[[174.4404, -41.1021], [174.4404, -41.1021], [174.4405, -41.102], [174.4404, -41.1021]]], [[[174.433, -41.114], [174.4329, -41.114], [174.433, -41.1139], [174.433, -41.114]]], [[[173.9518, -40.7167], [173.9517, -40.7168], [173.9517, -40.7166], [173.9518, -40.7167]]], [[[174.0717, -41.5377], [174.0715, -41.5376], [174.0715, -41.5376], [174.0717, -41.5377]]], [[[173.9134, -40.744], [173.9133, -40.744], [173.9133, -40.7439], [173.9134, -40.744]]], [[[173.8446, -40.7501], [173.8445, -40.7501], [173.8446, -40.75], [173.8446, -40.7501]]], [[[173.9126, -40.741], [173.9127, -40.741], [173.9125, -40.7411], [173.9126, -40.741]]], [[[174.4401, -41.1097], [174.44, -41.1097], [174.4401, -41.1096], [174.4401, -41.1097]]], [[[174.4306, -41.1157], [174.4305, -41.1157], [174.4306, -41.1156], [174.4306, -41.1157]]], [[[173.9855, -41.2072], [173.9854, -41.2071], [173.9855, -41.2071], [173.9855, -41.2072]]], [[[173.9135, -40.7401], [173.9134, -40.7401], [173.9135, -40.74], [173.9135, -40.7401]]], [[[173.7654, -40.9244], [173.7653, -40.9244], [173.7653, -40.9243], [173.7654, -40.9244]]], [[[173.9142, -40.7432], [173.914, -40.7432], [173.9142, -40.7432], [173.9142, -40.7432]]], [[[174.4467, -41.1004], [174.4465, -41.1003], [174.4466, -41.1003], [174.4467, -41.1004]]], [[[173.9716, -40.6816], [173.9717, -40.6815], [173.9717, -40.6815], [173.9716, -40.6816]]], [[[173.8938, -40.8631], [173.8937, -40.863], [173.8938, -40.863], [173.8938, -40.8631]]], [[[174.4405, -41.1092], [174.4405, -41.1091], [174.4406, -41.1092], [174.4405, -41.1092]]], [[[174.4395, -41.106], [174.4394, -41.1059], [174.4395, -41.106], [174.4395, -41.106]]], [[[174.4341, -41.1115], [174.434, -41.1115], [174.4342, -41.1115], [174.4341, -41.1115]]], [[[174.4406, -41.109], [174.4405, -41.1089], [174.4406, -41.1089], [174.4406, -41.109]]], [[[173.9127, -40.7416], [173.9126, -40.7415], [173.9126, -40.7415], [173.9127, -40.7416]]], [[[173.9137, -40.7404], [173.9138, -40.7402], [173.9139, -40.7402], [173.9137, -40.7404]]], [[[173.7623, -40.9201], [173.7622, -40.92], [173.7624, -40.92], [173.7623, -40.9201]]], [[[174.4325, -41.1111], [174.4324, -41.111], [174.4325, -41.111], [174.4325, -41.1111]]], [[[173.9718, -40.6815], [173.9718, -40.6814], [173.972, -40.6814], [173.9718, -40.6815]]], [[[174.4457, -41.1009], [174.4458, -41.101], [174.4458, -41.1011], [174.4457, -41.1009]]], [[[173.9579, -41.2058], [173.9579, -41.2059], [173.9578, -41.2058], [173.9579, -41.2058]]], [[[173.7624, -40.9203], [173.7624, -40.9201], [173.7625, -40.9202], [173.7624, -40.9203]]], [[[174.0357, -40.9907], [174.0357, -40.9907], [174.0357, -40.9906], [174.0357, -40.9907]]], [[[173.9732, -40.6949], [173.9731, -40.6948], [173.9732, -40.6947], [173.9732, -40.6949]]], [[[173.9729, -40.6951], [173.9728, -40.6951], [173.9729, -40.695], [173.9729, -40.6951]]], [[[173.9138, -40.743], [173.9136, -40.7429], [173.9137, -40.7429], [173.9138, -40.743]]], [[[173.7627, -40.9207], [173.7626, -40.9207], [173.7627, -40.9206], [173.7627, -40.9207]]], [[[174.0728, -41.5374], [174.0729, -41.5376], [174.0728, -41.5376], [174.0728, -41.5374]]], [[[173.7624, -40.9184], [173.7623, -40.9183], [173.7623, -40.9183], [173.7624, -40.9184]]], [[[174.0572, -40.9113], [174.0571, -40.9111], [174.0572, -40.9112], [174.0572, -40.9113]]], [[[173.7853, -40.8945], [173.7852, -40.8944], [173.7853, -40.8944], [173.7853, -40.8945]]], [[[173.9133, -40.7403], [173.9133, -40.7402], [173.9134, -40.7402], [173.9133, -40.7403]]], [[[173.973, -40.6812], [173.9729, -40.6812], [173.9731, -40.6811], [173.973, -40.6812]]], [[[173.7625, -40.9203], [173.7624, -40.9203], [173.7626, -40.9202], [173.7625, -40.9203]]], [[[174.0719, -41.5386], [174.0718, -41.5385], [174.0719, -41.5384], [174.0719, -41.5386]]], [[[173.9735, -40.6942], [173.9733, -40.6943], [173.9735, -40.6941], [173.9735, -40.6942]]], [[[173.9686, -40.7202], [173.9685, -40.7201], [173.9685, -40.72], [173.9686, -40.7202]]], [[[174.4423, -41.1091], [174.442, -41.1091], [174.4421, -41.109], [174.4423, -41.1091]]], [[[173.7622, -40.9223], [173.7623, -40.9223], [173.7622, -40.9224], [173.7622, -40.9223]]], [[[173.9576, -41.206], [173.9575, -41.2059], [173.9577, -41.2059], [173.9576, -41.206]]], [[[174.0712, -41.5375], [174.071, -41.5374], [174.0712, -41.5374], [174.0712, -41.5375]]], [[[173.9327, -40.7253], [173.9326, -40.7252], [173.9328, -40.7252], [173.9327, -40.7253]]], [[[173.9136, -40.7404], [173.9134, -40.7403], [173.9137, -40.7402], [173.9136, -40.7404]]], [[[173.9689, -40.7203], [173.9688, -40.7203], [173.9688, -40.7201], [173.9689, -40.7203]]], [[[173.9141, -40.7446], [173.9142, -40.7444], [173.9142, -40.7445], [173.9141, -40.7446]]], [[[173.9679, -40.7199], [173.9678, -40.7199], [173.9678, -40.7198], [173.9679, -40.7199]]], [[[173.9517, -40.716], [173.9515, -40.716], [173.9517, -40.716], [173.9517, -40.716]]], [[[173.9336, -40.7243], [173.9334, -40.7241], [173.9336, -40.7242], [173.9336, -40.7243]]], [[[173.9142, -40.7447], [173.9143, -40.7445], [173.9144, -40.7445], [173.9142, -40.7447]]], [[[173.7892, -40.8331], [173.7894, -40.8331], [173.7892, -40.8332], [173.7892, -40.8331]]], [[[174.057, -40.9124], [174.0569, -40.9124], [174.0571, -40.9123], [174.057, -40.9124]]], [[[173.7627, -40.9209], [173.7626, -40.9208], [173.7628, -40.9208], [173.7627, -40.9209]]], [[[173.9729, -40.695], [173.9729, -40.6948], [173.973, -40.6949], [173.9729, -40.695]]], [[[173.9125, -40.7426], [173.9124, -40.7425], [173.9125, -40.7424], [173.9125, -40.7426]]], [[[173.8697, -40.8849], [173.8696, -40.8848], [173.8698, -40.8847], [173.8697, -40.8849]]], [[[173.8421, -40.7503], [173.8421, -40.7504], [173.8419, -40.7501], [173.8421, -40.7503]]], [[[174.0622, -40.8991], [174.0621, -40.8993], [174.062, -40.8991], [174.0622, -40.8991]]], [[[174.4296, -41.1144], [174.4297, -41.1142], [174.4299, -41.1142], [174.4296, -41.1144]]], [[[174.0607, -40.9008], [174.0606, -40.9006], [174.0608, -40.9007], [174.0607, -40.9008]]], [[[173.9142, -40.7442], [173.914, -40.7444], [173.914, -40.7443], [173.9142, -40.7442]]], [[[174.4418, -41.11], [174.4419, -41.1102], [174.4416, -41.1101], [174.4418, -41.11]]], [[[174.0625, -40.899], [174.0623, -40.8989], [174.0625, -40.8989], [174.0625, -40.899]]], [[[174.0706, -41.5388], [174.0704, -41.5388], [174.0707, -41.5387], [174.0706, -41.5388]]], [[[174.0356, -40.991], [174.0354, -40.991], [174.0355, -40.9909], [174.0356, -40.991]]], [[[173.9511, -40.7163], [173.951, -40.7162], [173.9511, -40.7161], [173.9511, -40.7163]]], [[[173.9694, -40.6813], [173.9694, -40.6811], [173.9696, -40.6811], [173.9694, -40.6813]]], [[[174.0752, -41.5374], [174.075, -41.5375], [174.0751, -41.5373], [174.0752, -41.5374]]], [[[173.766, -40.9268], [173.7658, -40.9266], [173.7659, -40.9266], [173.766, -40.9268]]], [[[173.9717, -40.6817], [173.9714, -40.6819], [173.9714, -40.6817], [173.9717, -40.6817]]], [[[173.9165, -40.8604], [173.9161, -40.8603], [173.9165, -40.8603], [173.9165, -40.8604]]], [[[173.933, -40.7256], [173.933, -40.7256], [173.9333, -40.7254], [173.933, -40.7256]]], [[[174.0767, -41.5345], [174.0765, -41.5343], [174.0767, -41.5343], [174.0767, -41.5345]]], [[[174.4416, -41.1097], [174.4415, -41.1098], [174.4411, -41.1099], [174.4416, -41.1097]]], [[[174.0922, -40.8919], [174.0923, -40.8917], [174.0923, -40.8918], [174.0922, -40.8919]]], [[[173.8935, -40.7564], [173.8932, -40.7564], [173.8935, -40.7563], [173.8935, -40.7564]]], [[[174.1096, -40.8819], [174.1096, -40.8817], [174.1097, -40.8818], [174.1096, -40.8819]]], [[[174.0844, -41.5397], [174.0841, -41.5396], [174.0841, -41.5395], [174.0844, -41.5397]]], [[[174.4327, -41.114], [174.4327, -41.1142], [174.4325, -41.114], [174.4327, -41.114]]], [[[173.861, -40.892], [173.8609, -40.8922], [173.8608, -40.8921], [173.861, -40.892]]], [[[173.9718, -40.6818], [173.9718, -40.6821], [173.9716, -40.6819], [173.9718, -40.6818]]], [[[174.0358, -40.9909], [174.0359, -40.9907], [174.036, -40.9908], [174.0358, -40.9909]]], [[[174.4412, -41.1105], [174.4414, -41.1102], [174.4416, -41.1102], [174.4412, -41.1105]]], [[[173.8549, -40.8995], [173.8548, -40.8993], [173.855, -40.8993], [173.8549, -40.8995]]], [[[174.1096, -40.8822], [174.1095, -40.8821], [174.1097, -40.882], [174.1096, -40.8822]]], [[[173.9142, -40.7417], [173.9139, -40.7418], [173.9144, -40.7415], [173.9142, -40.7417]]], [[[173.9137, -40.7386], [173.9134, -40.7387], [173.9135, -40.7385], [173.9137, -40.7386]]], [[[174.0706, -40.8978], [174.0705, -40.8977], [174.0708, -40.8976], [174.0706, -40.8978]]], [[[173.7887, -40.833], [173.789, -40.8332], [173.7888, -40.8333], [173.7887, -40.833]]], [[[173.9858, -41.2074], [173.9856, -41.2073], [173.9859, -41.2073], [173.9858, -41.2074]]], [[[174.077, -41.5349], [174.0768, -41.5347], [174.0771, -41.5347], [174.077, -41.5349]]], [[[173.7618, -40.9234], [173.7617, -40.9236], [173.7616, -40.9234], [173.7618, -40.9234]]], [[[174.0832, -41.5345], [174.083, -41.5343], [174.0832, -41.5343], [174.0832, -41.5345]]], [[[173.7619, -40.9173], [173.7615, -40.9173], [173.7619, -40.9171], [173.7619, -40.9173]]], [[[173.8922, -40.8633], [173.8922, -40.863], [173.8923, -40.8631], [173.8922, -40.8633]]], [[[174.0829, -41.5341], [174.0826, -41.5338], [174.0828, -41.5339], [174.0829, -41.5341]]], [[[174.0604, -40.9018], [174.0603, -40.9016], [174.0605, -40.9016], [174.0604, -40.9018]]], [[[174.3592, -41.0757], [174.3591, -41.0754], [174.3593, -41.0755], [174.3592, -41.0757]]], [[[174.078, -41.5365], [174.0776, -41.5365], [174.078, -41.5364], [174.078, -41.5365]]], [[[173.7652, -40.9242], [173.7652, -40.9244], [173.7649, -40.9242], [173.7652, -40.9242]]], [[[173.956, -40.6902], [173.9561, -40.6902], [173.9557, -40.6905], [173.956, -40.6902]]], [[[174.0731, -41.5369], [174.0728, -41.5371], [174.0732, -41.5367], [174.0731, -41.5369]]], [[[174.0724, -41.5382], [174.0719, -41.5382], [174.0724, -41.538], [174.0724, -41.5382]]], [[[174.1093, -40.8816], [174.1093, -40.8813], [174.1094, -40.8815], [174.1093, -40.8816]]], [[[173.7585, -40.9186], [173.7583, -40.9184], [173.7586, -40.9185], [173.7585, -40.9186]]], [[[173.7896, -40.8352], [173.7895, -40.8355], [173.7894, -40.8353], [173.7896, -40.8352]]], [[[174.0584, -41.5413], [174.0585, -41.5409], [174.0586, -41.5412], [174.0584, -41.5413]]], [[[174.111, -40.8804], [174.111, -40.8801], [174.1112, -40.8803], [174.111, -40.8804]]], [[[174.0939, -40.8915], [174.0937, -40.8912], [174.0939, -40.8913], [174.0939, -40.8915]]], [[[174.4415, -41.1095], [174.441, -41.1097], [174.441, -41.1095], [174.4415, -41.1095]]], [[[174.0825, -41.5397], [174.0823, -41.5396], [174.0824, -41.5394], [174.0825, -41.5397]]], [[[174.0762, -41.5342], [174.0756, -41.5342], [174.0758, -41.5341], [174.0762, -41.5342]]], [[[173.8744, -40.7754], [173.8741, -40.7755], [173.8746, -40.7751], [173.8744, -40.7754]]], [[[174.0751, -41.5382], [174.0748, -41.5382], [174.0752, -41.5379], [174.0751, -41.5382]]], [[[173.9128, -40.7427], [173.9128, -40.743], [173.9125, -40.7427], [173.9128, -40.7427]]], [[[174.0863, -41.5359], [174.0859, -41.5356], [174.0862, -41.5356], [174.0863, -41.5359]]], [[[174.0902, -40.9066], [174.0901, -40.9065], [174.0904, -40.9063], [174.0902, -40.9066]]], [[[173.8871, -40.7607], [173.887, -40.7609], [173.8867, -40.7608], [173.8871, -40.7607]]], [[[173.7468, -40.9375], [173.7465, -40.9374], [173.7466, -40.937], [173.7468, -40.9375]]], [[[174.0568, -40.913], [174.0568, -40.9129], [174.0572, -40.9128], [174.0568, -40.913]]], [[[174.0429, -41.0026], [174.0427, -41.0024], [174.0428, -41.0023], [174.0429, -41.0026]]], [[[174.0866, -41.5377], [174.0862, -41.5378], [174.0864, -41.5375], [174.0866, -41.5377]]], [[[174.0885, -41.5344], [174.0879, -41.5344], [174.0883, -41.5343], [174.0885, -41.5344]]], [[[173.7558, -41.0968], [173.7557, -41.097], [173.7554, -41.0972], [173.7558, -41.0968]]], [[[174.0837, -41.54], [174.083, -41.5402], [174.0833, -41.5399], [174.0837, -41.54]]], [[[174.3594, -41.0757], [174.3597, -41.0758], [174.3593, -41.0759], [174.3594, -41.0757]]], [[[173.7883, -40.833], [173.7885, -40.8333], [173.7881, -40.8333], [173.7883, -40.833]]], [[[174.4404, -41.1085], [174.4409, -41.1086], [174.4405, -41.1088], [174.4404, -41.1085]]], [[[174.0713, -41.5392], [174.071, -41.5393], [174.0707, -41.5389], [174.0713, -41.5392]]], [[[174.4344, -41.1118], [174.4339, -41.1118], [174.4343, -41.1116], [174.4344, -41.1118]]], [[[174.0684, -41.55], [174.0682, -41.55], [174.0682, -41.5496], [174.0684, -41.55]]], [[[174.307, -41.1029], [174.3067, -41.1028], [174.3072, -41.1027], [174.307, -41.1029]]], [[[173.7632, -40.9183], [173.763, -40.9182], [173.7634, -40.918], [173.7632, -40.9183]]], [[[174.4338, -41.112], [174.4332, -41.1119], [174.4337, -41.1118], [174.4338, -41.112]]], [[[173.9739, -40.6952], [173.974, -40.6953], [173.9731, -40.6953], [173.9739, -40.6952]]], [[[173.7814, -40.8263], [173.7813, -40.8259], [173.7815, -40.8261], [173.7814, -40.8263]]], [[[173.9561, -40.6903], [173.9561, -40.6906], [173.9557, -40.6907], [173.9561, -40.6903]]], [[[174.1099, -40.8819], [174.1098, -40.8817], [174.1099, -40.8813], [174.1099, -40.8819]]], [[[174.4323, -41.1143], [174.4325, -41.1144], [174.4319, -41.1146], [174.4323, -41.1143]]], [[[174.0722, -41.5377], [174.072, -41.5381], [174.0718, -41.5378], [174.0722, -41.5377]]], [[[174.0726, -41.5384], [174.0726, -41.5387], [174.0721, -41.5385], [174.0726, -41.5384]]], [[[173.765, -40.9245], [173.7648, -40.9249], [173.7646, -40.9247], [173.765, -40.9245]]], [[[173.9572, -41.2065], [173.9571, -41.2064], [173.9574, -41.206], [173.9572, -41.2065]]], [[[174.3601, -41.0757], [174.3598, -41.076], [174.3598, -41.0757], [174.3601, -41.0757]]], [[[174.0744, -41.5335], [174.0744, -41.5338], [174.0741, -41.5335], [174.0744, -41.5335]]], [[[174.0709, -41.549], [174.0705, -41.5491], [174.0708, -41.5487], [174.0709, -41.549]]], [[[174.074, -41.5347], [174.0735, -41.5345], [174.0741, -41.5345], [174.074, -41.5347]]], [[[173.7676, -40.9284], [173.7672, -40.9282], [173.7674, -40.9278], [173.7676, -40.9284]]], [[[174.0874, -41.5387], [174.0866, -41.5383], [174.0866, -41.5381], [174.0874, -41.5387]]], [[[173.8446, -40.7496], [173.8445, -40.75], [173.8443, -40.7496], [173.8446, -40.7496]]], [[[174.3613, -41.0775], [174.361, -41.0776], [174.3612, -41.0771], [174.3613, -41.0775]]], [[[173.9323, -40.7248], [173.9327, -40.7251], [173.9325, -40.7252], [173.9323, -40.7248]]], [[[174.0601, -41.5375], [174.0599, -41.5376], [174.0603, -41.537], [174.0601, -41.5375]]], [[[174.0771, -41.5374], [174.0769, -41.5373], [174.0772, -41.537], [174.0771, -41.5374]]], [[[173.7876, -41.1068], [173.7875, -41.107], [173.7871, -41.1068], [173.7876, -41.1068]]], [[[174.0867, -41.5388], [174.0872, -41.5391], [174.0864, -41.5384], [174.0867, -41.5388]]], [[[174.0878, -41.533], [174.0875, -41.533], [174.0877, -41.5325], [174.0878, -41.533]]], [[[173.9334, -40.7245], [173.9338, -40.7247], [173.9336, -40.725], [173.9334, -40.7245]]], [[[174.0874, -41.5324], [174.0871, -41.532], [174.0875, -41.5322], [174.0874, -41.5324]]], [[[173.7619, -40.9186], [173.7618, -40.9182], [173.7621, -40.9184], [173.7619, -40.9186]]], [[[174.0336, -40.993], [174.0332, -40.9936], [174.0331, -40.9933], [174.0336, -40.993]]], [[[173.9658, -40.7024], [173.9657, -40.7022], [173.966, -40.702], [173.9658, -40.7024]]], [[[173.9957, -40.7436], [173.9962, -40.7437], [173.9957, -40.7438], [173.9957, -40.7436]]], [[[174.3268, -41.1072], [174.3271, -41.1071], [174.3267, -41.1075], [174.3268, -41.1072]]], [[[173.8426, -40.751], [173.8427, -40.7513], [173.8421, -40.7511], [173.8426, -40.751]]], [[[174.0746, -41.5391], [174.0744, -41.5388], [174.0749, -41.5384], [174.0746, -41.5391]]], [[[174.0571, -40.9117], [174.0568, -40.9116], [174.0573, -40.9114], [174.0571, -40.9117]]], [[[174.0849, -41.541], [174.0851, -41.5408], [174.086, -41.5405], [174.0849, -41.541]]], [[[173.9506, -40.7164], [173.9508, -40.7165], [173.9506, -40.7171], [173.9506, -40.7164]]], [[[174.4416, -41.1014], [174.4406, -41.1017], [174.4413, -41.1012], [174.4416, -41.1014]]], [[[174.0568, -40.9128], [174.0567, -40.9126], [174.0573, -40.9125], [174.0568, -40.9128]]], [[[173.8292, -40.763], [173.8289, -40.7627], [173.8294, -40.7625], [173.8292, -40.763]]], [[[173.9745, -40.6946], [173.9741, -40.6948], [173.9742, -40.6944], [173.9745, -40.6946]]], [[[174.3609, -41.0773], [174.3605, -41.077], [174.361, -41.0767], [174.3609, -41.0773]]], [[[173.9138, -40.7438], [173.914, -40.7442], [173.9135, -40.7441], [173.9138, -40.7438]]], [[[174.0573, -40.9123], [174.057, -40.9121], [174.0575, -40.9118], [174.0573, -40.9123]]], [[[173.9724, -40.6795], [173.9718, -40.68], [173.9718, -40.6795], [173.9724, -40.6795]]], [[[173.7891, -40.8352], [173.7892, -40.8356], [173.7886, -40.8352], [173.7891, -40.8352]]], [[[174.0789, -41.5362], [174.0776, -41.5361], [174.078, -41.5359], [174.0789, -41.5362]]], [[[173.7626, -40.9176], [173.7628, -40.9181], [173.7624, -40.9182], [173.7626, -40.9176]]], [[[174.1103, -40.881], [174.1101, -40.8807], [174.1106, -40.8804], [174.1103, -40.881]]], [[[173.8705, -40.7272], [173.8701, -40.7269], [173.8705, -40.7266], [173.8705, -40.7272]]], [[[174.0747, -41.5357], [174.0741, -41.5359], [174.0734, -41.5358], [174.0747, -41.5357]]], [[[173.7663, -40.8832], [173.7658, -40.883], [173.7662, -40.8826], [173.7663, -40.8832]]], [[[174.0745, -41.5398], [174.0737, -41.5394], [174.074, -41.539], [174.0745, -41.5398]]], [[[173.7659, -40.8813], [173.7662, -40.8817], [173.7655, -40.8815], [173.7659, -40.8813]]], [[[173.9729, -40.6816], [173.9722, -40.682], [173.9718, -40.6818], [173.9729, -40.6816]]], [[[173.8296, -40.7617], [173.8293, -40.7624], [173.8292, -40.762], [173.8296, -40.7617]]], [[[173.9634, -40.6978], [173.9633, -40.6981], [173.9627, -40.6981], [173.9634, -40.6978]]], [[[174.058, -41.542], [174.0579, -41.5413], [174.0585, -41.5416], [174.058, -41.542]]], [[[174.0685, -41.5476], [174.068, -41.5476], [174.0699, -41.5473], [174.0685, -41.5476]]], [[[174.4327, -41.1117], [174.4323, -41.112], [174.4317, -41.1118], [174.4327, -41.1117]]], [[[173.7684, -40.8908], [173.7686, -40.8914], [173.768, -40.891], [173.7684, -40.8908]]], [[[174.0933, -40.8915], [174.0927, -40.8912], [174.0933, -40.891], [174.0933, -40.8915]]], [[[173.9478, -40.6897], [173.9474, -40.6902], [173.9473, -40.6898], [173.9478, -40.6897]]], [[[174.0546, -40.9142], [174.0548, -40.9145], [174.0542, -40.9147], [174.0546, -40.9142]]], [[[173.9607, -40.7365], [173.9602, -40.7368], [173.9602, -40.7362], [173.9607, -40.7365]]], [[[173.7702, -40.9289], [173.7708, -40.9291], [173.7701, -40.9285], [173.7702, -40.9289]]], [[[173.9135, -40.7432], [173.9138, -40.7437], [173.9131, -40.7435], [173.9135, -40.7432]]], [[[173.7609, -40.9115], [173.7604, -40.9111], [173.7609, -40.9107], [173.7609, -40.9115]]], [[[174.0721, -41.5391], [174.0715, -41.5388], [174.071, -41.5376], [174.0721, -41.5391]]], [[[174.3094, -41.2185], [174.3085, -41.2184], [174.3089, -41.218], [174.3094, -41.2185]]], [[[173.9138, -40.7422], [173.9143, -40.7421], [173.9136, -40.7429], [173.9138, -40.7422]]], [[[173.9569, -40.6914], [173.9567, -40.692], [173.9563, -40.6919], [173.9569, -40.6914]]], [[[174.0914, -40.9073], [174.0914, -40.9067], [174.092, -40.9067], [174.0914, -40.9073]]], [[[173.9719, -40.6807], [173.9723, -40.681], [173.9713, -40.6816], [173.9719, -40.6807]]], [[[173.9492, -40.6887], [173.9485, -40.6895], [173.9483, -40.6892], [173.9492, -40.6887]]], [[[174.0754, -41.5342], [174.0761, -41.5347], [174.0748, -41.5344], [174.0754, -41.5342]]], [[[174.3243, -41.2114], [174.3248, -41.2117], [174.3244, -41.2121], [174.3243, -41.2114]]], [[[174.441, -41.108], [174.4402, -41.1084], [174.4404, -41.1079], [174.441, -41.108]]], [[[173.8939, -40.7566], [173.8943, -40.7572], [173.8932, -40.7568], [173.8939, -40.7566]]], [[[174.0655, -41.5357], [174.0655, -41.5353], [174.0663, -41.5351], [174.0655, -41.5357]]], [[[174.0564, -40.9137], [174.0553, -40.9141], [174.0564, -40.9133], [174.0564, -40.9137]]], [[[174.306, -41.1033], [174.305, -41.1037], [174.306, -41.103], [174.306, -41.1033]]], [[[173.9678, -40.7202], [173.9681, -40.7206], [173.9667, -40.7206], [173.9678, -40.7202]]], [[[173.9248, -40.7444], [173.9243, -40.7452], [173.9241, -40.7444], [173.9248, -40.7444]]], [[[174.0751, -41.535], [174.074, -41.5351], [174.0745, -41.5346], [174.0751, -41.535]]], [[[174.1414, -40.8817], [174.1412, -40.8823], [174.1402, -40.8821], [174.1414, -40.8817]]], [[[174.2759, -41.1005], [174.2762, -41.0983], [174.2765, -41.0989], [174.2759, -41.1005]]], [[[174.3263, -41.1066], [174.3256, -41.1065], [174.3264, -41.1062], [174.3263, -41.1066]]], [[[173.7624, -40.9206], [173.7621, -40.9214], [173.7616, -40.9209], [173.7624, -40.9206]]], [[[173.8495, -40.7468], [173.8506, -40.7474], [173.8501, -40.7476], [173.8495, -40.7468]]], [[[173.8691, -40.8963], [173.8697, -40.8968], [173.8687, -40.8968], [173.8691, -40.8963]]], [[[173.9174, -40.8422], [173.9164, -40.8429], [173.9166, -40.8421], [173.9174, -40.8422]]], [[[174.0819, -41.5354], [174.0815, -41.5353], [174.0828, -41.5347], [174.0819, -41.5354]]], [[[174.0702, -41.5486], [174.0695, -41.5494], [174.0687, -41.5489], [174.0702, -41.5486]]], [[[173.914, -40.7405], [173.9138, -40.7413], [173.9127, -40.7414], [173.914, -40.7405]]], [[[173.7763, -40.9242], [173.7761, -40.9252], [173.7756, -40.9246], [173.7763, -40.9242]]], [[[174.0353, -40.9911], [174.0334, -40.9929], [174.0339, -40.9918], [174.0353, -40.9911]]], [[[174.064, -41.5496], [174.0627, -41.5499], [174.0636, -41.5491], [174.064, -41.5496]]], [[[173.6538, -41.055], [173.6552, -41.0558], [173.6536, -41.0557], [173.6538, -41.055]]], [[[174.3114, -41.2157], [174.3111, -41.2162], [174.3097, -41.2153], [174.3114, -41.2157]]], [[[174.4402, -41.1052], [174.4395, -41.1059], [174.4393, -41.1048], [174.4402, -41.1052]]], [[[173.9133, -40.7388], [173.9139, -40.7394], [173.9129, -40.7401], [173.9133, -40.7388]]], [[[174.0234, -41.1723], [174.0223, -41.1715], [174.0222, -41.1708], [174.0234, -41.1723]]], [[[174.2159, -41.2436], [174.2152, -41.2445], [174.2143, -41.2443], [174.2159, -41.2436]]], [[[173.9929, -40.8457], [173.9928, -40.8465], [173.992, -40.846], [173.9929, -40.8457]]], [[[174.0146, -41.2683], [174.0149, -41.2694], [174.0138, -41.2687], [174.0146, -41.2683]]], [[[173.8428, -40.7492], [173.8432, -40.7497], [173.8428, -40.7509], [173.8428, -40.7492]]], [[[173.824, -40.7811], [173.8227, -40.781], [173.8225, -40.7803], [173.824, -40.7811]]], [[[174.0013, -40.8273], [174.0007, -40.8267], [174.0017, -40.8263], [174.0013, -40.8273]]], [[[174.3249, -41.2111], [174.3236, -41.2112], [174.3241, -41.2105], [174.3249, -41.2111]]], [[[173.7623, -40.9121], [173.7611, -40.9126], [173.7616, -40.9115], [173.7623, -40.9121]]], [[[174.0869, -41.5346], [174.0894, -41.535], [174.0886, -41.5353], [174.0869, -41.5346]]], [[[174.2371, -41.2004], [174.2362, -41.1988], [174.237, -41.199], [174.2371, -41.2004]]], [[[174.3161, -41.2137], [174.3168, -41.2142], [174.3147, -41.2144], [174.3161, -41.2137]]], [[[174.0467, -41.0018], [174.0482, -41.0023], [174.0452, -41.0021], [174.0467, -41.0018]]], [[[173.8971, -40.8886], [173.8976, -40.8879], [173.8991, -40.8878], [173.8971, -40.8886]]], [[[173.9503, -40.6909], [173.95, -40.6919], [173.9486, -40.6925], [173.9503, -40.6909]]], [[[173.7604, -40.9158], [173.7608, -40.9165], [173.7594, -40.9166], [173.7604, -40.9158]]], [[[174.0607, -41.2357], [174.0616, -41.2365], [174.0598, -41.2363], [174.0607, -41.2357]]], [[[173.7812, -40.8264], [173.7818, -40.827], [173.781, -40.828], [173.7812, -40.8264]]], [[[173.7808, -40.9467], [173.7793, -40.9485], [173.7784, -40.9484], [173.7808, -40.9467]]], [[[173.7713, -40.8965], [173.771, -40.8993], [173.7706, -40.8984], [173.7713, -40.8965]]], [[[174.3332, -41.2051], [174.3333, -41.2059], [174.3315, -41.2062], [174.3332, -41.2051]]], [[[174.3089, -41.1021], [174.3073, -41.1024], [174.3089, -41.1008], [174.3089, -41.1021]]], [[[174.055, -40.9032], [174.0566, -40.904], [174.0545, -40.904], [174.055, -40.9032]]], [[[173.8937, -40.7295], [173.8936, -40.7285], [173.8948, -40.7282], [173.8937, -40.7295]]], [[[173.9701, -40.7843], [173.9719, -40.7855], [173.9701, -40.7852], [173.9701, -40.7843]]], [[[173.8724, -40.9645], [173.8723, -40.9655], [173.8704, -40.9659], [173.8724, -40.9645]]], [[[174.1329, -41.331], [174.1359, -41.3316], [174.1324, -41.3319], [174.1329, -41.331]]], [[[174.0947, -41.5356], [174.0942, -41.5361], [174.0932, -41.5331], [174.0947, -41.5356]]], [[[173.7813, -40.9436], [173.7824, -40.9437], [173.7816, -40.9465], [173.7813, -40.9436]]], [[[174.0566, -41.5075], [174.0526, -41.5069], [174.0558, -41.5064], [174.0566, -41.5075]]], [[[173.8272, -40.7546], [173.8274, -40.7573], [173.826, -40.7553], [173.8272, -40.7546]]], [[[174.4426, -41.1021], [174.4398, -41.1044], [174.4403, -41.1025], [174.4426, -41.1021]]], [[[173.8068, -41.0518], [173.8079, -41.0523], [173.8064, -41.0544], [173.8068, -41.0518]]], [[[173.9791, -41.1097], [173.9749, -41.1115], [173.9799, -41.1082], [173.9791, -41.1097]]], [[[174.3262, -41.1129], [174.3299, -41.1152], [174.3265, -41.1143], [174.3262, -41.1129]]], [[[174.1066, -41.5331], [174.1094, -41.5342], [174.1049, -41.5342], [174.1066, -41.5331]]], [[[174.3639, -41.2046], [174.3649, -41.2007], [174.366, -41.2025], [174.3639, -41.2046]]], [[[174.4323, -41.1121], [174.433, -41.1138], [174.4286, -41.1163], [174.4323, -41.1121]]], [[[173.6411, -41.0396], [173.642, -41.0438], [173.6385, -41.0408], [173.6411, -41.0396]]], [[[173.9165, -40.7342], [173.9125, -40.7386], [173.9111, -40.7363], [173.9165, -40.7342]]], [[[174.055, -41.2347], [174.0588, -41.2356], [174.0573, -41.2391], [174.055, -41.2347]]], [[[173.9978, -40.8356], [174.0035, -40.8378], [173.9963, -40.8413], [173.9978, -40.8356]]], [[[174.0737, -41.5179], [174.0722, -41.5214], [174.0665, -41.5166], [174.0737, -41.5179]]], [[[174.1016, -41.5322], [174.0968, -41.5342], [174.0929, -41.5301], [174.1016, -41.5322]]], [[[173.6624, -41.0367], [173.6619, -41.0436], [173.6577, -41.0428], [173.6624, -41.0367]]], [[[173.8007, -41.046], [173.8037, -41.051], [173.7949, -41.0508], [173.8007, -41.046]]], [[[174.1381, -40.9487], [174.1462, -40.9524], [174.1327, -40.9519], [174.1381, -40.9487]]], [[[173.8004, -41.0601], [173.8, -41.0689], [173.7938, -41.0707], [173.8004, -41.0601]]], [[[173.9901, -40.7591], [173.9947, -40.7453], [173.9957, -40.7536], [173.9901, -40.7591]]], [[[174.2806, -41.0838], [174.2763, -41.0981], [174.2708, -41.0972], [174.2806, -41.0838]]], [[[174.0299, -41.1848], [174.033, -41.1911], [174.0156, -41.19], [174.0299, -41.1848]]], [[[173.9864, -40.7613], [173.9871, -40.7809], [173.9765, -40.7667], [173.9864, -40.7613]]], [[[174.104, -40.8838], [174.1113, -40.896], [174.106, -40.8994], [174.096, -40.8912], [174.104, -40.8838]]], [[[173.9738, -40.7688], [173.9706, -40.7836], [173.9624, -40.78], [173.9738, -40.7688]]], [[[174.2788, -41.1575], [174.29, -41.1551], [174.2897, -41.165], [174.2738, -41.1632], [174.2788, -41.1575]]], [[[174.3, -41.1085], [174.2671, -41.1327], [174.2801, -41.1138], [174.3, -41.1085]]], [[[174.0738, -41.5244], [174.0899, -41.5269], [174.0889, -41.5341], [174.0835, -41.5285], [174.0819, -41.5347], [174.0694, -41.5347], [174.0738, -41.5244]]], [[[173.999, -40.6638], [174.0092, -40.6699], [173.9863, -40.6772], [173.999, -40.6638]]], [[[174.0857, -40.8889], [174.0852, -40.9006], [174.0713, -40.9003], [174.0572, -40.911], [174.0618, -40.8995], [174.0857, -40.8889]]], [[[173.9074, -41.016], [173.8945, -41.0269], [173.9119, -41.0337], [173.9076, -41.0405], [173.8935, -41.0295], [173.8829, -41.0364], [173.8702, -41.0291], [173.9074, -41.016]]], [[[174.2383, -41.1591], [174.2449, -41.1582], [174.2544, -41.1792], [174.2214, -41.1902], [174.2383, -41.1591]]], [[[174.08, -40.9402], [174.0775, -40.9568], [174.0875, -40.9699], [174.0761, -40.97], [174.0742, -40.9855], [174.0596, -40.9952], [174.0492, -40.9796], [174.0746, -40.9572], [174.0508, -40.952], [174.08, -40.9402]]], [[[174.3814, -41.088], [174.3923, -41.0939], [174.3918, -41.1181], [174.3701, -41.1589], [174.3708, -41.197], [174.359, -41.2001], [174.3435, -41.1917], [174.3233, -41.2107], [174.3105, -41.2011], [174.2955, -41.21], [174.28, -41.2086], [174.262, -41.2262], [174.2473, -41.2224], [174.2586, -41.2291], [174.2539, -41.2366], [174.2312, -41.2361], [174.229, -41.2215], [174.2092, -41.2364], [174.1611, -41.242], [174.1656, -41.2288], [174.1759, -41.2279], [174.1832, -41.2164], [174.196, -41.2188], [174.19, -41.2135], [174.1948, -41.2091], [174.2149, -41.2064], [174.2329, -41.2167], [174.2374, -41.2122], [174.2268, -41.2032], [174.2548, -41.2035], [174.2656, -41.1963], [174.25, -41.1931], [174.258, -41.1816], [174.2882, -41.1826], [174.2831, -41.1751], [174.3027, -41.1625], [174.3212, -41.1612], [174.3121, -41.1771], [174.3415, -41.1766], [174.3329, -41.1684], [174.3647, -41.1558], [174.3745, -41.1252], [174.3391, -41.1468], [174.3254, -41.1439], [174.3247, -41.131], [174.2877, -41.141], [174.3035, -41.1269], [174.3197, -41.1245], [174.3158, -41.118], [174.3308, -41.1299], [174.3575, -41.1178], [174.3804, -41.0987], [174.3814, -41.088]]], [[[173.9564, -40.6928], [173.9677, -40.708], [173.9546, -40.7445], [173.9615, -40.7577], [173.9425, -40.7738], [173.9395, -40.7875], [173.957, -40.7962], [173.9454, -40.7948], [173.9347, -40.8065], [173.9387, -40.8137], [173.9302, -40.8137], [173.9297, -40.8231], [173.9388, -40.8236], [173.9088, -40.8447], [173.905, -40.8566], [173.9155, -40.8605], [173.9123, -40.8686], [173.8956, -40.8778], [173.9065, -40.8722], [173.9073, -40.8615], [173.89, -40.8578], [173.8722, -40.8726], [173.8792, -40.8754], [173.8676, -40.8799], [173.8662, -40.8905], [173.838, -40.9031], [173.8338, -40.9197], [173.8033, -40.9285], [173.7907, -40.9411], [173.7704, -40.9419], [173.795, -40.9077], [173.7887, -40.8965], [173.7983, -40.8898], [173.7843, -40.882], [173.77, -40.8958], [173.7795, -40.884], [173.7718, -40.8664], [173.7815, -40.8343], [173.7909, -40.8406], [173.7914, -40.8577], [173.8201, -40.8563], [173.8268, -40.8706], [173.8265, -40.8615], [173.8341, -40.8696], [173.8453, -40.8627], [173.8354, -40.8585], [173.8414, -40.8501], [173.8361, -40.8457], [173.8497, -40.8369], [173.8342, -40.8431], [173.8285, -40.8564], [173.8096, -40.8487], [173.8156, -40.8382], [173.8124, -40.8291], [173.8052, -40.8302], [173.8078, -40.815], [173.7941, -40.815], [173.8344, -40.7709], [173.8279, -40.7553], [173.8404, -40.7693], [173.8405, -40.7531], [173.8549, -40.7487], [173.8652, -40.7311], [173.8843, -40.7359], [173.8606, -40.7681], [173.8743, -40.7803], [173.8658, -40.8071], [173.8938, -40.7779], [173.9031, -40.7822], [173.9056, -40.8035], [173.911, -40.7804], [173.9266, -40.7838], [173.923, -40.7759], [173.9331, -40.769], [173.9209, -40.7645], [173.9066, -40.7742], [173.8955, -40.7663], [173.8837, -40.7687], [173.918, -40.7471], [173.9385, -40.7463], [173.9426, -40.7336], [173.9362, -40.7277], [173.956, -40.7218], [173.9515, -40.7163], [173.959, -40.7108], [173.9508, -40.705], [173.9564, -40.6928]]], [[[174.0636, -41.5525], [174.0762, -41.5548], [174.0795, -41.537], [174.0897, -41.5451], [174.0805, -41.5511], [174.0891, -41.5595], [174.1115, -41.5568], [174.1261, -41.5456], [174.0648, -41.5126], [174.062, -41.501], [174.1485, -41.5572], [174.1494, -41.5793], [174.1663, -41.6051], [174.1565, -41.6572], [174.1793, -41.7079], [174.2115, -41.7277], [174.2232, -41.7232], [174.2639, -41.7343], [174.2763, -41.7269], [174.275, -41.743], [174.2181, -41.792], [174.2129, -41.8134], [174.1936, -41.8274], [174.1965, -41.8365], [174.1614, -41.8625], [174.1613, -41.8715], [174.1068, -41.9129], [174.0829, -41.9452], [174.0477, -41.9682], [174.0603, -41.9544], [174.0575, -41.9392], [174.0634, -41.9347], [174.0292, -41.9312], [174.0196, -41.9395], [174.0036, -41.9321], [173.9772, -41.9334], [173.9794, -41.9256], [173.9653, -41.9229], [173.9591, -41.9085], [173.9306, -41.9208], [173.9146, -41.9152], [173.8512, -41.9331], [173.8173, -41.933], [173.7895, -41.9582], [173.7669, -41.9218], [173.754, -41.9145], [173.7621, -41.9119], [173.7368, -41.9113], [173.7143, -41.9405], [173.7202, -41.9608], [173.6632, -41.9821], [173.6628, -41.9959], [173.6381, -42.0094], [173.6097, -42.0045], [173.5945, -42.0293], [173.5713, -42.033], [173.5551, -42.0459], [173.5468, -42.0698], [173.5177, -42.0694], [173.4991, -42.0787], [173.484, -42.0994], [173.4865, -42.1104], [173.4631, -42.1178], [173.484, -42.1815], [173.464, -42.1798], [173.4645, -42.1957], [173.4434, -42.2021], [173.437, -42.2142], [173.4222, -42.209], [173.404, -42.2194], [173.3687, -42.224], [173.3732, -42.2368], [173.3511, -42.2427], [173.3415, -42.2279], [173.3333, -42.2466], [173.2965, -42.248], [173.302, -42.2563], [173.2959, -42.2658], [173.2445, -42.3031], [173.2072, -42.3171], [173.205, -42.334], [173.1839, -42.3361], [173.1807, -42.3464], [173.2259, -42.3463], [173.2433, -42.3561], [173.2238, -42.3567], [173.2207, -42.3801], [173.2091, -42.3831], [173.1901, -42.4104], [173.1643, -42.4185], [173.1509, -42.4504], [173.1063, -42.4477], [173.0958, -42.4608], [173.0761, -42.4609], [173.0692, -42.4807], [173.0533, -42.4881], [173.0358, -42.4835], [173.0333, -42.4583], [173.0145, -42.4463], [172.9991, -42.4524], [172.9695, -42.4487], [173.0029, -42.3933], [172.9745, -42.3953], [172.9414, -42.3778], [172.9438, -42.3513], [172.9196, -42.3459], [172.922, -42.3258], [172.914, -42.3085], [172.8695, -42.3177], [172.847, -42.3081], [172.8423, -42.2896], [172.8635, -42.2562], [172.8266, -42.2482], [172.8227, -42.2087], [172.8321, -42.1845], [172.8069, -42.1895], [172.7958, -42.1796], [172.7938, -42.1617], [172.7496, -42.1724], [172.7216, -42.1587], [172.7188, -42.1395], [172.726, -42.1348], [172.7187, -42.1113], [172.7353, -42.0579], [172.733, -42.0344], [172.7571, -42.036], [172.7733, -42.0222], [172.7833, -42.0089], [172.779, -41.9981], [172.8094, -41.975], [172.8081, -41.9581], [172.8462, -41.9434], [172.8611, -41.9225], [172.8646, -41.9077], [172.8447, -41.8909], [172.8476, -41.8743], [172.8677, -41.8666], [172.8725, -41.844], [172.891, -41.8183], [172.9457, -41.7809], [172.9391, -41.7726], [172.9444, -41.7661], [172.9331, -41.7692], [172.926, -41.7484], [172.9579, -41.7495], [173.0038, -41.7248], [173.0574, -41.6685], [173.0588, -41.6256], [173.0893, -41.6242], [173.1035, -41.6103], [173.1215, -41.608], [173.1321, -41.5897], [173.1516, -41.5855], [173.1746, -41.5425], [173.1724, -41.5241], [173.1863, -41.5288], [173.2156, -41.5182], [173.2493, -41.5245], [173.2987, -41.5156], [173.3041, -41.5059], [173.2508, -41.4666], [173.2949, -41.4256], [173.285, -41.4027], [173.2974, -41.3931], [173.3375, -41.3855], [173.3607, -41.3532], [173.4068, -41.331], [173.4208, -41.3084], [173.4155, -41.2888], [173.4711, -41.2428], [173.4762, -41.2289], [173.5158, -41.2139], [173.5223, -41.1983], [173.5744, -41.1837], [173.5799, -41.1208], [173.5966, -41.0891], [173.5939, -41.0511], [173.6158, -41.0724], [173.6296, -41.07], [173.6366, -41.0789], [173.6252, -41.0917], [173.6268, -41.0842], [173.6211, -41.0872], [173.616, -41.1036], [173.6259, -41.0929], [173.6392, -41.0974], [173.6469, -41.0888], [173.6596, -41.1007], [173.6517, -41.109], [173.6674, -41.1098], [173.6748, -41.1001], [173.6608, -41.0889], [173.6633, -41.0783], [173.7229, -41.0677], [173.7235, -41.0587], [173.7524, -41.0547], [173.7627, -41.0457], [173.7409, -41.0481], [173.7531, -41.0353], [173.7446, -41.0331], [173.7274, -41.0478], [173.7191, -41.0376], [173.7153, -41.0469], [173.6898, -41.0563], [173.6733, -41.0343], [173.7093, -41.0083], [173.7337, -41.0096], [173.7345, -40.9982], [173.7478, -41.0053], [173.767, -40.9735], [173.7773, -40.9902], [173.7977, -40.9843], [173.7856, -40.9682], [173.7938, -40.9626], [173.8054, -40.9717], [173.8117, -40.961], [173.806, -40.9535], [173.8392, -40.9358], [173.8351, -40.9243], [173.8556, -40.9295], [173.8437, -40.9432], [173.8447, -40.9572], [173.8338, -40.9606], [173.8411, -40.9709], [173.8319, -40.9812], [173.8519, -40.9901], [173.8701, -40.9818], [173.8834, -40.9567], [173.8983, -40.9597], [173.9169, -40.9433], [173.9074, -40.9267], [173.9312, -40.9256], [173.9792, -40.8884], [173.9795, -40.9049], [174.023, -40.911], [174.0135, -40.9184], [174.0138, -40.9371], [173.9973, -40.9472], [174.0001, -40.933], [173.988, -40.9251], [173.9893, -40.9098], [173.9698, -40.9135], [173.9568, -40.9229], [173.9619, -40.929], [173.9739, -40.924], [173.9754, -40.9378], [173.97, -40.9472], [173.966, -40.9365], [173.9505, -40.9416], [173.9556, -40.9667], [173.9469, -40.9727], [173.9459, -40.9636], [173.9368, -40.9614], [173.9065, -40.9654], [173.9002, -40.9878], [173.9215, -40.9785], [173.9282, -40.985], [173.9189, -40.996], [173.8949, -40.9992], [173.8907, -41.0077], [173.8765, -41.0023], [173.8628, -41.021], [173.8133, -41.018], [173.8359, -40.9925], [173.8277, -40.9885], [173.8154, -40.9927], [173.8036, -41.0138], [173.7839, -41.0065], [173.7867, -41.0142], [173.7728, -41.0195], [173.7707, -41.0244], [173.7986, -41.0227], [173.7922, -41.0314], [173.8074, -41.0268], [173.8108, -41.0323], [173.7679, -41.0528], [173.7867, -41.057], [173.7746, -41.0708], [173.7815, -41.0735], [173.78, -41.0851], [173.7667, -41.0857], [173.7504, -41.1014], [173.7729, -41.094], [173.754, -41.113], [173.7598, -41.1186], [173.7723, -41.1053], [173.786, -41.1113], [173.7907, -41.1016], [173.7795, -41.0989], [173.7947, -41.0832], [173.7929, -41.0928], [173.8084, -41.0924], [173.8143, -41.0704], [173.8242, -41.071], [173.8177, -41.0625], [173.8319, -41.0526], [173.858, -41.0634], [173.867, -41.0533], [173.8826, -41.0618], [173.893, -41.0546], [173.9508, -41.0623], [173.9053, -41.07], [173.9112, -41.0784], [173.9019, -41.084], [173.9064, -41.0912], [173.8852, -41.0744], [173.8775, -41.0784], [173.8804, -41.086], [173.8691, -41.0789], [173.8692, -41.0907], [173.8577, -41.0978], [173.8886, -41.1004], [173.8834, -41.1212], [173.8612, -41.11], [173.8442, -41.1137], [173.8562, -41.1227], [173.8527, -41.1334], [173.8313, -41.1356], [173.8375, -41.1446], [173.8278, -41.1477], [173.8248, -41.1395], [173.8179, -41.1411], [173.8179, -41.1529], [173.8036, -41.1487], [173.7941, -41.155], [173.7842, -41.146], [173.7777, -41.1528], [173.7889, -41.1592], [173.7781, -41.1554], [173.774, -41.1702], [173.785, -41.1765], [173.7931, -41.165], [173.8483, -41.1521], [173.8489, -41.1615], [173.8289, -41.1728], [173.8578, -41.1686], [173.8655, -41.19], [173.8495, -41.2077], [173.8508, -41.2158], [173.8402, -41.2181], [173.8477, -41.2224], [173.8494, -41.2414], [173.822, -41.2502], [173.7867, -41.2349], [173.8017, -41.2453], [173.8047, -41.2544], [173.7982, -41.2583], [173.7725, -41.2532], [173.7623, -41.2615], [173.7349, -41.2639], [173.7702, -41.274], [173.7703, -41.2807], [173.7711, -41.2738], [173.7711, -41.2869], [173.782, -41.2772], [173.7724, -41.2662], [173.7788, -41.2628], [173.8068, -41.2872], [173.8468, -41.2899], [173.8548, -41.2782], [173.827, -41.2857], [173.8114, -41.2772], [173.8104, -41.2648], [173.8684, -41.2566], [173.8986, -41.234], [173.9271, -41.2244], [173.8812, -41.2294], [173.8597, -41.2268], [173.862, -41.2193], [173.8927, -41.2182], [173.898, -41.2106], [173.9262, -41.2103], [173.9467, -41.2003], [173.9469, -41.211], [173.9367, -41.219], [173.9606, -41.2087], [173.9697, -41.2175], [173.9714, -41.2089], [173.9984, -41.209], [174.0138, -41.1982], [174.0324, -41.2018], [174.0332, -41.1911], [174.0739, -41.1953], [174.0747, -41.1888], [174.0974, -41.1864], [174.1217, -41.1716], [174.0525, -41.1789], [174.0401, -41.1745], [174.0504, -41.1645], [174.0464, -41.1578], [174.0264, -41.1686], [174.0022, -41.17], [174.0106, -41.1787], [173.986, -41.1817], [173.9982, -41.1859], [173.9983, -41.1953], [173.9824, -41.1858], [173.9769, -41.1938], [173.9656, -41.1891], [173.975, -41.1833], [173.9669, -41.1721], [173.9293, -41.1971], [173.8986, -41.1963], [173.8722, -41.2095], [173.8871, -41.1914], [173.881, -41.1782], [173.898, -41.1685], [173.8776, -41.1669], [173.8677, -41.1537], [173.9014, -41.1495], [173.8678, -41.1416], [173.9226, -41.1246], [173.9014, -41.121], [173.9087, -41.1093], [173.9309, -41.1133], [173.9342, -41.1022], [173.9268, -41.0969], [173.9332, -41.0838], [173.9436, -41.0895], [173.9556, -41.0798], [173.9646, -41.0848], [173.9765, -41.0788], [173.9502, -41.1146], [173.9576, -41.1461], [173.9654, -41.1504], [173.9736, -41.1278], [173.9942, -41.1356], [173.9856, -41.1224], [173.9949, -41.1046], [173.9799, -41.1058], [173.9865, -41.0997], [174.0105, -41.0949], [174.0381, -41.1142], [174.0481, -41.1047], [174.0322, -41.0957], [174.0238, -41.0711], [174.0147, -41.0754], [174.0192, -41.0663], [174.0095, -41.0591], [174.0309, -41.0613], [174.0484, -41.0538], [174.0494, -41.021], [174.0342, -41.0266], [174.0382, -41.019], [174.009, -41.0174], [173.9964, -41.0409], [173.9748, -41.0562], [173.9913, -41.0377], [173.9838, -41.0315], [173.9595, -41.0449], [173.9553, -41.0379], [173.9337, -41.0384], [173.9528, -41.0327], [173.9348, -41.0199], [173.95, -41.0126], [173.9559, -41.0217], [173.9885, -41.0157], [173.9688, -41.0035], [173.965, -40.9917], [173.9711, -40.9835], [173.9742, -40.992], [173.995, -40.9953], [174.0026, -40.9851], [173.9906, -40.9823], [173.9957, -40.9689], [174.014, -40.9647], [174.0227, -40.976], [174.0126, -40.9852], [174.0086, -41.0101], [174.0172, -41.008], [174.0238, -41.0161], [174.0328, -41.009], [174.0465, -41.0178], [174.0529, -41.0082], [174.0486, -41.0023], [174.057, -41.0061], [174.0667, -40.9961], [174.0714, -41.0082], [174.0652, -41.014], [174.079, -41.0163], [174.1077, -41.0527], [174.097, -40.995], [174.1085, -40.9937], [174.1313, -41.0188], [174.1413, -41.0199], [174.1477, -41.0107], [174.1422, -40.9979], [174.155, -40.9981], [174.1628, -40.983], [174.148, -40.9787], [174.1559, -40.9686], [174.1706, -40.9806], [174.1727, -41.008], [174.1823, -41.0113], [174.2094, -41.0033], [174.2302, -40.9851], [174.217, -41.0091], [174.1951, -41.012], [174.1992, -41.0399], [174.1898, -41.0425], [174.1835, -41.029], [174.1671, -41.043], [174.1822, -41.0589], [174.2169, -41.0713], [174.2259, -41.0687], [174.2246, -41.0544], [174.2396, -41.049], [174.2413, -41.0406], [174.2604, -41.0439], [174.2716, -41.0289], [174.289, -41.0344], [174.315, -40.9948], [174.3121, -41.0167], [174.2983, -41.0351], [174.2726, -41.0445], [174.2716, -41.0691], [174.2504, -41.0769], [174.2504, -41.0883], [174.2336, -41.0926], [174.2368, -41.1031], [174.2493, -41.1058], [174.2471, -41.1221], [174.2411, -41.1259], [174.225, -41.1115], [174.208, -41.1188], [174.2216, -41.1319], [174.2203, -41.1418], [174.2106, -41.133], [174.1873, -41.1396], [174.1965, -41.1232], [174.1825, -41.1235], [174.1881, -41.0952], [174.1805, -41.0871], [174.1639, -41.1164], [174.1453, -41.1084], [174.148, -41.1275], [174.1662, -41.1356], [174.1592, -41.1496], [174.18, -41.1578], [174.2007, -41.1541], [174.1857, -41.1645], [174.1842, -41.1747], [174.2005, -41.1727], [174.2029, -41.1828], [174.1921, -41.1823], [174.1871, -41.1939], [174.1696, -41.2021], [174.1805, -41.1798], [174.1642, -41.1837], [174.1606, -41.1736], [174.1527, -41.1732], [174.1554, -41.1979], [174.1484, -41.2068], [174.1565, -41.2135], [174.1435, -41.2159], [174.1454, -41.208], [174.1263, -41.2048], [174.1252, -41.1923], [174.1123, -41.2055], [174.1232, -41.2156], [174.1156, -41.2221], [174.102, -41.2192], [174.1053, -41.2092], [174.0933, -41.2015], [174.0934, -41.2106], [174.0849, -41.2122], [174.0887, -41.2251], [174.0754, -41.2292], [174.0773, -41.2222], [174.0636, -41.2229], [174.0744, -41.2104], [174.0612, -41.2051], [174.0551, -41.2164], [174.0448, -41.2118], [174.0473, -41.2227], [174.0396, -41.2308], [174.0316, -41.2095], [174.0208, -41.224], [174.0306, -41.2274], [174.0322, -41.239], [174.019, -41.2392], [174.0162, -41.2269], [174.0093, -41.2397], [174.0091, -41.2239], [173.9991, -41.217], [173.9919, -41.2208], [173.9978, -41.244], [173.9879, -41.2421], [173.9828, -41.2508], [173.9833, -41.2358], [173.975, -41.2341], [173.9803, -41.2282], [173.9702, -41.2233], [173.9704, -41.2315], [173.9661, -41.2227], [173.9717, -41.2539], [173.94, -41.2541], [173.9077, -41.2718], [173.9043, -41.2819], [173.9458, -41.2676], [173.9669, -41.2739], [173.9653, -41.2649], [173.9759, -41.2689], [174.0111, -41.2583], [173.9942, -41.2787], [174.0093, -41.2718], [174.0042, -41.2834], [174.0095, -41.2895], [174.0369, -41.2542], [174.0489, -41.2505], [174.0395, -41.2688], [174.0652, -41.2517], [174.0761, -41.2699], [174.0882, -41.2688], [174.0744, -41.2542], [174.0791, -41.2492], [174.1068, -41.2399], [174.1124, -41.2492], [174.1136, -41.2368], [174.1317, -41.2413], [174.1463, -41.2317], [174.1342, -41.2582], [174.1505, -41.2481], [174.1585, -41.2512], [174.1573, -41.2644], [174.1768, -41.2504], [174.1798, -41.2654], [174.1994, -41.2694], [174.2028, -41.2775], [174.211, -41.2661], [174.1876, -41.2606], [174.1856, -41.25], [174.2018, -41.2437], [174.2112, -41.2564], [174.2197, -41.2522], [174.2179, -41.2446], [174.2254, -41.2517], [174.2316, -41.2455], [174.2426, -41.2512], [174.2463, -41.2444], [174.2553, -41.2499], [174.2536, -41.2605], [174.2662, -41.2522], [174.2548, -41.2437], [174.2767, -41.2443], [174.2717, -41.234], [174.3155, -41.2127], [174.2894, -41.2318], [174.2928, -41.249], [174.2748, -41.2556], [174.2827, -41.2685], [174.2562, -41.2683], [174.2567, -41.2863], [174.2501, -41.2812], [174.2231, -41.2917], [174.242, -41.3099], [174.2385, -41.3196], [174.2248, -41.3148], [174.2133, -41.3254], [174.2012, -41.3101], [174.1904, -41.3166], [174.1978, -41.3303], [174.1916, -41.3369], [174.1676, -41.3356], [174.1529, -41.3395], [174.1552, -41.3499], [174.1234, -41.3515], [174.1311, -41.3392], [174.1473, -41.3338], [174.138, -41.332], [174.1389, -41.3258], [174.1593, -41.3271], [174.1587, -41.3183], [174.1743, -41.3151], [174.1674, -41.3074], [174.1776, -41.3037], [174.1754, -41.2956], [174.1901, -41.2932], [174.1822, -41.2862], [174.1676, -41.2923], [174.1595, -41.2876], [174.1627, -41.2993], [174.1394, -41.3144], [174.1497, -41.2843], [174.1332, -41.2853], [174.1315, -41.2955], [174.1134, -41.2988], [174.1141, -41.3059], [174.1226, -41.306], [174.1094, -41.3185], [174.1085, -41.3331], [174.0981, -41.3324], [174.105, -41.3391], [174.093, -41.3436], [174.0901, -41.3594], [174.0723, -41.3564], [174.0766, -41.3687], [174.0674, -41.3875], [174.0506, -41.3891], [174.0316, -41.4357], [174.0337, -41.4766], [174.0616, -41.5008], [174.0483, -41.508], [174.0578, -41.508], [174.072, -41.524], [174.0692, -41.5328], [174.054, -41.5376], [174.0599, -41.5367], [174.0562, -41.5419], [174.0659, -41.5473], [174.0576, -41.5512], [174.0636, -41.5525]]], [[[174.0102, -41.2903], [174.0142, -41.2883], [174.0113, -41.2885], [174.0102, -41.2903]]]]}, "properties": {"name": "Marlborough", "icps": 1579, "kW": 16789.9, "pct": 6.48}}]}